tree
version=v4
num_class=1
num_tree_per_iteration=1
label_index=0
max_feature_idx=11
objective=regression
feature_names=hist_course_mean_difficulty hist_course_offerings_count hist_course_mean_enrolled hist_subject_mean_difficulty hist_subject_offerings_count hist_professor_mean_difficulty hist_professor_offerings_count global_running_mean_difficulty credits subject course_level session
feature_infos=[0.0050629920595408606:99.940931759305343] [0:2308] [10:648.71428571428567] [0.05738057667479568:99.369657488587151] [0:7817] [0.01772047220839279:99.934181103225967] [0:255] [28.204135620680638:90.755820331288447] [3:4] -1:106:79:199:248:50:192:95:134:159:110:100:237:64:82:244:215:54:241:109:219:139:269:66:69:72:160:183:11:197:143:201:272:14:136:236:22:195:98:280:271:16:126:288:27:63:276:83:206:242:20:25:71:185:99:196:291:112:208:124:213:232:290:32:101:117:97:188:253:47:187:180:274:3:210:38:94:34:86:12:18:260:261:89:43:80:93:257:24:138:262:292:116:273:29:265:191:19:39:36:202:133:96:28:266:174:150:194:120:130:264:140:211:198:233:6:214:240:67:184:258:41:88:31:118:147:149:275:77:7:62:104:2:207:235:186:76:131:179:204:35:68:40:193:30:84:123:9:239:217:163:10:287:250:181:270:252:218:26:108:102:5:56:293:129:48:55:51:81:145:200:128:161:243:267:60:107:223:246:15:21:17:46:58:141:155:162:190:152:209:61:282:85:91:52:158:222:173:225:171:172:44:113:289:42:216:285:121:135:4:220:245:59:92:259:127:255:278:105:144:137:279:73:75:221:37:234:238:53:283:224:263:119:125:176:45:114:228:49:57:148:13:23:156:177:226:74:87:154:175:189:249:256:284:65 -1:3:4:5:1:2:6 -1:1:0
tree_sizes=3295 3210 3236 3364 3310 2883 3505 3232 3280 3304 3326 2912 3659 3674 2913 3638 3714 3574 3389 3612 3401 3221 3600 3642 3558 3677 3697 3653 3646 3564 3498 3687 3713 3655 2887 3757 3663 3673 3624 3794 2916 3553 3664 2868 3640 3764 3720 3797 2869 3730 3696 3645 2862 3782 3794 2879 3875 3757 3436 3760 2936 3678 2906 3705 2879 3875 3834 3586 3553 3663 2861 2925 2879 3719 3715 3637 3621 3751 3763 3536 2871 2885 3455 3344 3669 3558 3544 3544 3711 3689 3462 3577 3712 2855 3367 3222 2865 3322 3597 3584 3498 3580 3362 3537 3318 3444 3381 3493 3386 3150 3423 2848 3275 2896 3583 3398 3402 2865 3332 3180 3408 3184 3256 3175 3188 3563 3417 3418 3437 3170 3431 2922 3041 3426 3426 3105 3167 2901 2836 3427 3290 3041 3071 3232 3441 2994 2786 3339 3425 3514 2990 3152 3057 3500 3158 2840 3142 2788 2838 3092 3003 3455 3033 3100 3068 3073 2901 3165 2849 3190 2950 3428 3070 3060 3116 2943 3122 3030 2980 3058 2802 3114 3017 2783 2809 3377 3101 3055 3269 2998 3103 3106 3144 2828 3093 2803 3340 2820 3040 2949 3307 3392 3460 2941 3126 3138 3122 3019 3056 2804 3067 2845 3101 2805 2744 2857 3124 2794 3065 3229 2965 3081 3113

Tree=0
num_leaves=31
num_cat=11
split_feature=0 0 0 10 0 0 3 0 1 0 9 0 5 9 9 9 0 9 3 9 5 0 5 9 5 10 9 0 0 10
split_gain=3.43844e+07 6.17903e+06 3.905e+06 1.13769e+06 688932 622421 600307 584841 227822 213734 202280 182204 147622 117560 111632 111044 101524 100926 89146.6 87240 84372.2 66517.3 60319.2 57184.4 55950.3 52054.5 48230.3 47856.9 47165.5 43816.2
threshold=50.091200911579669 29.503968931403602 70.641839722548056 0 17.47359107177515 83.801770600651693 54.193319700675083 59.804624761969059 1.5000000000000002 40.855805495825827 1 30.401939523056221 54.939230031418688 2 3 4 10.120559484732066 5 27.630072667128044 6 63.939582431739026 91.84349373894743 50.32960078307611 7 67.404119587872458 8 9 38.074334925356844 23.203577540874075 10
decision_type=10 8 10 9 10 10 8 10 2 10 9 10 8 9 9 9 10 9 10 9 10 10 8 9 8 9 9 8 10 9
left_child=1 4 7 11 16 13 9 14 17 15 21 23 -9 24 22 -5 -1 -8 -6 -10 26 -7 -2 -3 -4 -12 -14 -17 -20 -19
right_child=2 3 5 6 18 10 8 12 19 -11 25 -13 20 -15 -16 27 -18 29 28 -21 -22 -23 -24 -25 -26 -27 -28 -29 -30 -31
leaf_value=47.94143998965135 50.029811050510467 49.012711770583579 51.070174490918944 48.996813319934631 48.518312013066499 51.788384670387444 50.674377143566502 50.380126942913499 49.578236055290631 49.734647316032991 51.192794752348718 49.145142083504176 50.903625328606594 50.945878555663079 50.128651045933992 49.29812447493223 48.24988773152154 49.824521207040263 48.636251132654301 50.029243253753251 50.994172067259505 52.118331664545408 50.512466939084803 48.344866779969337 51.382356111034852 50.060240479253395 50.651333599807153 49.586943668000693 48.933250521261307 50.308748937970783
leaf_weight=4907 756 550 1759 1926 4505 4897 1449 2473 2057 5580 697 2111 2839 2974 6212 2905 5846 752 2197 2233 3976 2220 4503 1685 7798 131 7402 2833 3414 1206
leaf_count=4907 756 550 1759 1926 4505 4897 1449 2473 2057 5580 697 2111 2839 2974 6212 2905 5846 752 2197 2233 3976 2220 4503 1685 7798 131 7402 2833 3414 1206
internal_value=50.0021 49.0246 50.9298 49.5501 48.3878 51.4552 49.7035 50.5478 50.0545 49.4992 51.8014 48.8148 50.7367 51.2357 50.2729 49.3279 48.1091 50.3597 48.684 49.8121 50.7987 51.8887 50.4422 48.4974 51.3235 51.0165 50.7228 49.4417 48.817 50.1228
internal_weight=94793 46156 48637 25287 20869 20476 20941 28161 7697 13244 7945 4346 16690 12531 11471 7664 10753 3407 10116 4290 14217 7117 5259 2235 9557 828 10241 5738 5611 1958
internal_count=94793 46156 48637 25287 20869 20476 20941 28161 7697 13244 7945 4346 16690 12531 11471 7664 10753 3407 10116 4290 14217 7117 5259 2235 9557 828 10241 5738 5611 1958
cat_boundaries=0 1 10 20 30 39 48 57 66 67 76 77
cat_threshold=96 16384 2151940096 2147745825 48 256 2147483648 10502816 16908288 1048576 33554432 4489216 2147778689 268443664 2368 2189426689 33571456 16916480 2148597760 24 139462656 4194304 65664 405799952 2147487048 8388608 35651744 16916480 9216 4 524288 0 1077936128 1107312646 134217728 134234116 138461216 268507648 17334834 20971520 2151677952 2147745961 268443680 2147484674 69206016 33816704 17965056 1048576 20480 262144 2147745792 1073750064 7424 0 2375696 1179648 1024 2952855552 3033 2147483801 65568 2097188 285212673 1075839489 8192 1048576 14 33554432 4194304 1 134217744 2147488064 1048576 16512 16916480 1122304 16
is_linear=0
shrinkage=1


Tree=1
num_leaves=31
num_cat=7
split_feature=0 0 0 10 0 0 3 0 2 0 0 9 5 1 9 9 3 0 9 3 9 5 5 2 5 5 0 1 2 9
split_gain=3.11682e+07 5.78079e+06 3.50333e+06 1.01735e+06 589616 551483 529870 516939 229282 227485 205968 159644 135521 112647 93245.4 90740.4 84042.1 82785.6 81509.6 80222.4 68438.6 68235.6 64324.9 62078.1 60598.2 56463.8 51061.2 50085.8 46748.5 42687
threshold=50.400292809707452 29.099436354179652 70.641839722548056 0 17.021531896243555 83.801770600651693 53.687731091974904 60.317955901339168 20.540064102564106 45.851906481394302 38.945420945598151 1 57.996020277283201 4.5000000000000009 2 3 69.819064776536308 10.654569927692481 4 27.630072667128044 5 67.158761367120391 58.464858261395477 11.025000000000002 50.32960078307611 36.809319862670712 78.162484644760312 3.5000000000000004 46.983537979507162 6
decision_type=10 8 10 9 10 10 8 10 10 8 10 9 8 2 9 9 10 10 9 10 9 10 8 10 8 8 10 2 10 9
left_child=1 4 7 11 17 13 10 14 27 20 15 -3 -9 28 24 -5 -10 -1 -11 -6 -8 29 -15 -13 -2 -12 -24 -7 -4 -14
right_child=2 3 5 6 19 8 9 12 16 18 25 23 21 22 -16 -17 -18 -19 -20 -21 -22 -23 26 -25 -26 -27 -28 -29 -30 -31
leaf_value=-1.9529298966303454 0.01162770440110405 -0.71157256229475474 0.6283696620114696 -0.97485755635455085 -1.4291460405954304 0.18123371929667442 -0.47347623023408575 0.408665794023851 1.5716345048920441 0.51500662294777289 -0.63866069888584098 -1.5312408483855695 0.91257597088035858 0.86886313615671673 0.13896632885674154 -0.55578538654201803 1.9099718559441283 -1.6712652966320012 0.091172930790629519 -1.1475657585798933 -0.010001978920806912 0.98758441909495576 1.1975422975153385 -1.0433270396538152 0.48843471548365375 -0.22740347823877324 1.4390241666091448 1.4385200647061522 1.1167559450619213 0.6551956491076022
leaf_weight=5229 774 1661 1155 1876 4698 283 1957 3029 3104 1825 973 1776 2291 1028 6216 4666 4491 5206 3010 5480 1350 3036 6023 1030 4792 5868 3439 110 851 7579
leaf_count=5229 774 1661 1155 1876 4698 283 1957 3029 3104 1825 973 1776 2291 1028 6216 4666 4491 5206 3010 5480 1350 3036 6023 1030 4792 5868 3439 110 851 7579
internal_value=-0.00101979 -0.922996 0.890428 -0.427091 -1.54831 1.38628 -0.284087 0.523976 1.71076 0.0338306 -0.477715 -1.11306 0.70965 1.17885 0.272855 -0.678299 1.7717 -1.81241 0.252405 -1.27754 -0.285736 0.78029 1.2445 -1.34734 0.421374 -0.285897 1.28531 0.533146 0.835556 0.716527
internal_weight=94806 46605 48201 25992 20613 20484 21525 27717 7988 8142 13383 4467 15935 12496 11782 6542 7595 10435 4835 10178 3307 12906 10490 2806 5566 6841 9462 393 2006 9870
internal_count=94806 46605 48201 25992 20613 20484 21525 27717 7988 8142 13383 4467 15935 12496 11782 6542 7595 10435 4835 10178 3307 12906 10490 2806 5566 6841 9462 393 2006 9870
cat_boundaries=0 1 9 19 28 37 46 55
cat_threshold=96 1610694656 268976937 2147483800 48 2097188 0 83890689 4096 139462784 4194304 65664 404751376 2147486792 8388608 2097328 553787392 9216 4 0 0 1078460448 16391 0 134758404 138461284 268507136 17334816 21102624 2151677952 262177 48 2147496964 2216689664 2181300864 17965056 1064960 16384 262144 2147778561 1073750032 7424 33554440 278544 1179648 66560 50331648 4194304 1 16 2147487808 0 128 16916480 65536
is_linear=0
shrinkage=0.05


Tree=2
num_leaves=31
num_cat=7
split_feature=3 2 3 3 5 9 3 5 5 2 9 2 9 2 5 5 9 9 2 2 3 5 2 5 2 5 3 9 5 9
split_gain=1.91457e+07 4.42152e+06 2.82923e+06 1.47728e+06 987807 944957 554121 543190 393052 337376 331940 331919 264544 262622 211910 154433 148167 137435 130618 130310 128356 107816 104899 98159.3 96622.1 95348.8 89077.7 85373.1 82646.1 75364.3
threshold=44.953621255035685 23.503968253968257 64.520267783602648 30.557181546531925 50.794809982490342 0 76.194641797471533 63.939582431739026 28.353418544293351 36.754310344827594 1 18.503846153846158 2 85.108365949119388 12.856483864525586 27.956963161107222 3 4 46.983537979507162 12.802777777777779 21.908318129619115 60.530174963879311 74.180881804623439 67.404119587872458 69.004385964912288 48.148496619515221 68.691291717074975 5 38.910193725846177 6
decision_type=10 10 10 8 8 9 10 10 10 10 9 8 9 10 8 8 9 9 10 8 10 10 10 10 10 8 10 9 10 9
left_child=3 5 4 8 24 11 13 10 14 15 18 -2 -7 23 -1 -5 21 -11 -6 -14 -16 -10 27 -4 28 -21 -13 -12 -3 -17
right_child=1 2 6 9 7 12 -8 -9 16 17 22 26 19 -15 20 29 -18 -19 -20 25 -22 -23 -24 -25 -26 -27 -28 -29 -30 -31
leaf_value=-1.8883487421778913 -0.9120948469977499 -0.48235118593141685 0.746380165634278 -1.4333636576420821 -0.062990765222042597 0.46550645270990565 1.6965035185242794 0.97096101970300541 -0.40432066165727298 0.11146122980233136 0.16172312275549994 -0.36701006535918351 -0.75277061817196644 1.353680415881539 -1.5485871715740069 -0.90376172998656568 -0.96295391079032788 -0.57702068359847247 0.38445838596250581 -0.4728281222225113 -1.2260271339851632 1.4031395552469337 0.83994132335034044 1.1692861680543833 0.38447477347016679 0.084875081167583591 0.35033752032820376 0.56250040910765475 -0.07112943294313448 -0.54335925111099692
leaf_weight=2728 4176 1955 5057 906 3519 3571 4743 6245 292 1676 1582 3763 626 4436 6774 3199 1709 1266 3040 896 5662 115 2977 1883 742 5298 489 9346 3258 2926
leaf_count=2728 4176 1955 5057 906 3519 3571 4743 6245 292 1676 1582 3763 626 4436 6774 3199 1709 1266 3040 896 5662 115 2977 1883 742 5298 489 9346 3258 2926
internal_value=-0.0017397 0.449288 0.700442 -1.12053 0.432954 -0.201759 1.24249 0.562786 -1.40019 -0.635963 0.438224 -0.594768 0.117465 1.05319 -1.48927 -0.824079 -0.761823 -0.186388 0.144176 -0.065186 -1.40173 0.103836 0.576408 0.861125 -0.149363 0.0041999 -0.284512 0.505144 -0.225347 -0.733955
internal_weight=94855 67602 48783 27253 32664 18819 16119 26709 17280 9973 20464 8428 10391 11376 15164 7031 2116 2942 6559 6820 12436 407 13905 6940 5955 6194 4252 10928 5213 6125
internal_count=94855 67602 48783 27253 32664 18819 16119 26709 17280 9973 20464 8428 10391 11376 15164 7031 2116 2942 6559 6820 12436 407 13905 6940 5955 6194 4252 10928 5213 6125
cat_boundaries=0 10 19 29 36 46 54 63
cat_threshold=1064960 2156167168 2147844128 3146768 524548 9 8471057 17825792 1056768 1 2102848 1073807360 134451236 1073741824 557092 100663297 2687491 536870912 64 117571584 4194304 0 2415919136 8259 2226192384 33554432 532480 2147549184 8 134217736 0 0 8 0 0 32 512 32768 65572 3145728 0 1 8455169 65792 16777216 1 0 2147778560 262152 268443696 0 8 16384 131072 589828 32777 1107304480 256 6291456 268959744 134284288 70400 16810496
is_linear=0
shrinkage=0.05


Tree=3
num_leaves=31
num_cat=8
split_feature=0 0 0 3 0 0 0 0 0 2 9 5 9 9 3 9 0 3 0 0 9 5 0 0 9 9 9 5 5 0
split_gain=2.58326e+07 4.77983e+06 3.05992e+06 751824 461392 417852 409040 343211 211253 165910 151155 101310 95475.5 92179.7 88776.9 73391.8 70200.2 66556 57309.4 50021.1 49403.4 48801.8 45998.1 45703.8 40481.9 37190.2 34156.9 32735.9 32328 31591.8
threshold=50.400292809707452 27.342953913219812 71.670910775630759 38.883045735370395 62.067593938237486 85.425092429741952 15.329255579072045 39.384593315162824 33.397179521643693 20.877500000000001 0 59.809433522589721 1 2 68.359665484774467 3 21.581003653792607 25.246277626727728 57.69216164445983 10.120559484732066 4 71.29317958714114 91.198240103903572 78.162484644760312 5 6 7 16.503324899031487 63.222847595500703 44.968849813500348
decision_type=10 8 10 8 10 10 10 8 10 10 9 8 9 9 10 9 10 10 10 10 9 10 10 10 9 9 9 8 10 10
left_child=1 6 4 8 13 12 19 20 17 -7 -9 26 23 -2 15 -12 -8 -3 28 -1 -5 25 -11 -4 -10 -13 -6 -18 -15 -17
right_child=2 3 5 7 11 9 16 10 24 22 14 21 -14 18 -16 29 27 -19 -20 -21 -22 -23 -24 -25 -26 -27 -28 -29 -30 -31
leaf_value=-1.7978626959614652 0.45717711127499716 -1.2963778897116285 1.104751831003191 -0.21705214902113129 0.19045879042642566 0.52366650614160049 -1.3545594921824111 0.23374051440350871 -0.32225000548772154 1.5527624427558637 -0.057475640918146879 0.81121453245806929 0.90536887322397941 0.050962686041145504 0.38197692060819943 -0.40795659637089038 -1.5915175836229947 -0.89654599106918931 0.34376296423482244 -1.5616557151828654 -0.6519487937282028 0.97615099195323762 1.8222275010416753 1.3352246757716917 -0.68612444094119418 0.60451918357615153 0.54782425914613508 -1.0582933193431594 0.44768502681401739 -0.19528081619995322
leaf_weight=4897 4866 1893 4343 798 1082 338 5243 2421 1333 4004 3978 4460 3939 5181 623 4481 307 2312 3642 4133 4703 1941 2620 4262 2024 5201 1911 4611 570 2861
leaf_count=4897 4866 1893 4343 798 1082 338 5243 2421 1333 4004 3978 4460 3939 5181 623 4481 307 2312 3642 4133 4703 1941 2620 4262 2024 5201 1911 4611 570 2861
internal_value=0.000235867 -0.839628 0.809847 -0.416123 0.482836 1.29357 -1.44489 -0.254608 -0.840415 1.60421 -0.125993 0.680462 1.12117 0.280553 -0.198945 -0.231092 -1.22728 -1.07654 0.188366 -1.68975 -0.59044 0.74737 1.65934 1.21749 -0.544641 0.701405 0.4211 -1.09158 0.0902831 -0.32464
internal_weight=94978 46618 48360 27427 28854 19506 19191 19865 7562 6962 14364 14595 12544 14259 11943 11320 10161 4205 9393 9030 5501 11602 6624 8605 3357 9661 2993 4918 5751 7342
internal_count=94978 46618 48360 27427 28854 19506 19191 19865 7562 6962 14364 14595 12544 14259 11943 11320 10161 4205 9393 9030 5501 11602 6624 8605 3357 9661 2993 4918 5751 7342
cat_boundaries=0 8 17 27 37 47 56 66 76
cat_threshold=88250368 4259840 397441 268435488 2147628034 2225078272 33816706 532480 33554432 4489216 2147778689 268435472 2304 2189426689 35668608 16916480 1114112 22022660 4194304 65680 403701776 2147486792 8388608 35651744 16916480 9216 4 3145952 0 2162700 150998032 559176 2 2148007952 2685403136 90176 12 5244928 4194560 4224 16777248 2147486816 1048576 2097154 536879104 73984 13 1744830476 524296 50929936 4104 2097152 0 33824 256 133120 184549376 4194304 2147516417 1074790416 2147488064 110100480 8405120 16916480 73728 16 16384 0 37 268444672 0 67108864 0 67108864 64 4
is_linear=0
shrinkage=0.05


Tree=4
num_leaves=31
num_cat=9
split_feature=0 0 0 10 0 0 0 3 2 2 9 9 5 0 1 0 9 5 9 0 9 0 0 9 5 5 3 9 10 1
split_gain=2.32969e+07 4.20646e+06 2.73323e+06 822145 515268 424267 409108 383785 187317 156079 151193 138837 105836 93675.9 86662.4 84904.6 77720.4 71150.8 68808.4 61520.8 61315.2 55226.6 53858.2 52554.7 51868.4 35863.5 35440.7 34888 32642.6 32231.1
threshold=50.091200911579669 30.401939523056221 70.92260372804985 0 17.021531896243555 60.317955901339168 83.801770600651693 53.937009547683168 12.020833333333334 20.877500000000001 1 2 55.200420650256959 41.690153324276217 4.5000000000000009 23.203577540874075 3 50.32960078307611 4 11.10153303180403 5 90.668331359704027 49.410436161066734 6 68.175086703739041 43.348430255110884 28.312121519385261 7 8 2.5000000000000004
decision_type=10 8 10 9 10 10 10 8 10 10 9 9 8 8 2 10 9 8 9 10 9 10 8 9 10 8 10 9 9 2
left_child=1 4 5 10 19 17 14 11 16 29 -3 -5 -7 -13 -4 -6 28 -2 -19 -1 -10 -11 -12 -16 27 -22 -17 -14 -9 -8
right_child=2 3 6 7 15 12 9 8 20 21 22 13 24 -15 23 26 -18 18 -20 -21 25 -23 -24 -25 -26 -27 -28 -29 -30 -31
leaf_value=-1.682196437028594 -0.045367314878644219 -0.6268019481499737 0.72029586869143347 -0.8254216923321922 -1.2274769142702691 0.31339698977063946 0.23181610768220642 0.28792174503474233 -0.35939787384967975 1.4356843937661989 -0.93070464524313212 -0.50109615871944813 0.71279029638078639 -0.2057407242363076 1.2529958517982021 -1.1140642808710284 0.093391075594359038 0.42469503039512402 0.16183867131251103 -1.4392051850611076 -0.44238987222164294 1.7142658698119719 -1.4264595754054397 0.99467166860407163 0.862975438853264 0.07654680978115741 -0.8579267781951645 0.52767734987134274 0.78332966764320278 1.1660030087978721
leaf_weight=5565 2016 1708 1916 1647 5113 2451 275 562 1951 4633 827 4702 5530 6257 3553 2096 1443 4532 5612 4897 386 2888 1623 6658 2779 2422 3797 5531 979 139
leaf_count=5565 2016 1708 1916 1647 5113 2451 275 562 1951 4633 827 4702 5530 6257 3553 2096 1443 4532 5612 4897 386 2888 1623 6658 2779 2422 3797 5531 979 139
internal_value=0.000272044 -0.806218 0.764569 -0.358588 -1.31721 0.449419 1.2115 -0.227233 0.0497167 1.49063 -0.998484 -0.397525 0.616234 -0.332161 1.02886 -1.07839 0.360289 0.225934 0.279852 -1.56846 -0.145019 1.54266 -1.254 1.08676 0.669865 0.005193 -0.949029 0.621347 0.605677 0.545468
internal_weight=94488 45975 48513 24507 21468 28451 20062 20349 7743 7935 4158 12606 16291 10959 12127 11006 2984 12160 10144 10462 4759 7521 2450 10211 13840 2808 5893 11061 1541 414
internal_count=94488 45975 48513 24507 21468 28451 20062 20349 7743 7935 4158 12606 16291 10959 12127 11006 2984 12160 10144 10462 4759 7521 2450 10211 13840 2808 5893 11061 1541 414
cat_boundaries=0 1 10 19 28 38 48 56 65 66
cat_threshold=96 1610694688 268453769 2147483832 0 2097184 1 85987841 131072 4259844 524288 0 1111490560 1107312646 134217728 134234116 138444868 268503040 17596978 22020096 2151677952 2147745961 268444672 2147490818 2214592512 2181038208 17965056 1056768 139466880 4194304 128 137364496 2147486792 8388608 35651760 16916480 16778304 5 20608 2147745792 2147778560 1090527264 6400 33554440 2375696 1048576 0 4 0 4227072 129 16 2304 2189426688 128 16908288 50331648 2151710720 2147516545 1209008144 2147490112 42991617 11010176 16916480 1122304 16
is_linear=0
shrinkage=0.05


Tree=5
num_leaves=31
num_cat=3
split_feature=0 0 0 10 0 0 0 0 3 2 0 5 2 3 10 3 5 0 0 5 0 3 5 0 5 5 3 5 10 3
split_gain=2.11991e+07 3.72688e+06 2.55259e+06 749850 417740 416804 399035 326450 213716 131220 113864 113461 96428.1 79924.3 70256.9 67244.3 63845.8 59237 58172.3 55083.7 54709.5 46021.8 43911.1 39100.6 37728.3 34943.6 33962.5 33446.4 32568 30053.2
threshold=49.410436161066734 27.342953913219812 70.641839722548056 0 41.245453855046541 57.951198506852876 82.774810301876229 15.329255579072045 53.198640518865112 20.688061377245514 31.882308941364528 55.200420650256959 13.340000000000002 20.901087745977645 1 71.760975876409063 60.530174963879311 63.574472765854175 33.397179521643693 46.416688465660265 21.125634397593021 72.936448897430552 50.794809982490342 8.7460586013203159 73.149887770342687 63.462073970314002 23.069338310517079 68.175086703739041 2 41.633864175202753
decision_type=10 8 10 9 8 10 10 10 8 10 10 8 10 10 9 10 8 10 10 8 10 10 10 10 10 10 10 10 9 10
left_child=1 7 5 10 18 19 16 23 13 -8 26 -7 14 -6 -10 -11 -4 -13 -5 -2 -9 -16 -20 -1 -18 -21 -3 -19 29 -15
right_child=2 3 6 4 8 11 9 20 12 15 -12 17 -14 28 21 -17 24 27 22 25 -22 -23 -24 -25 -26 -27 -28 -29 -30 -31
leaf_value=-1.6446026633841662 -0.16782103716368899 -1.3964556621346209 0.63686368417420025 -0.69649752018319544 -0.99803428643053671 0.27512745743571093 0.54739461346922358 -1.2313079520955199 0.032141819573941903 1.2928608285701593 -0.63763859377888266 0.48630465280695684 -0.07088512379586781 -0.5201002363684285 0.40592635799579108 1.5780307006902934 0.93826640220852697 0.6347173966120917 -0.478687654129899 0.1524578367876698 -0.99831823099754724 1.0386999646914072 -0.029061925980170857 -1.4349165745736912 1.149785949549587 0.44085570736875579 -1.0306506872336783 0.86359259655350018 -0.032243989911449653 -0.2257956689068793
leaf_weight=3877 1201 900 1393 3217 359 3126 429 4888 1211 3896 1806 6390 2836 1143 1545 4404 7576 7637 4945 7330 5200 353 610 5212 2921 1226 2151 2018 1568 3598
leaf_count=3877 1201 900 1393 3217 359 3126 429 4888 1211 3896 1806 6390 2836 1143 1545 4404 7576 7637 4945 7330 5200 353 610 5212 2921 1226 2151 2018 1568 3598
internal_value=0.00305254 -0.777199 0.718298 -0.390017 -0.262187 0.415309 1.14338 -1.30702 -0.0780172 1.4001 -0.950342 0.550707 0.139955 -0.272355 0.332281 1.44417 0.954919 0.604397 -0.527299 0.149273 -1.11121 0.520869 -0.429314 -1.52436 0.997126 0.193783 -1.13856 0.682555 -0.231062 -0.296124
internal_weight=94966 45419 49547 26242 21385 28928 20619 19177 12613 8729 4857 19171 5945 6668 3109 8300 11890 16045 8772 9757 10088 1898 5555 9089 10497 8556 3051 9655 6309 4741
internal_count=94966 45419 49547 26242 21385 28928 20619 19177 12613 8729 4857 19171 5945 6668 3109 8300 11890 16045 8772 9757 10088 1898 5555 9089 10497 8556 3051 9655 6309 4741
cat_boundaries=0 1 2 3
cat_threshold=96 16 24
is_linear=0
shrinkage=0.05


Tree=6
num_leaves=31
num_cat=10
split_feature=0 0 0 3 0 0 0 0 0 9 9 5 9 3 9 9 3 9 5 9 1 9 9 5 0 0 2 0 9 0
split_gain=1.89718e+07 3.1775e+06 2.5406e+06 507915 449437 353963 289898 214184 137897 112286 111568 103789 91481.5 84167.9 79698.5 58106.2 51653.4 51611.9 49529.6 47020.4 44245.4 43676.2 42873.5 39261.4 35038.8 34997.7 29304.6 27970.5 27665.8 27147.5
threshold=48.029791748577416 27.342953913219812 70.641839722548056 36.561114538173904 57.69216164445983 84.866177310719237 15.329255579072045 38.536735021077725 34.324976583661737 0 1 57.996020277283201 2 68.359665484774467 3 4 23.650478372944708 5 40.552835459465456 6 4.5000000000000009 7 8 43.348430255110884 91.84349373894743 8.2660578217802705 16.006250000000005 78.162484644760312 9 52.351060319332689
decision_type=10 8 10 8 10 10 10 8 10 9 9 8 9 10 9 9 10 9 8 9 2 9 9 8 10 10 10 10 9 10
left_child=1 6 4 8 14 12 25 22 16 24 -9 28 27 18 23 -13 -3 -8 -12 -20 -14 -17 -5 -2 -7 -1 -11 -4 -6 -16
right_child=2 3 5 7 11 9 17 10 -10 26 13 15 20 -15 29 21 -18 -19 19 -21 -22 -23 -24 -25 -26 -27 -28 -29 -30 -31
leaf_value=-1.5740622568917337 -0.27195461397794518 -1.1347825809983074 0.97602793627703199 -0.60629913321489981 0.42960625312403222 1.3507121527086783 -1.2014196334807656 0.20855347089125981 -0.46924157116660625 0.053719632831566479 -0.50264681476489748 0.71539887606382169 0.55805469410888242 0.35330748632119074 -0.11083800966063138 0.5527179729979671 -0.78152141864090752 -0.95362090734717386 -0.027662290805095548 -0.27267957536363446 0.86825655335581853 0.2917440988547334 -0.26063018197641252 0.3175403169226112 1.5939518175346432 -1.371691131876589 0.88220806381976868 1.1831553851875369 0.16066473508653256 0.094415535417843671
leaf_weight=3477 304 1701 3485 3756 1757 4421 4241 1979 2787 136 1472 4846 1474 648 3060 8549 2642 5865 2988 5735 5222 2076 1247 3985 2226 5541 496 3062 2181 3402
leaf_count=3477 304 1701 3485 3756 1757 4421 4241 1979 2787 136 1472 4846 1474 648 3060 8549 2642 5865 2988 5735 5222 2076 1247 3985 2226 5541 496 3062 2181 3402
internal_value=-8.56908e-05 -0.758699 0.659693 -0.387072 0.367678 1.08885 -1.24364 -0.244407 -0.743734 1.36894 -0.136142 0.51133 0.934901 -0.199063 0.10834 0.569664 -0.919881 -1.05974 -0.234367 -0.189095 0.798778 0.502049 -0.521874 0.275116 1.43002 -1.44972 0.692961 1.07126 0.282156 -0.00277544
internal_weight=94761 44079 50682 24955 30160 20522 19124 17825 7130 7279 12822 19409 13243 10843 10751 15471 4343 10106 10195 8723 6696 10625 5003 4289 6647 9018 632 6547 3938 6462
internal_count=94761 44079 50682 24955 30160 20522 19124 17825 7130 7279 12822 19409 13243 10843 10751 15471 4343 10106 10195 8723 6696 10625 5003 4289 6647 9018 632 6547 3938 6462
cat_boundaries=0 9 18 27 37 47 56 66 76 84 94
cat_threshold=17408 2151940096 2147745793 48 2147483904 2147483648 10502816 16908288 1048576 88246336 4259840 4241 402653216 2147615746 2225078274 2181038208 532480 1048576 33554432 4227072 295041 16 0 2189426689 17024 16908288 1114112 7342080 4194304 65664 405799952 2147489856 8388608 34078752 553787392 9280 4 184553472 4227072 128 135266320 2147483648 9437184 16416 16916480 1122304 12 403439616 2128 4194561 1073823748 256 0 12599404 268800 163862 3149856 32768 196612 16780304 530504 0 524802 537919488 73728 13 5244928 0 2147778561 1342186528 6464 100663305 8979346 1114112 1024 16 16896 2147745793 2181333029 1074799632 2308 33554433 9191937 17956864 6144 2147745792 294912 268443664 2147516416 8388608 10485776 17833984 17899520 9
is_linear=0
shrinkage=0.05


Tree=7
num_leaves=31
num_cat=14
split_feature=3 10 9 10 3 5 9 9 10 3 5 5 5 10 9 2 5 9 10 9 5 2 5 5 2 10 5 2 9 9
split_gain=1.15277e+07 3.70978e+06 1.61534e+06 1.51282e+06 634857 593431 464928 385792 334733 276224 207587 156735 152667 142104 134460 131103 118375 113095 112546 107224 90731.2 76936.8 74242.3 72258.5 71141.1 68272.2 62379.2 62030.6 75769.1 59478.9
threshold=43.517549651764575 0 1 2 28.312121519385261 51.007394781180302 3 4 5 76.194641797471533 67.158761367120391 46.095420523682158 31.153066304702918 6 7 69.004385964912288 62.73423163387222 8 9 10 64.176716226806107 16.990909090909096 36.061542677607562 29.266201378618621 113.39444444444446 11 69.188906914078231 28.251666666666669 12 13
decision_type=10 9 9 9 8 8 9 9 9 10 10 8 8 9 9 10 8 9 9 9 10 8 10 10 10 9 10 10 9 9
left_child=4 2 9 -3 8 22 17 21 26 16 15 -8 -6 19 -15 25 -2 -5 -14 -10 27 -7 -4 -21 -18 -9 -1 28 -13 -17
right_child=1 3 5 6 12 7 11 10 13 -11 -12 20 18 14 -16 29 24 -19 -20 23 -22 -23 -24 -25 -26 -27 -28 -29 -30 -31
leaf_value=-0.14586933888757311 0.44217941821717943 -1.0517710558067108 -0.36815792230564276 1.0820881910656099 -1.0573642132682595 -0.41695730880640697 -0.54110285143647141 0.60351490501885174 -1.1403197970695709 1.3408294520634456 0.86340963782834723 -0.024415125668081294 -0.2656035111502712 -1.4329380908549512 -1.0006182846571716 0.96822500240283671 0.84438608853609931 0.33563120800134699 -0.65828887968351024 -0.80129410423431191 0.3339653811912513 0.17158310952544437 0.032115257468561934 0.044841479175182171 1.1711689002474259 0.35960320361618342 1.5007168390438892 0.026749102411166972 -0.43239725915022026 0.57247506236130818
leaf_weight=568 1410 4492 1587 593 1483 621 2324 3933 3712 4487 4621 2000 3072 6034 2929 1719 5784 3499 4665 2088 1151 5248 4290 287 2339 11379 64 3241 2656 2470
leaf_count=568 1410 4492 1587 593 1483 621 2324 3933 3712 4487 4621 2000 3072 6034 2929 1719 5784 3499 4665 2088 1151 5248 4290 287 2339 11379 64 3241 2656 2470
internal_value=0.00176067 0.331078 0.561484 -0.245073 -0.921893 0.38335 -0.010214 0.473486 -1.11547 1.01661 0.56186 -0.174686 -0.592642 -1.16242 -1.29293 0.490692 0.865076 0.44618 -0.503566 -0.968428 -0.0807645 0.109124 -0.0759728 -0.696114 0.938482 0.422883 0.0205484 -0.141212 -0.258128 0.738553
internal_weight=94746 69844 49888 19956 24902 35868 15464 29991 15682 14020 24122 11372 9220 15050 8963 19501 9533 4092 7737 6087 9048 5869 5877 2375 8123 15312 632 7897 4656 4189
internal_count=94746 69844 49888 19956 24902 35868 15464 29991 15682 14020 24122 11372 9220 15050 8963 19501 9533 4092 7737 6087 9048 5869 5877 2375 8123 15312 632 7897 4656 4189
cat_boundaries=0 1 11 12 21 31 32 33 43 45 46 55 56 66 73
cat_threshold=14 50462720 4227072 2147745793 0 1024 2147483648 33554560 17440768 2148548608 16 96 90177536 4194304 2147745792 268435504 2147484672 2097152 2147483776 139264 1048576 67109440 1073741824 167972868 1077018624 17334304 1107296259 8912899 541065216 1344 1 4 26 134742024 554696704 1615331584 81935 0 0 134222888 294912 294960 32 0 4194304 14 524288 0 5767168 16386 134217728 16384 138444900 2048 67142194 2 7232 2147483648 65545 134225920 16783716 8388616 852498 524288 91136 8 16384 262144 0 8240 0 0 16896
is_linear=0
shrinkage=0.05


Tree=8
num_leaves=31
num_cat=8
split_feature=0 0 0 10 0 0 9 3 1 9 2 9 1 0 9 9 5 0 0 0 0 5 9 5 0 9 5 2 5 5
split_gain=1.58269e+07 2.6819e+06 2.04859e+06 540663 367941 335584 288645 234878 169618 131126 106851 99612.9 80265.8 75998.2 71726.2 70842.9 66356.7 66062.5 55566.4 54019.7 46079.7 41750 39736.2 37670 37460.9 36513.4 36105.8 33652.1 33490.9 28506.8
threshold=48.728687967799374 30.401939523056221 70.641839722548056 0 17.47359107177515 60.317955901339168 1 54.193319700675083 1.5000000000000002 2 49.503246753246763 3 1.5000000000000002 79.441412676580228 4 5 54.257012947195811 38.074334925356844 23.203577540874075 11.10153303180403 87.267420560248226 71.02427230037047 6 50.32960078307611 55.805669707274681 7 34.560361764846526 11.025000000000002 56.877687956548279 24.240822422786362
decision_type=10 8 10 9 10 10 9 8 2 9 10 9 2 10 9 9 8 8 10 10 10 10 9 8 10 9 8 10 8 8
left_child=1 4 5 9 19 14 20 11 15 -3 12 -5 -8 -12 23 -9 -7 -13 -6 -1 -4 -18 -10 -2 -16 -20 -19 -11 -14 -27
right_child=2 3 6 7 18 16 10 8 22 27 13 17 28 -15 24 -17 21 26 25 -21 -22 -23 -24 -25 -26 29 -28 -29 -30 -31
leaf_value=-1.3963984611836802 -0.020499207069001005 -0.49463569409641145 1.1238689393669536 -0.68557504492237842 -1.0016973094623902 0.24008368196528715 0.20284929859009171 0.52579786876286316 -0.38016552047731217 -1.2069234975803338 0.8326658275291966 -0.47629396162092202 0.35242131245365643 1.1299153634977581 -0.032192200748297588 0.064114778901401881 0.50119891915162829 -0.52064468187200874 -0.30650981446197134 -1.1729773092730722 1.4055209767640702 0.74609098351910186 -0.05250288692986628 0.34085480682137148 0.19550637292622405 -1.1069032009859852 -0.15820935418042084 -0.79548050473543297 0.81135759614113301 -0.76676988392947298
leaf_weight=5598 841 1745 2482 1709 4876 2171 692 1618 1679 1635 4240 2892 432 4363 4637 1720 11750 765 432 5236 3500 2043 2073 5064 2959 706 6753 714 4981 4833
leaf_count=5598 841 1745 2482 1709 4876 2171 692 1618 1679 1635 4240 2892 432 4363 4637 1720 11750 765 432 5236 3500 2043 2073 5064 2959 706 6753 714 4981 4833
internal_value=-0.00112041 -0.682072 0.609625 -0.309683 -1.08232 0.341851 0.990966 -0.198094 0.0303885 -0.830745 0.869297 -0.331927 0.709908 0.983416 0.158364 0.28967 0.497029 -0.272948 -0.876466 -1.28842 1.28651 0.537472 -0.200283 0.288901 0.0564328 -0.7742 -0.195089 -1.07728 0.774731 -0.808663
internal_weight=95139 44984 50155 23303 21681 29465 20690 19209 7090 4094 14708 12119 6105 8603 13501 3338 15964 10410 10847 10834 5982 13793 3752 5905 7596 5971 7518 2349 5413 5539
internal_count=95139 44984 50155 23303 21681 29465 20690 19209 7090 4094 14708 12119 6105 8603 13501 3338 15964 10410 10847 10834 5982 13793 3752 5905 7596 5971 7518 2349 5413 5539
cat_boundaries=0 1 8 16 25 35 44 53 63
cat_threshold=96 0 4194304 1 16 0 2147483648 2097280 1610694688 268452745 2147483832 48 2097184 268439552 1159729665 4096 0 0 1077944320 1111507207 134217728 134234116 138444868 268500992 84705826 139462656 4194304 128 137495568 2147486792 9437184 35651746 553787392 8256 4 22020096 2151940096 2147745953 8224 2148021250 69206016 2181300864 17956864 1048576 20480 262144 2147745792 1090527264 3328 0 278544 1179648 1024 1050632 2147483904 8192 2105376 2147518528 0 2097296 537010176 65540 8
is_linear=0
shrinkage=0.05


Tree=9
num_leaves=31
num_cat=16
split_feature=3 10 10 9 3 5 9 10 5 3 9 2 5 2 5 9 9 5 5 5 9 9 5 9 10 9 9 10 10 2
split_gain=9.45192e+06 2.95676e+06 1.20725e+06 1.20327e+06 738258 488108 376155 339548 241771 209091 194687 174634 142548 123734 115488 105976 95105 94014.5 79797.8 79094.9 73528.1 69639.5 66142.6 64775.9 61544.3 73767.5 55421.5 50340.8 50228.6 47311.6
threshold=44.953621255035685 0 1 2 30.557181546531925 55.200420650256959 3 4 70.217632311854601 76.194641797471533 5 30.273217084639501 14.108538026217998 66.002487562189074 46.095420523682158 6 7 30.235803035642014 28.773047801037709 61.045495440993427 8 9 36.061542677607562 10 11 12 13 14 15 56.004672897196265
decision_type=10 9 9 9 8 8 9 9 10 10 9 10 8 10 8 9 9 10 8 8 9 9 10 9 9 9 9 9 9 10
left_child=4 3 23 9 7 22 15 21 10 19 -7 18 -9 27 -8 -4 -13 24 -6 -2 -16 -1 -5 -3 -14 -26 -15 -12 -20 -24
right_child=1 2 6 5 11 8 14 12 -10 -11 13 16 17 26 20 -17 -18 -19 28 -21 -22 -23 29 -25 25 -27 -28 -29 -30 -31
leaf_value=-1.111172623457066 0.39913973321606888 -0.71281226432986755 0.97465908221092712 -0.28268713766106207 -1.0569950843152458 0.095133234176788331 -0.50105055764326634 -1.3562960107157711 0.82862066380188704 1.2090868692033978 0.56405341496699168 0.051382348194515565 -0.88265404906157652 0.92195558700108871 0.030379228738260201 0.27071581921583915 -0.44865457398448916 -0.60820711867378585 -0.77185721743690283 0.84666694177769308 -0.28987336725461238 0.21118139746170997 0.016963511605268319 -1.1279111524968128 -1.3101220078853943 -0.95147019265070998 0.55586293949339616 0.34869590307455406 -0.43203615105088816 0.36535455200521266
leaf_weight=106 1135 1808 608 1508 866 4158 2143 2892 3965 4467 3689 2045 5369 1767 4925 4262 1769 1589 1638 7587 2808 693 4811 2450 3137 3375 2919 11234 3663 1222
leaf_count=106 1135 1808 608 1508 866 4158 2143 2892 3965 4467 3689 2045 5369 1767 4925 4262 1769 1589 1638 7587 2808 693 4811 2450 3137 3375 2919 11234 3663 1222
internal_value=-0.0015318 0.315457 -0.213128 0.522674 -0.789462 0.370076 0.00122962 -0.988332 0.467172 0.930197 0.406872 -0.447532 -1.03716 0.472685 -0.176077 0.360417 -0.181585 -0.969407 -0.612007 0.78843 -0.0862462 0.0241836 0.0134972 -0.953738 -1.01772 -1.12599 0.697063 0.402544 -0.539311 0.087531
internal_weight=94608 67466 19004 48462 27142 35273 14746 17161 27732 13189 23767 9981 16362 19609 9876 4870 3814 13470 6167 8722 7733 799 7541 4258 11881 6512 4686 14923 5301 6033
internal_count=94608 67466 19004 48462 27142 35273 14746 17161 27732 13189 23767 9981 16362 19609 9876 4870 3814 13470 6167 8722 7733 799 7541 4258 11881 6512 4686 14923 5301 6033
cat_boundaries=0 1 2 12 21 22 32 34 44 54 63 73 74 84 92 93 94
cat_threshold=14 96 50331648 4227072 2147745793 0 1024 2150629376 33554560 16785408 2148532224 16 23070720 4194304 2147745792 402653232 2147484740 2097152 2147483778 16916480 1049600 6 67109568 1082130432 33755140 1075970048 17334304 1107296259 8912899 541065216 1344 1 0 4194304 1073742336 32768 65572 3149824 0 1 8455169 65536 16777216 1 100663360 32768 163877 271360 6400 0 11338240 537395200 536961024 8 0 0 0 0 0 16384 32768 0 32 17440 256 2147483817 48 4196 0 10485761 139264 81920 4 24 134217736 16777216 541589760 16399 0 134217728 1056 294912 294948 32 16384 262144 0 48 0 0 16896 131072 2 32
is_linear=0
shrinkage=0.05


Tree=10
num_leaves=31
num_cat=8
split_feature=0 0 0 3 0 0 0 9 0 9 1 9 0 5 5 3 9 0 9 5 9 5 4 0 0 0 5 9 9 5
split_gain=1.30564e+07 2.46354e+06 1.54257e+06 341337 281655 198724 198076 185253 106476 92707.6 77522.9 65819.5 59846.2 57751 56802.8 48350.7 51371.9 45683.7 35492.9 33883.8 33564.1 33352.3 31085.4 30932.9 29018.3 27262.4 26155.1 24512.1 22845.7 21865.7
threshold=50.721663217001058 26.909970223445381 73.074691790358386 35.036359930215106 62.067593938237486 15.329255579072045 37.692947463019074 0 33.875743648267651 1 1.5000000000000002 2 83.801770600651693 38.910193725846177 63.462073970314002 68.359665484774467 3 57.142417197609369 4 14.703682362343878 5 53.589036030421362 193.50000000000003 88.234361214480558 21.581003653792607 10.120559484732066 33.754816235123315 6 7 71.29317958714114
decision_type=10 8 8 8 10 10 8 9 10 9 2 9 10 8 10 10 9 10 9 8 9 8 2 10 10 10 10 9 9 10
left_child=1 5 4 8 14 25 18 23 20 -8 -9 29 -12 -11 17 16 -15 27 -5 -7 -3 -13 -17 -4 -21 -1 -10 -2 -18 -6
right_child=2 3 7 6 11 19 9 10 26 13 12 21 -14 15 -16 22 28 -19 -20 24 -22 -23 -24 -25 -26 -27 -28 -29 -30 -31
leaf_value=-1.2826695373933248 0.20615626386129102 -0.98934649646741912 1.0594394221393439 -0.56596247543688993 0.57835032308084011 -1.1857516297648776 0.21288020024207677 0.38649183100168183 -0.45841864009324296 -0.4412823563973991 0.80082492210156619 0.17915310366592446 1.0541208598389147 -0.0070032658466321661 0.44157023569742465 0.45138521514267815 -0.16555705844615298 0.26492686568482399 -0.26881430610551105 -0.93476435027671279 -0.65541659114763284 0.45312638747270517 -0.11929982401992174 1.2973588342027356 -0.75468834019258957 -1.1086789416622163 -0.13665405989507759 9.4156395698789569e-05 -0.35773623051246523 0.80311332234997268
leaf_weight=4881 2149 1165 2394 3288 5962 817 1972 877 2112 1543 8020 1300 3288 4233 2067 585 5011 5418 1542 4720 3103 7634 403 3182 4253 4179 901 4363 2283 1322
leaf_count=4881 2149 1165 2394 3288 5962 817 1972 877 2112 1543 8020 1300 3288 4233 2067 585 5011 5418 1542 4720 3103 7634 403 3182 4253 4179 901 4363 2283 1322
internal_value=0.00106362 -0.591316 0.581281 -0.295018 0.363909 -1.03366 -0.192138 0.951073 -0.589768 -0.107564 0.838665 0.505729 0.874475 -0.152558 0.199586 -0.117082 -0.145855 0.157659 -0.472825 -0.877481 -0.75042 0.412798 0.218606 1.19307 -0.849412 -1.20241 -0.362199 0.0684126 -0.226116 0.618295
internal_weight=94967 46991 47976 28141 30215 18850 20860 17761 7281 16030 12185 16218 11308 14058 13997 12515 11527 11930 4830 9790 4268 8934 988 5576 8973 9060 3013 6512 7294 7284
internal_count=94967 46991 47976 28141 30215 18850 20860 17761 7281 16030 12185 16218 11308 14058 13997 12515 11527 11930 4830 9790 4268 8934 988 5576 8973 9060 3013 6512 7294 7284
cat_boundaries=0 7 16 26 36 44 53 63 73
cat_threshold=0 4194304 1 16 0 2147483648 128 54691904 4259840 4112 268435488 2164401154 78643200 34078850 532480 16384 150994944 2151710720 102528 17834008 2147489857 42991616 8404992 16916992 1114112 24 607129632 0 2490500 150995984 563304 2 2147484160 2685403136 73728 12 4672 262145 2181333029 1074799888 260 33554433 8733185 17825792 134217728 0 541065216 81926 0 0 4227112 295424 786994 5244928 4227072 589953 136445968 2164787272 0 11091968 16916480 9280 12 17536 295168 98312 2099200 4 1 2441233 196608 34112 1
is_linear=0
shrinkage=0.05


Tree=11
num_leaves=31
num_cat=2
split_feature=0 0 0 10 0 0 0 0 3 1 2 2 0 5 2 1 5 10 1 5 5 0 5 1 5 3 5 5 0 5
split_gain=1.18937e+07 1.89973e+06 1.60917e+06 415807 276735 253381 252488 153945 143556 90623.9 83684.8 76727.7 69834.3 60273.3 48233.5 47826 43413.7 40621.2 38552.4 36409.8 35995.3 33443.5 31427.8 29240.2 26693.2 26624.1 26388.6 25875.7 23331.2 21169.2
threshold=47.683470174757623 26.068114313825394 68.776604598855627 0 79.002165687451452 38.074334925356844 57.69216164445983 13.403310446734043 54.193319700675083 2.5000000000000004 12.802777777777779 13.340000000000002 89.250050792195992 62.958585469510624 20.387992831541222 4.5000000000000009 47.046769517003348 1 3.5000000000000004 51.007394781180302 45.795608963871182 21.125634397593021 72.871202340432021 258.50000000000006 63.462073970314002 72.936448897430552 28.353418544293351 33.299509733602243 36.012483343906815 6.6511893812179865
decision_type=10 8 10 9 10 8 10 10 8 2 10 10 10 10 10 2 8 9 2 8 10 10 10 2 10 10 8 10 10 8
left_child=1 7 6 10 15 18 16 29 20 14 -3 17 23 19 -6 -4 -2 -10 -5 -8 26 -9 -17 -11 -18 -19 -7 -20 -12 -1
right_child=2 3 4 5 9 8 13 21 11 12 28 -13 -14 -15 -16 22 24 25 27 -21 -22 -23 -24 -25 -26 -27 -28 -29 -30 -31
leaf_value=-1.3828345152605535 -0.15903250091620033 -0.95457268970918818 0.41411948267463389 -0.26031936572987185 0.064311693423667798 -0.65166020326225904 0.14018043155704471 -0.94555230923050315 0.03127795363180607 0.97333761368930571 -0.65531381195100646 -0.10072801787947366 1.2268995381534193 0.55946443694450088 0.78172455902661342 0.64653556594795569 0.091949977473017266 0.32760742890304773 -0.59859045596660421 0.37278452891750741 -0.0029769968452293323 -0.76489374209124084 0.86455112112116472 0.32408831435977747 0.3380253475103901 0.81678214679684558 -0.25597190705045625 -0.34759081310255274 -0.35221178929227398 -1.1382816311465696
leaf_weight=1030 1570 2308 1759 1702 318 453 1972 6617 1103 6739 1770 2572 3652 4013 890 6858 8291 1490 3962 11455 1387 4180 2178 178 1271 342 6032 1386 990 6282
leaf_count=1030 1570 2308 1759 1702 318 453 1972 6617 1103 6739 1770 2572 3652 4013 890 6858 8291 1490 3962 11455 1387 4180 2178 178 1271 342 6032 1386 990 6282
internal_value=0.002702 -0.603984 0.51997 -0.325855 0.835513 -0.224893 0.270689 -0.995581 -0.0971776 1.00313 -0.730947 0.0986407 1.05002 0.389439 0.592869 0.652651 0.0846484 0.273352 -0.46758 0.338622 -0.234166 -0.875611 0.699085 0.95663 0.124659 0.416653 -0.283612 -0.533541 -0.546592 -1.17273
internal_weight=94750 43606 51144 25497 22572 20429 28572 18109 13379 11777 5068 5507 10569 17440 1208 10795 11132 2935 7050 13427 7872 10797 9036 6917 9562 1832 6485 5348 2760 7312
internal_count=94750 43606 51144 25497 22572 20429 28572 18109 13379 11777 5068 5507 10569 17440 1208 10795 11132 2935 7050 13427 7872 10797 9036 6917 9562 1832 6485 5348 2760 7312
cat_boundaries=0 1 2
cat_threshold=96 16
is_linear=0
shrinkage=0.05


Tree=12
num_leaves=31
num_cat=15
split_feature=0 0 0 10 0 0 0 0 9 9 9 9 9 9 1 3 5 9 9 9 9 9 5 5 9 0 5 0 10 9
split_gain=1.06139e+07 1.95561e+06 1.27264e+06 385312 279028 214499 187808 142422 122410 96553.3 90887 66623.9 63125.6 61814.2 51259 50172.2 47050.7 45375.4 43540.5 41757.4 35012 33670.1 30529.5 28828.4 28711.4 28172.9 26804 24291.1 22101.7 21773.5
threshold=50.091200911579669 26.068114313825394 71.670910775630759 0 42.118916423261325 60.863459616494644 83.801770600651693 13.403310446734043 1 2 3 4 5 6 4.5000000000000009 68.359665484774467 60.036116010024735 7 8 9 10 11 29.266201378618621 51.969516696494857 12 91.84349373894743 52.886521176945493 35.18047155743664 13 14
decision_type=10 8 10 9 8 10 10 10 9 9 9 9 9 9 2 10 10 9 9 9 9 9 8 8 9 10 8 10 9 9
left_child=1 7 5 10 12 16 14 -1 23 -10 27 25 -5 -7 -4 19 21 -14 -12 -11 -9 -2 -19 -6 -16 -8 -15 -3 -13 -23
right_child=2 3 6 4 8 13 11 20 9 15 18 28 17 26 24 -17 -18 22 -20 -21 -22 29 -24 -25 -26 -27 -28 -29 -30 -31
leaf_value=-1.116611495551199 0.24960866460639863 -0.53847408349892423 0.46040001862506347 -0.63939210603434393 -0.1469312298237638 0.57153944405422374 1.0043032673526753 -0.94733202595996391 -0.7458147468473395 0.067016706630663447 -0.61712996759657601 0.67717039064588391 0.044898974745037498 0.16144237809323125 0.86139480523672418 0.44858962930822266 0.36203790027185279 -0.65260668923269105 -1.0040984589337945 -0.1620190737891434 -0.74950994373906721 0.098754816411187787 -0.32586348611542021 0.37830229826842682 0.67185316598589018 1.2192730588988767 0.39221279821397409 -0.1829084445325577 -0.065715540844695011 -0.1103868362334266
leaf_weight=7308 3143 1191 1825 1981 303 5309 4901 4317 547 2838 1507 687 766 1448 3849 447 2306 801 1768 6633 6433 5839 6651 1896 5745 2212 9604 805 123 1573
leaf_count=7308 3143 1191 1825 1981 303 5309 4901 4317 547 2838 1507 687 766 1448 3849 447 2306 801 1768 6633 6433 5839 6651 1896 5745 2212 9604 805 123 1573
internal_value=0.00236737 -0.540229 0.518462 -0.279586 -0.190436 0.310223 0.83307 -0.946306 -0.033764 -0.105043 -0.664654 1.02011 -0.38516 0.430328 0.70329 -0.0689877 0.157433 -0.322705 -0.828455 -0.0934885 -0.83053 0.112732 -0.360501 0.304545 0.749493 1.06965 0.361651 -0.393103 0.564936 0.0542811
internal_weight=94756 46192 48564 28134 22863 29222 19342 18058 12664 10465 5271 7923 10199 16361 11419 9918 12861 8218 3275 9471 10750 10555 7452 2199 9594 7113 11052 1996 810 7412
internal_count=94756 46192 48564 28134 22863 29222 19342 18058 12664 10465 5271 7923 10199 16361 11419 9918 12861 8218 3275 9471 10750 10555 7452 2199 9594 7113 11052 1996 810 7412
cat_boundaries=0 1 10 19 28 37 46 56 66 76 86 95 105 114 115 125
cat_threshold=96 21137440 4194304 262153 268435496 2147492868 2216689664 2147483778 17965056 1073152 0 0 1112023040 37771266 0 134217728 4227072 268435968 17039920 1610694688 268976169 2147483672 48 2097184 4096 1159729665 131072 147460 17408 2151940096 2147745825 48 256 2147483649 10486432 16908288 1048576 524288 262144 1094975520 1074815244 0 134234116 278596 268503296 67666434 150999040 2151710720 69760 135266328 2113 101711872 8388642 16982528 1122304 24 38799488 4194304 524416 0 2147483720 9437184 128 536879104 8448 12 2416181248 2147486612 285507745 8192 2147483652 285212672 16384 12288 1056784 4 70258764 65536 135328 137364496 6440 8388609 2621968 537395200 65536 4 403439616 2147483648 2151678241 81924 256 540672 12600396 17041408 1212948 5245152 4194304 65664 405798960 2147484744 1082130432 176 553656320 9280 12 0 4227072 129 268435472 2304 2189426689 512 16908288 65536 14 4100 262144 557069 132096 563456 68157441 11091971 1179648 65536 1
is_linear=0
shrinkage=0.05


Tree=13
num_leaves=31
num_cat=15
split_feature=0 0 0 10 0 0 0 9 9 9 0 2 9 9 9 9 9 1 0 9 5 9 2 0 9 9 9 2 0 10
split_gain=9.73209e+06 1.58788e+06 1.3018e+06 325909 212672 205791 199502 139774 105986 99814.1 94896 80514.8 59630.7 59259.2 52576.5 50240.6 42596.1 37763.2 33214.8 32011.8 31050 29012.7 28436.4 27407.2 27182 26673 24205.1 22722.7 22608.9 21947.3
threshold=48.029791748577416 30.401939523056221 69.678264128713508 0 17.47359107177515 58.70700851707776 83.801770600651693 1 2 3 42.118916423261325 14.008620689655174 4 5 6 7 8 1.5000000000000002 91.84349373894743 9 56.877687956548279 10 20.223611111111115 76.176852015310388 11 12 13 38.745579862151637 44.638752879576735 14
decision_type=10 8 10 9 10 10 10 9 9 9 8 10 9 9 9 9 9 2 10 9 8 9 10 10 9 9 9 10 8 9
left_child=1 4 5 9 19 15 13 28 -9 -3 26 -8 17 23 -7 -2 -6 29 27 -1 -16 -11 -17 -4 -22 -18 -10 -13 -5 -12
right_child=2 3 6 7 16 14 11 8 10 21 12 18 -14 -15 20 22 25 -19 -20 -21 24 -23 -24 -25 -26 -27 -28 -29 -30 -31
leaf_value=-1.0932739639043245 0.25073497904263065 -0.36025033374569138 0.62871181595097914 -0.015011019511599636 -0.83032551840318458 0.48330450814386766 -0.091920632225545973 -0.63596221660087326 -0.058087796352283907 -0.63133025189519154 0.051617759986898271 0.68095062565139552 -0.15342407685784321 0.46723057647324984 0.13825578215317388 -0.17693581950219556 -0.18000924692549292 -0.070794350357120658 1.1489584414584326 -0.89856591823718102 0.38872739704132658 -1.0209852291499517 0.06946466765620378 0.79400789582303 0.16414914865433158 -0.6394656945888384 -0.34664652924947309 0.96553070684414133 0.4015980205777952 0.43317047329761649
leaf_weight=6053 3636 1726 4916 454 3969 6109 176 1309 850 958 631 827 5878 3510 2365 1403 362 1378 2299 4692 6736 1417 7079 5119 1747 6454 5844 4620 1152 973
leaf_count=6053 3636 1726 4916 454 3969 6109 176 1309 850 958 631 827 5878 3510 2365 1403 362 1378 2299 4692 6736 1417 7079 5119 1747 6454 5844 4620 1152 973
internal_value=-0.00268141 -0.545479 0.470932 -0.252447 -0.852667 0.252889 0.766251 -0.162577 -0.205066 -0.655186 -0.168417 0.965561 -0.0611763 0.649681 0.365341 0.0955338 -0.695812 0.120768 0.989589 -1.0101 0.298189 -0.867117 0.028674 0.712322 0.343129 -0.615363 -0.31061 0.922324 0.28207 0.286093
internal_weight=94642 44100 50542 22570 21530 29075 21467 18469 16863 4101 15554 7922 8860 13545 16957 12118 10785 2982 7746 10745 10848 2375 8482 10035 8483 6816 6694 5447 1606 1604
internal_count=94642 44100 50542 22570 21530 29075 21467 18469 16863 4101 15554 7922 8860 13545 16957 12118 10785 2982 7746 10745 10848 2375 8482 10035 8483 6816 6694 5447 1606 1604
cat_boundaries=0 1 10 19 28 37 47 57 66 75 84 93 101 111 121 122
cat_threshold=96 185761828 0 393344 268435496 2147627046 2216689664 2181038208 17309696 1064960 0 8388608 1077936128 1107312646 134217728 134234116 272662596 268519936 84705842 1610694688 268453641 2164523024 16 2097184 268439552 1157632513 131072 131072 4200520 4259840 2147487785 16786448 3336 9437192 786944 538050560 73728 33554432 4489216 2147778689 268443664 2112 2189426689 44058240 16916480 1114112 8 188750336 2151710720 128 1207959568 2147489800 1048576 11010096 16785408 1122304 28 139462720 1077936128 589952 271583248 2148011080 8388608 35651744 553656320 9280 135004160 2132 2168455425 1073824772 256 524288 8405100 16779264 67272722 134217728 17039360 541589760 16399 2048 16384 8406560 17043712 295456 2416181252 2147485892 4227241 65632 2151743492 50331649 0 0 40966 192 0 2147778561 269493280 33088 111149056 82690 68288512 1050632 256 8208 2101280 32840 4096 0 536879104 0 8 4196376 1073741824 2150170624 16782336 64 9437184 65538 536870912 75072 8 16
is_linear=0
shrinkage=0.05


Tree=14
num_leaves=31
num_cat=2
split_feature=0 0 0 10 0 0 0 0 3 2 0 2 10 1 5 5 3 0 5 5 2 5 2 5 1 5 1 1 0 1
split_gain=8.77427e+06 1.5094e+06 1.11671e+06 336210 203599 182040 162384 131732 98121.5 69880.6 69388.9 51482.3 45564.6 45286.3 41076.4 36501.3 34956 34260 32587.7 29803 27974.4 25631.8 25479.7 25206.1 24939.2 25456.5 24673.7 23898.5 23784.6 23319.7
threshold=49.410436161066734 26.909970223445381 69.678264128713508 0 40.140877754056731 85.425092429741952 58.70700851707776 15.329255579072045 53.198640518865112 16.006250000000005 27.342953913219812 13.340000000000002 1 4.5000000000000009 63.939582431739026 60.530174963879311 20.901087745977645 76.176852015310388 15.265342975520435 47.342468283636322 51.504545454545458 50.094840099625138 19.336879432624116 7.19614184662663 2.5000000000000004 30.235803035642014 218.50000000000003 24.500000000000004 92.613805550020018 1.5000000000000002
decision_type=10 8 10 9 8 10 10 10 8 10 10 10 9 2 10 10 10 10 8 10 10 8 10 8 2 10 2 2 10 2
left_child=1 7 6 10 24 13 15 23 16 -7 -3 12 -10 20 21 22 -6 -15 -9 -18 -4 -8 -2 -1 -5 -26 -19 -16 -11 -20
right_child=2 3 5 4 8 9 14 18 11 28 -12 -13 -14 17 27 -17 19 26 29 -21 -22 -23 -24 -25 25 -27 -28 -29 -30 -31
leaf_value=-1.1830324902512082 -0.14747240871423303 -0.84352025459570601 0.29960524529289401 -0.17324938687561808 -0.63207902280492689 0.042553238203508433 0.11887864070270245 -1.0035707784919048 -0.0044602337259678571 0.90992321929090236 -0.46698940518218013 -0.050328455351877743 0.39116147224916958 0.58747943140661929 0.35749956235852381 0.31051855294435321 -0.19882714465785487 0.77290092080565642 -0.44773253441360733 0.068320835250995901 0.65303344018799558 0.33276185381479273 0.094315115339149644 -0.94355120518838653 -0.47790184403184893 -0.27237100773888456 0.17699322922352972 0.60788114652463532 1.1155923379260722 -0.71242629479898179
leaf_weight=1277 1267 2139 1487 1340 398 209 1594 882 1194 4742 2859 3096 1877 6115 1764 1740 5762 5874 928 1275 898 11555 7782 7872 4515 2261 179 2073 1998 8052
leaf_count=1277 1267 2139 1487 1340 398 209 1594 882 1194 4742 2859 3096 1877 6115 1764 1740 5762 5874 928 1275 898 11555 7782 7872 4515 2261 179 2073 1998 8052
internal_value=-0.000970941 -0.499787 0.46191 -0.25746 -0.172076 0.732433 0.252484 -0.840328 -0.0539013 0.942971 -0.626879 0.0935519 0.238604 0.631902 0.348836 0.100789 -0.176207 0.670952 -0.713557 -0.150424 0.432678 0.306834 0.0604611 -0.976978 -0.370344 -0.409321 0.755279 0.492772 0.970892 -0.685073
internal_weight=95004 45727 49277 26716 21718 21502 27775 19011 13602 6949 4998 6167 3071 14553 16986 10789 7435 12168 9862 7037 2385 13149 9049 9149 8116 6776 6053 3837 6740 8980
internal_count=95004 45727 49277 26716 21718 21502 27775 19011 13602 6949 4998 6167 3071 14553 16986 10789 7435 12168 9862 7037 2385 13149 9049 9149 8116 6776 6053 3837 6740 8980
cat_boundaries=0 1 2
cat_threshold=96 16
is_linear=0
shrinkage=0.05


Tree=15
num_leaves=31
num_cat=12
split_feature=0 0 0 9 0 0 5 9 9 0 9 3 9 9 9 9 4 9 5 1 1 0 9 9 5 2 5 9 2 1
split_gain=7.87551e+06 1.5799e+06 858482 210286 197384 164806 126456 115799 103949 70171.4 57482.2 52564 50399.3 43988.6 40851.6 38698.1 31666.6 30886.1 29992.4 28867.7 28460.3 24485.2 24441 23661.3 20000.5 20192.5 18728.3 18154.8 17796.5 17383
threshold=52.034659776652539 31.882308941364528 74.240732366765144 0 21.125634397593021 63.574472765854175 38.581922392636109 1 2 87.267420560248226 3 68.359665484774467 4 5 6 7 173.50000000000003 8 23.658518062224175 182.50000000000003 2.5000000000000004 42.495912437561465 9 10 60.795610024242087 48.580005120327705 56.877687956548279 11 14.008620689655174 218.50000000000003
decision_type=10 8 10 9 10 10 8 9 9 10 9 10 9 9 9 9 2 9 10 2 2 10 9 9 8 10 8 9 10 2
left_child=1 4 5 -3 10 15 18 9 -8 29 -1 12 -10 -7 -6 -2 -13 -14 -5 22 -9 -19 -16 26 25 -15 -17 -20 -11 -4
right_child=2 3 7 6 14 13 8 20 11 28 -12 16 17 24 19 23 -18 21 27 -21 -22 -23 -24 -25 -26 -27 -28 -29 -30 -31
leaf_value=-0.97567748497322793 0.30610361462407865 -0.81693247691890836 0.74224427234910917 -0.71766646623527752 -0.13951162477849541 0.51873995106659965 0.16467384495210188 0.23011443030580639 -0.40389842856049152 -0.069127036740140216 -0.76272607274871373 0.41040212700867817 -0.016446603991904753 0.05390707979641355 -0.73177331818028346 0.058265564290376305 -0.11952329274483459 -0.24626724471860212 -0.027660559710475402 0.291725338274961 0.57098471596739964 -0.093863324582146357 -0.536672352894075 0.022349448030821523 0.38596207172999497 0.38034852893637688 0.23843143595725286 -0.40502407023133902 0.97679011200345167 0.26181603260458947
leaf_weight=6872 4728 1221 7702 713 554 6646 3129 811 2020 41 7117 648 3887 1040 2698 2044 499 6178 383 91 2500 4596 5326 3306 6718 870 4901 2311 5063 193
leaf_count=6872 4728 1221 7702 713 554 6646 3129 811 2020 41 7117 648 3887 1040 2698 2044 499 6178 383 91 2500 4596 5326 3306 6718 870 4901 2311 5063 193
internal_value=-0.000645772 -0.448354 0.463216 -0.179086 -0.752406 0.305579 -0.146724 0.755612 -0.100856 0.823272 -0.86858 -0.147468 -0.170064 0.421147 -0.56494 0.187735 0.179859 -0.137477 -0.429301 -0.59308 0.486024 -0.181086 -0.603854 0.132712 0.344971 0.2026 0.18514 -0.352981 0.968388 0.7305
internal_weight=94806 48243 46563 25585 22658 30253 24364 16310 20957 12999 13989 17828 16681 15274 8669 14979 1147 14661 3407 8115 3311 10774 8024 10251 8628 1910 6945 2694 5104 7895
internal_count=94806 48243 46563 25585 22658 30253 24364 16310 20957 12999 13989 17828 16681 15274 8669 14979 1147 14661 3407 8115 3311 10774 8024 10251 8628 1910 6945 2694 5104 7895
cat_boundaries=0 9 18 27 37 46 56 66 76 86 95 105 115
cat_threshold=134217728 4 1883242496 81991 1207959552 134217732 4227148 313344 786998 33571840 12877824 2147778569 48 256 2189426689 10764960 16908288 2148597760 41060424 4194304 0 285213704 2164794377 2226126848 128 532480 1064960 138412032 553910272 541589760 16399 2147483648 0 8504896 17109248 295456 32 269222400 2112 2164785408 1108344832 4259840 285753352 403067904 268501504 67110912 150999040 2151710720 102528 1048592 2147483968 42991617 10747904 16916992 65536 24 34605064 2147487744 16 2101280 2147518564 0 73400336 536879104 4 8 189794816 4194304 134283392 134217744 2147486984 2097152 11010208 16916480 16786496 4 1677721632 65544 200852 138414128 170016 2 2147484160 2684354560 8462336 8 2148286464 2645 2169503745 1073824768 4194304 1 8405092 16779264 67665922 20608 2147483648 819200 1362240544 36928 2224029696 33620498 537919488 65536 1 536875008 0 524544 0 2147516416 0 10485792 0 0 9
is_linear=0
shrinkage=0.05


Tree=16
num_leaves=31
num_cat=13
split_feature=0 0 0 0 9 0 5 0 9 9 0 9 9 9 5 9 0 4 5 2 9 1 2 9 9 4 9 9 9 5
split_gain=7.14849e+06 1.32205e+06 826554 173819 169601 167020 101752 85271 82408.6 66073.8 49317.9 43539.1 40275.6 39518.4 36956.4 35757.5 34764 29376.5 29123.2 27283.1 26950.6 26612.6 26517.7 25292.6 24589.1 22982.4 21830.9 20894.3 20119.9 17865.7
threshold=50.721663217001058 30.401939523056221 68.349083972813403 80.235330942049714 0 20.703156423952461 34.560361764846526 57.951198506852876 1 2 37.692947463019074 3 4 5 55.200420650256959 6 89.250050792195992 10.500000000000002 21.430432379521886 10.100000000000001 7 258.50000000000006 20.003906250000004 8 9 74.500000000000014 10 11 12 49.84586001952065
decision_type=10 8 10 10 9 10 8 10 9 9 8 9 9 9 8 9 10 2 8 10 9 2 10 9 9 2 9 9 9 8
left_child=1 5 7 15 -3 11 -6 20 -8 16 -10 -1 25 17 28 -4 21 -14 -7 24 -2 -5 29 -16 -15 -12 -20 -25 -9 -11
right_child=2 4 3 9 6 18 8 14 10 22 12 -13 13 19 23 -17 -18 -19 26 -21 -22 -23 -24 27 -26 -27 -28 -29 -30 -31
leaf_value=-0.92603023214985269 0.19716746176640521 -0.75227131473571929 0.60192591430419395 0.77371914882663928 -0.46215724169732253 -0.82609694538842948 0.18598636172718003 0.32036711873744728 -0.31471981485305017 -1.3458280957263451 0.25668712149930778 -0.73598881093206914 0.56137367293624019 -0.1579235729715795 0.44791774546683777 0.42799108079058712 0.94866657477182648 -0.097135721328227842 -0.046829692299446363 -0.17629960585477303 0.016097704672928991 0.1216727086198256 0.55494490863882984 0.32470336066532451 -0.53495928589955921 -0.041251582485005468 -0.52922731777715482 0.14439797920449968 0.036159635135013884 0.11113870793629273
leaf_weight=6873 3724 1280 6296 5579 2545 827 1901 921 4009 23 845 6701 174 684 3399 6208 3915 6354 257 3350 4589 161 861 8019 1318 2766 6895 2079 1909 247
leaf_count=6873 3724 1280 6296 5579 2545 827 1901 921 4009 23 845 6701 174 684 3399 6208 3915 6354 257 3350 4589 161 861 8019 1318 2766 6895 2079 1909 247
internal_value=0.000545848 -0.439158 0.42969 0.643259 -0.193462 -0.726724 -0.163209 0.227823 -0.127734 0.79033 -0.158332 -0.833438 -0.117962 -0.162334 0.294193 0.516394 0.832923 -0.0794618 -0.545181 -0.263079 0.0974686 0.75543 0.415692 0.328639 -0.409603 0.0283896 -0.512698 0.287761 0.129912 -0.0129733
internal_weight=94709 46779 47930 23290 25226 21553 23946 24640 21401 10786 19500 13574 15491 11880 16327 12504 9655 6528 7979 5352 8313 5740 1131 13497 2002 3611 7152 10098 2830 270
internal_count=94709 46779 47930 23290 25226 21553 23946 24640 21401 10786 19500 13574 15491 11880 16327 12504 9655 6528 7979 5352 8313 5740 1131 13497 2002 3611 7152 10098 2830 270
cat_boundaries=0 9 18 27 37 47 57 67 77 87 96 106 116 126
cat_threshold=134218240 4 1900019712 16455 4194304 134217728 4227144 268730368 67371570 57835560 4194304 0 2415919144 2164264963 70254594 2181038464 532480 16384 1065984 2151972864 2147745793 9264 2147483904 2147483649 10764960 16908288 1048576 134217728 17072128 541589760 16399 2147485696 0 8406720 17044224 1344032 32 603986112 589824 2494481 1296 527456 8388608 786434 1179648 5251072 4 1073742848 1074036736 2147516588 151003136 172300 2147483648 2097680 2701131776 66560 9 33554432 4227072 295041 269484048 2048 2190475265 33832960 16916480 65536 8 5244996 4194304 852097 137364496 2147485768 8388608 11010208 553787392 1024 4 171966592 4227072 128 1209008144 256 70254592 10551330 16916480 1114112 4 268451840 2147485889 2048 1077936128 0 268959745 268517377 2 33088 1050624 2147483648 0 2097184 32844 0 2097152 536870912 0 8 16800256 0 2147581952 1056 2147522632 41943049 541328 68157440 9216 9 1054720 2147745792 33554432 8208 2147518464 8388609 2097680 605028352 16785472 9
is_linear=0
shrinkage=0.05


Tree=17
num_leaves=31
num_cat=13
split_feature=0 0 0 10 0 9 0 9 0 9 10 9 9 9 5 9 9 5 9 5 9 3 0 3 0 3 5 5 9 5
split_gain=6.46393e+06 1.16359e+06 775087 269972 168484 130399 118444 109792 88776.9 80341.9 59212.9 54738.1 42822.2 39939.9 39921.8 40777.6 39470.4 36121.6 33232.1 32938.4 32157 31330.6 24360.1 24200.1 23857.6 23656.8 23357.3 22196.5 22088.6 20440.5
threshold=50.400292809707452 26.068114313825394 71.670910775630759 0 38.945420945598151 1 63.280219000088422 2 12.951682179111783 3 4 5 6 7 50.32960078307611 8 9 38.581922392636109 10 14.108538026217998 11 29.189999574858991 38.945420945598151 73.513959813272578 87.267420560248226 66.483523280310919 56.877687956548279 65.740209439104873 12 60.530174963879311
decision_type=10 8 10 9 8 9 10 9 10 9 9 9 9 9 8 9 9 8 9 8 9 10 10 8 10 8 8 10 9 8
left_child=1 8 6 9 12 -4 14 22 -1 -3 16 -9 -5 -11 -2 -16 24 -13 25 -10 -8 -12 23 -6 -7 -19 -18 -17 -21 -22
right_child=2 3 5 4 7 10 20 11 19 13 21 17 -14 -15 15 27 26 18 -20 28 29 -23 -24 -25 -26 -27 -28 -29 -30 -31
leaf_value=-0.87385108767556763 -0.038679967084493783 -0.31101917730853346 0.84957965559032 -0.51577316959689135 0.30203823415204473 0.61857504429682386 0.43923174873804327 -0.5002458999749847 -0.91281069215355215 -0.51880419114943477 -1.4837559700012208 -0.31556290607942528 -0.25854229660143052 -0.89606525560638017 0.026234136894446453 0.1975649035741889 0.089899004867918991 0.036268737965294819 -0.10356988445678102 -0.72538151776431303 0.13033734008489045 0.26990376629438312 0.096426192629024632 0.87886017919665549 0.8317061829382415 0.44623092240854456 0.50116133265651486 0.39259893209647007 -0.56006135955339087 0.32837463657122462
leaf_weight=6962 2410 2227 5772 2382 1026 6911 5915 841 1051 1529 26 1491 5336 1541 3212 8525 383 2225 7984 3515 1741 1248 1326 221 1621 418 3502 1760 6609 5179
leaf_count=6962 2410 2227 5772 2382 1026 6911 5915 841 1051 1529 26 1491 5336 1541 3212 8525 383 2225 7984 3515 1741 1248 1326 221 1621 418 3502 1760 6609 5179
internal_value=-0.00118269 -0.420529 0.404932 -0.221559 -0.14793 0.648574 0.239946 -0.0531128 -0.733701 -0.543431 0.5628 -0.112339 -0.338935 -0.710467 0.148772 0.182244 0.596497 -0.085028 -0.0527633 -0.646387 0.352943 0.232291 0.244669 0.404266 0.658296 0.100725 0.459435 0.230715 -0.618729 0.278149
internal_weight=94889 46684 48205 28547 23250 19463 28742 15532 18137 5297 13691 12959 7718 3070 15907 13497 12417 12118 10627 11175 12835 1274 2573 1247 8532 2643 3885 10285 10124 6920
internal_count=94889 46684 48205 28547 23250 19463 28742 15532 18137 5297 13691 12959 7718 3070 15907 13497 12417 12118 10627 11175 12835 1274 2573 1247 8532 2643 3885 10285 10124 6920
cat_boundaries=0 1 8 17 26 27 36 45 54 64 74 83 93 102
cat_threshold=96 0 4194304 1 16 0 2147483648 2097280 55740416 4259840 266249 268435496 2164273190 67108864 33554560 17833984 1073152 1610678304 2416460585 2147516464 48 2097184 0 1157628417 0 147460 14 524288 8388608 1077944320 1111511298 0 134758400 272662528 270598656 17042976 589824 262144 1128529952 1074815244 0 268435460 279141 268503040 67666432 2416197636 2260 268697737 0 2147549188 285216768 142626816 143360 98304 67141632 2147745793 2147750184 1073741832 17338404 1107296257 134480385 67113216 33024 8 50349056 2156167168 2147778688 268435488 2304 41943041 42222112 16908288 2148597760 8 69271788 32768 2147483808 151004176 527616 2149580800 2148270082 541720576 64 151001088 2151677952 98432 17825816 2147490112 42991617 10485760 16785408 17899520 24 403177472 2147483712 4194561 1073759233 2304 0 8406052 17041920 172566
is_linear=0
shrinkage=0.05


Tree=18
num_leaves=31
num_cat=9
split_feature=3 2 9 2 3 9 5 5 9 5 9 5 2 5 5 9 5 9 9 9 5 5 2 5 5 5 9 5 5 2
split_gain=3.86833e+06 1.07613e+06 454963 342617 311761 217691 169182 133106 120040 109358 98441.4 97199.4 87645 58580.8 55196 47722.3 45590.5 41619.4 39698 39338.9 36560.4 34222.4 29847.1 27510.3 27088.3 24303.2 23941.3 22952.4 22689.3 23410.7
threshold=43.192914572748684 46.983537979507162 0 20.688061377245514 64.520267783602648 1 47.342468283636322 45.795608963871182 2 60.036116010024735 3 23.109042785095685 15.287593984962408 70.757265393605451 62.73423163387222 4 50.570896980444523 5 6 7 11.146669254418166 66.217343701215967 18.503846153846158 30.235803035642014 89.653789790195233 21.430432379521886 8 84.72230894940104 26.968464189577713 16.576411960132894
decision_type=10 10 9 8 10 9 8 10 9 10 9 8 10 8 8 9 10 9 9 9 8 10 8 10 10 10 9 10 8 10
left_child=5 2 12 10 9 20 25 11 21 15 28 -7 -2 -6 -14 -3 -10 -15 -13 -16 -1 -8 -20 -22 -11 -5 -12 -9 -4 -30
right_child=1 4 3 6 13 7 8 27 16 24 26 18 14 17 19 -17 -18 -19 22 -21 23 -23 -24 -25 -26 -27 -28 -29 29 -31
leaf_value=-0.94292865457514097 -0.0087349059817129274 0.079322530617316089 -0.74833551657093111 -0.71315622280133706 0.37676541103477518 -0.75104331339913899 0.17176191092805707 0.033802861902028566 -0.10221886088059261 0.48927294187506587 0.10688189168543892 -0.52546209341010941 0.14746975555356887 0.80896799219845394 0.36523042035615205 0.29627686952866461 0.15983204803201398 0.59085417373943627 -0.48347233024183212 0.61886337626687427 -0.70959741814269406 0.39740118244013634 -0.26568170562634275 -0.31340935415043886 1.0828538811742674 -0.22020517495577752 -0.17600448631843421 0.97381981393133388 -0.48516208484793921 -0.27684907652081686
leaf_weight=1681 1634 4288 499 269 1765 2460 10021 1103 6432 3614 1051 4394 1861 4318 4626 6279 2237 5312 2278 2416 7095 2019 5084 467 203 3546 2550 69 3160 2353
leaf_count=1681 1634 4288 499 269 1765 2460 10021 1103 6432 3614 1051 4394 1861 4318 4626 6279 2237 5312 2278 2416 7095 2019 5084 467 203 3546 2550 69 3160 2353
internal_value=0.000402322 0.188971 0.0405287 -0.0481495 0.446216 -0.538968 0.0510098 -0.422737 0.107376 0.291453 -0.301168 -0.465235 0.327557 0.641574 0.389645 0.208594 -0.0345578 0.690108 -0.405428 0.453645 -0.731224 0.209426 -0.33262 -0.68513 0.520841 -0.254964 -0.093373 0.0891452 -0.424769 -0.396252
internal_weight=95084 70453 44674 34137 25779 24631 24524 15388 20709 14384 9613 14216 10537 11395 8903 10567 8669 9630 11756 7042 9243 12040 7362 7562 3817 3815 3601 1172 6012 5513
internal_count=95084 70453 44674 34137 25779 24631 24524 15388 20709 14384 9613 14216 10537 11395 8903 10567 8669 9630 11756 7042 9243 12040 7362 7562 3817 3815 3601 1172 6012 5513
cat_boundaries=0 10 20 30 39 49 56 65 75 84
cat_threshold=50462848 138412032 0 2147483648 2164400202 2226192384 33554816 532480 2148597768 24 135004160 554696704 574619904 81927 134217728 0 4227148 296960 67371572 34 5265440 0 2147746433 16786480 531456 33554432 2359296 85065728 25600 4 5260288 2156167168 2147844257 17826832 256 1 8470545 17825792 9216 2101888 1073741824 2147975204 1073743872 557096 33554433 8454147 0 536870912 4 16384 4194304 1 0 0 0 128 2415919104 270535252 1092091904 8388680 4194816 150996992 537006112 268435456 688130 128 0 0 0 2164400202 8388608 33554688 8192 65536 8 67113056 0 0 32 33825 2 2621442 541065216 64
is_linear=0
shrinkage=0.05


Tree=19
num_leaves=31
num_cat=17
split_feature=0 0 0 10 0 0 9 9 5 9 9 9 1 9 9 10 9 2 9 5 10 9 2 5 9 5 5 9 9 10
split_gain=5.44357e+06 1.05844e+06 564211 247284 127212 101118 98135.8 83360.8 74552.1 71697.6 69074.4 52757.2 46959.8 39219.1 35785.5 31636.8 29483.4 27485.5 27261.5 26398.5 26022.7 25883 25670 24288.1 23954 21589.8 20970.9 20033.9 19455.3 19638.6
threshold=52.663263358934024 30.401939523056221 73.662067514329422 0 18.989579323778994 63.574472765854175 1 2 38.581922392636109 3 4 5 1.5000000000000002 6 7 8 9 13.340000000000002 10 63.462073970314002 11 12 31.928141135972464 72.871202340432021 13 18.864919371851453 64.635538407013939 14 15 16
decision_type=10 8 10 9 10 10 9 9 8 9 9 9 2 9 9 9 9 10 9 10 9 9 10 8 9 10 8 9 9 9
left_child=1 4 5 9 14 19 20 -4 25 -3 17 -12 22 -7 -1 24 -11 -10 -6 28 -5 -17 -9 -14 -13 -8 -22 -27 -2 -30
right_child=2 3 7 6 18 13 8 12 10 16 11 15 23 -15 -16 21 -18 -19 -20 -21 26 -23 -24 -25 -26 27 -28 -29 29 -31
leaf_value=-0.81833756386940859 0.25372928671556882 -0.2602564994414836 0.77285037211388441 0.5848190109090633 -0.17406622677777722 0.45992229187040901 -0.69028911078123256 -0.10633242581675693 0.26650925963989075 -0.48705701732646622 -0.59279010420770406 -0.10980060629699365 0.42963768274519953 0.2865994939418825 -0.63613655487941667 -0.12304849954232733 -0.84783688977122385 -0.0013742277749891126 -0.51458592859118302 0.31122341029984479 -0.13171168705619982 0.16488629099375762 0.44789662971860889 0.60871788194395027 -0.27460742990466541 0.11871643945825903 0.25374000754470155 -0.34512003450909529 0.18169763025438634 0.034863336131948711
leaf_weight=6579 2518 1761 5863 405 668 5152 413 410 1339 1196 627 6018 2493 9488 5568 1644 1342 3361 8749 2433 499 1468 426 7872 3520 257 1205 2491 3942 5412
leaf_count=6579 2518 1761 5863 405 668 5152 413 410 1339 1196 627 6018 2493 9488 5568 1644 1342 3361 8749 2433 499 1468 426 7872 3520 257 1205 2491 3942 5412
internal_value=-0.000624945 -0.366738 0.390164 -0.16136 -0.629089 0.255725 -0.0967553 0.618206 -0.129231 -0.509302 -0.0899167 -0.148165 0.536091 0.348104 -0.736017 -0.125676 -0.680403 0.074785 -0.491162 0.161184 0.227811 0.0128699 0.176086 0.565645 -0.170846 -0.353223 0.140042 -0.302565 0.130435 0.0968708
internal_weight=95119 49110 46009 27546 21564 28945 23247 17064 21138 4299 17977 13277 11201 14640 12147 12650 2538 4700 9417 14305 2109 3112 836 10365 9538 3161 1704 2748 11872 9354
internal_count=95119 49110 46009 27546 21564 28945 23247 17064 21138 4299 17977 13277 11201 14640 12147 12650 2538 4700 9417 14305 2109 3112 836 10365 9538 3161 1704 2748 11872 9354
cat_boundaries=0 1 10 17 26 36 45 55 65 66 75 85 86 95 105 115 125 126
cat_threshold=96 256016388 0 262144 268435464 2164794374 2216689664 2181038208 17309696 9461760 0 4194304 1 16 0 2155872256 8388736 1610694688 268452745 262200 0 2097184 268435456 85987841 131072 131076 3151944 4292608 2147483809 151004208 6184 9437186 328704 537919488 0 4 524800 0 1077936128 16390 0 134742020 272629828 268519936 67633714 150994944 2151710720 65664 16777232 4160 42991617 11010064 16982528 17891328 24 138936320 17072128 2689073408 16399 2048 0 8390240 17044224 1311264 32 24 2416181252 2148010052 2420113537 8305 4194308 4096 1216430080 4096 1081392 33557000 2147488000 8196 35659808 34920 0 69206032 538976256 65600 13 6 16384 1073741824 33554432 3145728 1073741888 33554433 142606849 135168 16842752 66592 786432 35885068 2097408 4227520 0 145228304 131072 16844032 8 4096 0 524544 16386 32768 0 8388608 0 0 8 139461152 1077936128 128 136314928 2147489032 1073741825 2883714 16916480 16777216 13 6
is_linear=0
shrinkage=0.05


Tree=20
num_leaves=31
num_cat=16
split_feature=10 3 9 10 5 5 9 9 5 5 9 9 9 5 9 10 2 5 10 9 10 9 9 2 2 2 5 10 2 1
split_gain=3.15858e+06 1.49247e+06 526106 353060 203825 193188 141571 139329 102011 73478.2 69409.2 65468.7 60901.7 54670 57200.9 44608.2 40767.6 39797.6 34332 31423 31408.2 29495.1 26334.6 26085.6 24991 23384.8 22355.2 21705.8 21176.3 20424.9
threshold=0 47.04149721763104 1 2 47.046769517003348 55.432376658201498 3 4 71.29317958714114 73.758703022164269 5 6 7 19.491288840884231 8 9 61.907486631016049 56.161972499514803 10 11 12 13 14 30.001170960187356 23.503968253968257 27.25131578947369 31.491293060044274 15 42.008379888268159 48.500000000000007
decision_type=9 10 9 9 10 8 9 9 10 8 9 9 9 8 9 9 8 8 9 9 9 9 9 8 8 8 8 9 8 2
left_child=7 4 9 12 6 19 25 -1 11 -3 -9 27 17 -8 -15 -11 -13 -4 -6 -5 -16 -18 -17 -24 29 -2 -14 -7 -10 -22
right_child=1 2 3 5 18 8 13 10 28 15 -12 16 26 14 20 22 21 -19 -20 -21 24 -23 23 -25 -26 -27 -28 -29 -30 -31
leaf_value=-0.83683174069114785 -0.23210823954784515 0.31403709102363025 -0.17872230557057237 0.20081364575922234 0.427861365935438 0.28275405053999053 -0.70597287718823143 -0.31557919724224154 0.40665481288571104 0.71521321139585758 -0.59971174185027631 0.26472244149935537 -0.46598540136570854 -0.55478271781215605 -0.34572877929800727 0.63160384046004658 0.51362969916946255 0.13056599391704915 0.027782889748176567 -0.042610879669074897 -0.38920120780949929 0.3027065490233844 0.013288613716208703 0.45186613486404509 0.15105564607798533 -0.036209753929913678 -0.13573855494195602 0.038738530448289753 0.63344727573753556 0.97636188539708491
leaf_weight=5349 2796 2574 1349 1790 915 1255 1523 3025 1716 5228 8220 12763 566 3103 4519 1938 3666 4542 1293 5024 491 3275 409 1982 656 3347 5415 3299 2572 29
leaf_count=5349 2796 2574 1349 1790 915 1255 1523 3025 1716 5228 8220 12763 566 3103 4519 1938 3666 4542 1293 5024 491 3275 409 1982 656 3347 5415 3299 2572 29
internal_value=0.00118656 0.134413 0.257066 0.181495 -0.255459 0.260702 -0.315956 -0.62503 0.317875 0.550697 -0.523626 0.278136 -0.0544384 -0.428974 -0.381511 0.615014 0.317599 0.0596398 0.19564 0.0215676 -0.285626 0.415285 0.491219 0.375274 -0.0537022 -0.12517 -0.166712 0.106457 0.542688 -0.313045
internal_weight=94629 78035 59363 47232 18672 35360 16464 16594 28546 12131 11245 24258 11872 10321 8798 9557 19704 5891 2208 6814 5695 6941 4329 2391 1176 6143 5981 4554 4288 520
internal_count=94629 78035 59363 47232 18672 35360 16464 16594 28546 12131 11245 24258 11872 10321 8798 9557 19704 5891 2208 6814 5695 6941 4329 2391 1176 6143 5981 4554 4288 520
cat_boundaries=0 1 11 12 22 32 41 51 60 69 70 71 81 82 90 99 100
cat_threshold=96 50462720 4194304 262145 0 132098 2149580800 33554560 16777216 2148532232 16 16 134285852 1073774592 2170884 3145736 0 268443651 66561 539230464 8390720 1 139460612 553648128 541589760 17423 2147485952 1 83120 17043712 1048576 32 1610678304 33558953 2147483704 32 2167328 4096 1075838977 0 138428416 69206016 8388608 167940100 1077018624 16810017 33554433 8912898 541065216 1280 1 71305312 0 2147614720 402654256 2164263236 0 2150432770 537534464 90112 524288 2097152 1129316352 33574914 134217728 134217728 272793668 2048 67633714 6 6 1050624 0 2147487872 0 2147485768 75497472 2179600 537927680 8192 8 24 16384 2147778560 2147483688 8240 4356 0 2149859840 131072 0 4194304 0 0 2 0 33554560 0 1048576 4
is_linear=0
shrinkage=0.05


Tree=21
num_leaves=31
num_cat=11
split_feature=3 10 10 9 10 5 9 3 3 9 5 5 5 9 5 5 9 9 2 5 10 9 4 5 5 5 2 5 5 5
split_gain=2.88979e+06 1.07742e+06 413272 410679 206329 159071 156171 140347 100601 91807.7 55707 53776.5 53279.6 51489.1 51153.6 44467.6 43413.8 36350.9 36192.8 34418.7 33940.7 33656.1 32039.8 30376.1 29963.2 26633.1 25131.4 23596.8 22760.8 22069.2
threshold=43.192914572748684 0 1 2 3 51.007394781180302 4 27.099657320144079 74.983602448941227 5 46.416688465660265 59.140379541574205 71.29317958714114 6 22.519907403500781 23.109042785095685 7 8 57.337719298245624 55.200420650256959 9 10 2138.5000000000005 6.6511893812179865 56.645448309864769 53.371537626670246 28.251666666666669 72.59434041870945 81.440471381681988 36.061542677607562
decision_type=10 9 9 9 9 8 9 10 10 9 8 8 10 9 10 8 9 9 8 8 9 9 2 8 10 10 10 10 10 10
left_child=4 2 6 8 13 29 19 14 11 24 -8 -3 20 -1 23 -9 -4 -12 -13 -2 22 -21 -11 -6 -7 -17 -19 -15 -20 -5
right_child=1 3 16 5 7 9 10 15 -10 12 17 18 -14 27 -16 25 -18 26 28 21 -22 -23 -24 -25 -26 -27 -28 -29 -30 -31
leaf_value=-0.23233001637386114 -0.10520201739703812 0.15525360296018587 -0.42635532907270735 -0.22984529358171218 -0.87791623722030288 0.0034428447899537309 -0.32999380492895991 -0.67909774005372658 0.67779120899180467 0.35793870581209875 -0.24021505155861536 0.33832697254969807 0.48166231176693791 0.22228538364689163 -0.37720114620066925 -0.32604287990332442 -0.74826311356655495 -0.087436794499472434 0.48363683112038758 0.67546700076117216 0.16886430052101042 0.24435922991682318 0.15736724705085914 -0.61468997408534598 0.33948886499035957 0.078182289375537506 0.10014950978518206 1.2296811343681429 0.74061514825125252 -0.0028610698711575041
leaf_weight=933 554 1795 2563 1458 1217 4750 2353 876 4757 7909 2103 4457 2829 931 2165 6916 1940 4036 5970 552 7825 2644 2661 11024 771 433 3202 62 1007 4033
leaf_count=933 554 1795 2563 1458 1217 4750 2353 876 4757 7909 2103 4457 2829 931 2165 6916 1940 4036 5970 552 7825 2644 2661 11024 771 433 3202 62 1007 4033
internal_value=0.0020585 0.165433 -0.145439 0.288875 -0.464766 0.181939 -0.0224153 -0.506928 0.480327 0.232323 -0.112463 0.409684 0.279522 0.0331099 -0.601236 -0.342365 -0.566392 -0.0577872 0.449627 0.257941 0.248586 0.321696 0.307154 -0.64086 0.0502801 -0.302226 -0.00444484 0.282341 0.520727 -0.0631311
internal_weight=94726 70169 19947 50222 24557 32236 15444 22631 17986 26745 11694 13229 21224 1926 14406 8225 4503 9341 11434 3750 18395 3196 10570 12241 5521 7349 7238 993 6977 5491
internal_count=94726 70169 19947 50222 24557 32236 15444 22631 17986 26745 11694 13229 21224 1926 14406 8225 4503 9341 11434 3750 18395 3196 10570 12241 5521 7349 7238 993 6977 5491
cat_boundaries=0 1 2 12 13 22 32 41 50 60 61 63
cat_threshold=112 16 50463744 12681216 2147745921 48 2147485954 2149580800 33554560 17440768 2148548616 8 6 88080384 4194304 262144 48 2164261888 0 2147483778 16916480 1048576 69206528 1073741824 167968772 1075841024 16818208 1107296257 8388611 541065216 256 1 0 0 0 0 1073741824 16384 8421377 20480 16777250 16928 2147483904 2147745961 2097200 5156 0 11010560 131072 81920 1098880 8716288 2101376 1076895744 32808 109051913 16 524288 320 5 6 0 4194304
is_linear=0
shrinkage=0.05


Tree=22
num_leaves=31
num_cat=16
split_feature=0 0 0 10 0 0 9 9 9 9 0 1 9 9 9 9 9 10 0 9 10 1 0 5 3 5 9 1 9 10
split_gain=4.04067e+06 781771 473786 161776 108656 95596.3 65561.5 61012.9 59594.8 56518.1 52061.2 33940.8 32444.8 31776.6 28920.1 27115.9 25583.2 26843 23044.5 22166.8 20982.9 20151 19010.6 18560 17839.4 17696.5 17627.8 18069.5 16614.7 16592.2
threshold=52.034659776652539 31.882308941364528 74.516234831499176 0 18.989579323778994 64.9436005445029 1 2 3 4 42.913259055659935 1.5000000000000002 5 6 7 8 9 10 48.380580893955639 11 12 266.50000000000006 92.613805550020018 64.176716226806107 44.399551162202698 53.127671384922984 13 182.50000000000003 14 15
decision_type=10 8 10 9 10 10 9 9 9 9 8 2 9 9 9 9 9 9 8 9 9 2 10 8 10 8 9 2 9 9
left_child=1 4 5 7 14 16 29 -3 22 -8 19 24 -7 25 -1 -6 -2 -18 -9 -11 -15 23 -4 -13 -10 -12 -17 -28 -19 -5
right_child=2 3 8 6 15 12 9 18 11 10 13 21 -14 20 -16 26 17 28 -20 -21 -22 -23 -24 -25 -26 -27 27 -29 -30 -31
leaf_value=-0.71658326007451434 0.28846749282979023 -0.19251659789448991 0.6096720885143444 0.50118959835575272 -0.54556915293034824 0.40057505520075526 -0.52993457062562199 -0.34159559464047418 -0.61956340310474234 0.059483628714239449 -0.10335488435766643 0.2874628245742521 0.24017368111071524 -0.1223255195923728 -0.55432245018504955 -0.023188030447412099 0.19077751036374963 0.10031725355855595 -0.69417358098046822 -0.22675539063171957 0.059478768895735716 -0.057305822731135138 0.79726007609233185 0.52925983416863498 0.20953873580594254 0.16192855433172459 -0.39075043635580481 0.36495920144021515 -0.054827090774142453 0.12862391390441194
leaf_weight=6091 2497 1678 6302 374 3023 6327 742 644 72 760 816 910 6585 6379 6102 373 6647 6094 1653 6255 2108 167 1719 6206 656 2738 7031 80 2401 1472
leaf_count=6091 2497 1678 6302 374 3023 6327 742 644 72 760 816 910 6585 6379 6102 373 6647 6094 1653 6255 2108 167 1719 6206 656 2738 7031 80 2401 1472
internal_value=-0.000875009 -0.321217 0.331405 -0.131903 -0.534875 0.215893 -0.0778975 -0.424699 0.551528 -0.104497 -0.0876618 0.452494 0.319268 -0.0246274 -0.636422 -0.417033 0.14022 0.115506 -0.592742 -0.195983 -0.0771521 0.485598 0.649065 0.498339 0.12754 0.100736 -0.363898 -0.381712 0.0564548 0.206399
internal_weight=94902 48319 46583 25619 22700 30551 21644 3975 16032 19798 19056 8011 12912 12041 12193 10507 17639 15142 2297 7015 8487 7283 8021 7116 728 3554 7484 7111 8495 1846
internal_count=94902 48319 46583 25619 22700 30551 21644 3975 16032 19798 19056 8011 12912 12041 12193 10507 17639 15142 2297 7015 8487 7283 8021 7116 728 3554 7484 7111 8495 1846
cat_boundaries=0 1 11 20 28 37 47 56 66 75 85 86 96 97 107 116 117
cat_threshold=96 186810404 65536 393344 2415919112 2164924452 2097152 2181038208 17309696 1064960 8 4026875936 268454873 2147483672 0 2097184 16777216 1157644801 131072 131072 1024 12845056 1 16 256 2189426689 10502816 131072 524288 8388608 1077944320 4210690 1207959552 134234116 272793668 268438016 67895858 138416128 2151710720 36992 1048600 2147485762 42991617 10764288 16916992 16842752 16 71322688 4194304 2101257 1057840 7168 2248146944 2899970 538050560 40960 134742016 553910272 541589760 16399 2048 33570816 8390208 17109760 262688 32 786432 268435473 2169536513 1073824776 4194560 1 8503300 16779264 68198402 188744192 4227072 134217856 135266352 5388 2097152 2150105120 83894272 16777280 4 6 5242888 1073741824 2181627904 16782336 2112 8388608 2097152 537133056 8192 4 24 33556488 0 16 2101280 2112 0 2097168 536879104 0 8 1050688 2281701376 98336 270541824 2164787264 2181038081 8733313 135168 1056768 6
is_linear=0
shrinkage=0.05


Tree=23
num_leaves=31
num_cat=13
split_feature=0 0 0 9 0 0 0 5 9 2 9 9 9 0 5 9 9 3 9 9 5 0 9 5 2 1 4 9 9 11
split_gain=3.72161e+06 679422 434541 93212.4 89791.5 81324.9 62066.8 61492.5 43665.2 33302.8 31799.4 31288.8 29640.1 29248.9 28666.1 26954.4 21569.9 20853.6 20004.7 18968 16717.4 15376.3 14952.8 14817 14645 14240.2 13579.8 14113.4 12972.3 12934.7
threshold=50.721663217001058 30.401939523056221 73.074691790358386 0 13.403310446734043 63.574472765854175 86.358822685579767 39.24035078096653 1 15.880831643002031 2 3 4 40.855805495825827 63.462073970314002 5 6 68.691291717074975 7 8 23.109042785095685 55.805669707274681 9 68.955090493311886 48.07030548068284 202.50000000000003 2790.5000000000005 10 11 12
decision_type=10 8 10 9 10 10 10 8 9 10 9 9 9 8 10 9 9 10 9 9 8 10 9 10 10 2 2 9 9 1
left_child=1 4 5 -3 -1 14 11 16 -9 -8 -6 29 -7 -10 19 -15 -5 22 -12 -2 -20 -21 -17 26 -13 -22 27 -14 -24 -4
right_child=2 3 6 7 10 12 9 8 13 -11 18 24 23 15 -16 17 -18 -19 20 21 25 -23 28 -25 -26 -27 -28 -29 -30 -31
leaf_value=-0.66513640418743836 0.2326825264653043 -0.55618836095134616 0.51795399989552671 -0.15773268140077801 -0.56236702925178883 0.3689828796796138 -0.0058107337824584264 0.13300622957188182 -0.20253630429020675 0.65475319316112657 -0.004899552372186932 0.19091191573049873 0.2757997585473308 -0.30063794589054516 0.27018281944821598 0.033984754690057087 -0.40171990729851315 0.22994992347473553 -0.56089288458855013 -0.0090434201853547922 -0.38650143844798346 0.11006343519323072 -0.039790781089311916 0.38797214445398642 0.40109656968875607 0.4600066669471562 0.054214497672806963 0.086741528102702456 -0.17157883913936173 0.33602463753650486
leaf_weight=7298 2028 1270 6980 1595 4422 6020 197 2088 5649 6068 325 1500 4003 1100 2689 3071 2237 662 1548 4231 7801 7536 4357 1131 1852 50 1407 1351 3285 1136
leaf_count=7298 2028 1270 6980 1595 4422 6020 197 2088 5649 6068 325 1500 4003 1100 2689 3071 2237 662 1548 4231 7801 7536 4357 1131 1852 50 1407 1351 3285 1136
internal_value=0.00208278 -0.31561 0.310726 -0.140188 -0.522691 0.195973 0.507423 -0.117935 -0.0831671 0.633982 -0.449202 0.438284 0.284997 -0.108085 0.120839 -0.0654022 -0.301625 -0.0423526 -0.396754 0.0917276 -0.410284 0.0671797 -0.0592189 0.220187 0.306127 -0.38111 0.192445 0.228771 -0.0965916 0.491883
internal_weight=94887 46758 48129 25314 21444 30396 17733 24044 20212 6265 14146 11468 13912 18124 16484 12475 3832 11375 9724 13795 9399 11767 10713 7892 3352 7851 6761 5354 7642 8116
internal_count=94887 46758 48129 25314 21444 30396 17733 24044 20212 6265 14146 11468 13912 18124 16484 12475 3832 11375 9724 13795 9399 11767 10713 7892 3352 7851 6761 5354 7642 8116
cat_boundaries=0 9 18 27 37 47 56 66 76 86 95 105 115 116
cat_threshold=524288 8388608 1883242496 81991 138412032 134217732 4358220 313856 262706 123897896 589824 131089 419430400 2148016130 2216689664 33554560 4726784 1064960 403177472 2147778560 541065505 1073824768 2147483904 0 8406084 17107456 1474576 33554432 12877824 294913 268435472 2368 2189426689 10765952 16916480 1114112 8 134221824 2151710720 102528 1048600 2147483712 110100481 10747904 16982528 16850944 16 402915844 1140850692 50864128 1107300352 2228224 540680 1476400128 270602240 16910336 1744851024 262144 34382080 0 2147516416 285736960 2097152 1048576 260 13 200 256 8208 2101248 32832 4096 0 536879104 0 8 33554948 1077936128 134283392 154271760 1032 1073741824 2621586 16916480 16777216 13 1611665472 4196736 268292 1049896 4132 8388608 2687488 538050562 9216 2048 262144 2147745793 1224745984 39168 8 606864 68157440 0 8 16512 294921 33152 2097168 34880 3 18 0 33088 13 2
is_linear=0
shrinkage=0.05


Tree=24
num_leaves=31
num_cat=12
split_feature=0 0 0 10 0 0 0 9 9 0 2 9 9 9 9 0 5 1 9 9 9 4 1 1 10 0 5 9 1 5
split_gain=3.34558e+06 503591 502682 124199 102882 91219.2 82357.2 61365.6 55533.7 48213.1 40000.2 35831.7 33360.3 32997.3 25549.5 23807.4 23686 23318.7 23258.8 20471.8 19928.7 21502.3 18367.3 17723.3 17342.8 17129.4 16477.4 16298.6 15857.5 15144.6
threshold=46.70262797415625 67.860614535135738 25.633506881450042 0 80.631436367722003 37.273426082525972 57.69216164445983 1 2 11.569662024184227 20.003906250000004 3 4 5 6 91.84349373894743 53.371537626670246 2.5000000000000004 7 8 9 50.500000000000007 3.5000000000000004 120.50000000000001 10 39.784434121412495 63.692854405070527 11 3.5000000000000004 60.795610024242087
decision_type=10 10 8 9 10 8 10 9 9 10 10 9 9 9 9 10 10 2 9 9 9 2 2 2 9 10 10 9 2 10
left_child=2 6 9 8 11 12 14 25 -4 -1 22 -3 -5 -9 -2 -12 20 -11 -8 -10 21 -15 -6 28 -13 -7 -16 -19 -14 -20
right_child=1 4 3 5 10 7 18 13 19 17 15 24 23 16 26 -17 -18 27 29 -21 -22 -23 -24 -25 -26 -27 -28 -29 -30 -31
leaf_value=-0.64802766216572116 -0.14888244924801708 0.41243705681539372 -0.23250994499932484 -0.040266191407371539 -0.095993032166317327 0.33116369301233961 0.29605760303672002 -0.35423506323006698 -0.41076693269619913 -0.32372327525684996 0.53283526425628669 0.28104786718442254 -0.17840762733391247 0.29208843336549523 0.034225457246852171 0.71665751430301416 0.13911642273394723 -0.60783943768735449 0.12741912608739261 -0.70298548018655693 -0.14216885053861408 -0.051544068100574193 0.56820886942329796 0.43520846843719485 0.023041249808417229 -0.017358313025456044 0.23692958573821632 -0.4592507702430848 -0.38402286686806181 0.25828886529162187
leaf_weight=5941 1771 8092 2591 1253 335 1219 4453 1070 1322 2132 7698 4787 1203 573 9278 2284 1265 3001 8621 1350 6152 2215 151 75 768 496 1124 6689 4252 2973
leaf_count=5941 1771 8092 2591 1253 335 1219 4453 1070 1322 2132 7698 4787 1203 573 9278 2284 1265 3001 8621 1350 6152 2215 151 75 768 496 1124 6689 4252 2973
internal_value=-0.000510432 0.267628 -0.328392 -0.184056 0.435411 -0.126374 0.124251 -0.0488345 -0.399765 -0.531827 0.55333 0.344961 -0.275056 -0.0912219 0.0261803 0.574896 -0.0633251 -0.473431 0.198646 -0.560478 -0.0920412 0.0190124 0.110374 -0.32759 0.245483 0.229031 0.056075 -0.50637 -0.338678 0.160839
internal_weight=95134 52335 42799 25036 24115 19773 28220 12990 5263 17763 10468 13647 6783 11275 12173 9982 10205 11822 16047 2672 8940 2788 486 5530 5555 1715 10402 9690 5455 11594
internal_count=95134 52335 42799 25036 24115 19773 28220 12990 5263 17763 10468 13647 6783 11275 12173 9982 10205 11822 16047 2672 8940 2788 486 5530 5555 1715 10402 9690 5455 11594
cat_boundaries=0 1 10 19 29 39 48 57 67 76 86 87 96
cat_threshold=96 89292832 4194304 266248 268443688 2147628068 69206016 34078848 16785408 1064960 1879130112 2415936457 2147483696 48 2097184 16777216 1300234753 0 131076 37752832 4227072 295040 269484048 2368 42991617 44319744 16982016 1114112 24 5244936 2151710720 524545 2097154 3221784640 0 2097154 537272320 10496 13 524928 8421376 1111498752 1079003138 0 167788544 138444800 268435968 790064 67179648 2147483649 3257139496 1090519072 4 335544321 329216 2147549440 17891328 138414592 2151710720 65664 1209008176 2147489800 36700161 2113570 16777216 16785408 13 2147745792 526356 272924680 73793 2151743492 301993984 4104 143616 32786 2098240 2147811328 2147484065 5136 33032 8388616 279568 538574850 8256 12 14 134742016 2147516416 2151678241 1073808393 2147485952 540672 12600320 18088192 33300
is_linear=0
shrinkage=0.05


Tree=25
num_leaves=31
num_cat=16
split_feature=0 0 0 10 0 9 0 0 9 0 9 9 9 9 9 10 2 9 9 1 9 9 9 5 0 2 9 1 1 9
split_gain=3.03056e+06 485161 419978 105526 101969 80493.9 54995 49030.1 48368.4 43632.4 41854.8 37610.3 30386.3 28755.5 28514.8 24786.2 34155.4 24169.5 22634 21021.2 19304.1 19207 17909.2 17432.8 17390.1 22795.6 17272.3 16517.5 16064.9 13989.1
threshold=47.683470174757623 25.633506881450042 66.635617484301534 0 78.162484644760312 1 37.692947463019074 55.520394700283909 2 13.403310446734043 3 4 5 6 7 8 11.516666666666667 9 10 2.5000000000000004 11 12 13 63.939582431739026 95.031976712647477 14.008620689655174 14 44.500000000000007 266.50000000000006 15
decision_type=10 8 10 9 10 9 8 10 9 10 9 9 9 9 9 9 10 9 9 2 9 9 9 10 10 10 9 2 2 9
left_child=1 9 7 8 12 22 18 14 -3 -1 -8 24 -4 -10 -2 21 29 -9 -7 -13 -18 27 -5 -19 25 -6 -11 -12 -21 -17
right_child=2 3 4 5 11 6 10 17 13 26 15 19 -14 -15 -16 16 20 23 -20 28 -22 -23 -24 -25 -26 -27 -28 -29 -30 -31
leaf_value=-0.60258425188477971 0.18695661782687462 -0.18692126779408952 0.37753562764195925 0.62009407730235 -0.63259467496758415 -0.37965632042514003 -0.35793398216223404 0.25479130284736112 -0.35120246837745328 -0.53917139201285991 0.050034562916713869 0.068224033444033313 0.2252924497751459 -0.66912179170176389 -0.033633146999533368 0.046564055061726659 -0.19544319897659013 0.095595488696319467 -0.18956285811874518 0.4558418497340917 0.13301809816049973 -0.14638229296503361 0.13965687220991305 0.25653139652474549 0.76239975689061679 0.53493442578358097 -0.3952049360364871 -0.44217826912963326 -0.086532014638385515 0.50419365070662037
leaf_weight=7229 1888 2174 7325 215 42 2567 1247 5214 1649 3346 2484 600 6188 1394 6414 260 921 9370 4237 1631 852 5708 1601 2051 879 9125 7024 183 149 521
leaf_count=7229 1888 2174 7325 215 42 2567 1247 5214 1649 3346 2484 600 6188 1394 6414 260 921 9370 4237 1631 852 5708 1601 2051 879 9125 7024 183 149 521
internal_value=0.000300632 -0.305541 0.262474 -0.168371 0.403329 -0.117731 -0.148184 0.11596 -0.369299 -0.508291 -0.0846392 0.50671 0.308265 -0.498556 0.016717 -0.0530801 0.0830745 0.165489 -0.262118 0.322811 -0.037956 -0.0946508 0.199621 0.124388 0.549409 0.529585 -0.442558 0.0161999 0.410441 0.358898
internal_weight=94488 43612 50876 26013 25939 20796 18980 24937 5217 17599 12176 12426 13513 3043 8302 10929 2554 16635 6804 2380 1773 8375 1816 11421 10046 9167 10370 2667 1780 781
internal_count=94488 43612 50876 26013 25939 20796 18980 24937 5217 17599 12176 12426 13513 3043 8302 10929 2554 16635 6804 2380 1773 8375 1816 11421 10046 9167 10370 2667 1780 781
cat_boundaries=0 1 10 19 28 37 47 56 65 66 76 85 93 103 112 121 131
cat_threshold=96 257064992 524288 262272 2550136864 2147622918 2216689664 2181038208 16785408 1056768 1879130112 2416460684 2147483696 32 2097184 285212672 85983745 0 163844 0 1149272064 1111498752 1077956610 0 403177472 406880256 270549504 17564464 16778240 2160361472 2147778601 48 256 2181038081 44058272 16908288 1048576 134223872 2151710720 295040 269484048 2368 42991617 10764288 16982528 65536 24 2147745796 2129 272924681 8208 4194308 33558528 1216352264 143360 2 544213196 0 589824 137494528 2164789320 33554432 2162864 537010176 8256 24 188746240 4194304 98432 1209016368 8 70254592 2097826 16916480 17825792 5 528896 262144 50335776 1074816012 0 33554432 9224737 269551616 67666432 16384 0 32769 2105344 64 33554433 8388609 131072 6216 4456448 2147618849 1057808 6248 10 541696 537919488 65536 8 134217728 0 0 2415919104 2 0 2181038208 0 1048576 402653184 2147778560 20971777 1073824768 2147483904 524288 8406084 17170432 1212436 2048 0 524292 2098176 32832 0 8388609 0 65536 9
is_linear=0
shrinkage=0.05


Tree=26
num_leaves=31
num_cat=16
split_feature=0 0 0 10 0 9 0 9 9 9 0 9 5 1 9 10 9 9 9 9 9 0 0 10 3 1 9 5 3 9
split_gain=2.75379e+06 433528 389919 103636 76258.5 73229.1 66782.5 60493.9 52059.5 36108.9 34419.9 30643.2 28563.6 25091.6 24530.5 23469.3 37713.7 22548.1 22060.5 20793.9 20620.4 19674 19091.8 18991.2 18340.9 15300.7 18869.4 14843.3 14458.7 14135
threshold=46.70262797415625 31.882308941364528 68.776604598855627 0 21.125634397593021 1 57.69216164445983 2 3 4 86.796733968748327 5 61.045495440993427 7.5000000000000009 6 7 8 9 10 11 12 7.3788602437753985 45.581184776306166 13 42.810839667185839 188.50000000000003 14 56.645448309864769 60.681020396566915 15
decision_type=10 8 10 9 10 9 10 9 9 9 10 9 8 2 9 9 9 9 9 9 9 10 8 9 10 2 9 8 10 9
left_child=1 4 6 8 13 10 19 12 -3 -9 -4 23 -5 14 -1 18 -17 -6 -11 -2 -8 -16 -10 -7 -13 26 -19 -21 -20 -29
right_child=2 3 5 7 17 11 20 9 22 15 -12 24 -14 -15 21 16 -18 25 28 27 -22 -23 -24 -25 -26 -27 -28 29 -30 -31
leaf_value=-0.16253678915380021 -0.097251837387966902 -0.1502961705459088 0.41626798687286853 -0.13231998120227795 0.077137648469275413 0.41213656047312192 0.28302017976343646 -0.45480462768498592 -0.25813121021487695 -0.23262140126503514 0.58389779071499948 -0.41285780241360537 0.26916993228874475 -0.5897173706791522 -0.63678470448628188 -0.085347185615153809 0.31505831707026477 -0.48459173266737987 -0.10698949841162725 -0.025050646735846005 0.15698406442278287 -0.43599724905074178 -0.61295557971586667 0.24694988980342353 0.16508872638795322 0.35956289485881204 -0.30685823654160438 0.18978829680748513 0.093084273465478207 0.044922157403015188
leaf_weight=687 2342 1642 7978 599 330 4336 4395 721 494 3382 4970 148 1701 6641 1620 1926 835 2102 6198 2970 12991 4941 1630 3140 1894 76 6140 3008 1057 3857
leaf_count=687 2342 1642 7978 599 330 4336 4395 721 494 3382 4970 148 1701 6641 1620 1926 835 2102 6198 2970 12991 4941 1630 3140 1894 76 6140 3008 1057 3857
internal_value=0.00127141 -0.296197 0.245528 -0.127896 -0.446933 0.402545 0.126205 -0.0734466 -0.364122 -0.112199 0.480241 0.296034 0.163895 -0.519509 -0.45518 -0.093436 0.0364461 -0.330375 -0.127152 0.0364095 0.189098 -0.484835 -0.527945 0.343179 0.1226 -0.346219 -0.353147 0.0682676 -0.0777331 0.108739
internal_weight=94751 42722 52029 20185 22537 22466 29563 16419 3766 14119 12948 9518 2300 13889 7248 13398 2761 8648 10637 12177 17386 6561 2124 7476 2042 8318 8242 9835 7255 6865
internal_count=94751 42722 52029 20185 22537 22466 29563 16419 3766 14119 12948 9518 2300 13889 7248 13398 2761 8648 10637 12177 17386 6561 2124 7476 2042 8318 8242 9835 7255 6865
cat_boundaries=0 1 11 21 30 39 49 59 60 69 79 89 99 109 110 119 128
cat_threshold=96 17408 2160361472 262273 56 2048 2189426689 36456096 16908288 0 8 122847264 4194304 2147745921 268435496 2147483686 69206016 128 554180608 1056768 4 4026613792 268438413 2147483665 65552 32 268435457 85983745 131072 131072 524288 8421376 1077936128 34603014 1207959552 403193856 272662596 268453888 67895842 55709696 0 2147516456 269492224 2147620160 1048576 8388608 598016 2148605952 16 2415925248 268440705 3271622664 5308416 557120 524288 6422529 131072 524288 12 24 16384 1073741824 33587236 2106368 72 33554433 142622753 135168 16777216 33556488 2151677952 16 2097184 2147516416 0 0 536879104 0 8 4800 262144 524292 1094734080 0 1048584 142884899 70144 100416 1 67195904 2147745921 2183139712 8224 16777216 369098753 263808 69888 1114112 1 184556032 2151710720 128 1209008144 8 36700160 11010592 553656320 1130496 12 6 1074282496 268697617 2170290177 1073808384 4194304 4 8405540 16779264 67150338 542113932 4227072 65568 136315904 2147485760 8388610 2097186 1187840 16786752
is_linear=0
shrinkage=0.05


Tree=27
num_leaves=31
num_cat=15
split_feature=0 0 0 10 0 9 5 9 9 9 0 5 9 9 9 9 1 0 10 9 5 3 9 5 1 3 2 9 9 9
split_gain=2.41739e+06 487778 280721 114034 80057.4 54592.8 53183.9 48931.9 41135.3 40945.8 32574.1 30945.5 34518.3 24480 24059.1 21675.9 21130.6 20186.1 20141.9 19305.9 16294.5 15835.6 15494.8 14951.3 14879 14585.2 14510.8 16532.6 14312.5 14100.5
threshold=52.663263358934024 33.875743648267651 75.432174317282389 0 21.125634397593021 1 63.692854405070527 2 3 4 63.695287304293679 45.481174107858614 5 6 7 8 19.500000000000004 92.613805550020018 9 10 24.240822422786362 44.399551162202698 11 66.443174242871748 266.50000000000006 68.948236798249113 20.877500000000001 12 13 14
decision_type=10 8 10 9 10 9 10 9 9 9 10 8 9 9 9 9 2 10 9 9 8 10 9 10 2 10 10 9 9 9
left_child=1 4 6 5 14 -3 10 -5 18 17 26 29 23 -12 -1 -6 -8 -4 -9 24 -17 -21 -22 -13 -11 -14 -2 -28 -16 -10
right_child=2 3 9 7 15 -7 16 8 11 19 13 12 25 -15 28 20 -18 -19 -20 21 22 -23 -24 -25 -26 -27 27 -29 -30 -31
leaf_value=-0.57899517013546598 -0.062002761295792401 -0.13680054522549723 0.45451254118022799 -0.48296793125223003 -0.46652655723151626 -0.52478253031781541 0.1920419112360453 0.53069065167199303 -0.088583641219158515 0.40365927091006615 0.29165447761877455 0.064939691274937747 -0.086722708535411711 0.14026617353944973 -0.036409416782512589 -0.45051038214192513 0.36459016224943402 0.63625257531509694 0.1090339817637771 -0.55424342885976885 0.017595291715447926 0.16650893615128903 -0.26005863526084355 0.40085436854054923 -0.090267151996220762 0.23328976997753254 0.19780924313360315 0.059797035308927653 -0.44536096637255923 -0.27380667693780553
leaf_weight=4733 1578 1700 9687 613 1651 1994 3077 338 2228 2169 4291 4286 9448 7273 233 1046 4191 1814 1628 82 550 1079 6779 359 164 370 3081 7393 8949 1952
leaf_count=4733 1578 1700 9687 613 1651 1994 3077 338 2228 2169 4291 4286 9448 7273 233 1046 4191 1814 1628 82 550 1079 6779 359 164 370 3081 7393 8949 1952
internal_value=-0.00119468 -0.245948 0.259446 -0.0910846 -0.407119 -0.347082 0.173266 -0.046339 -0.0331239 0.436944 0.136866 -0.0560907 -0.0214894 0.196815 -0.484729 -0.299403 0.29154 0.482758 0.183845 0.283946 -0.265584 0.114616 -0.239553 0.0907064 0.367364 -0.0745868 0.079345 0.10064 -0.435034 -0.175947
internal_weight=94736 48857 45879 24916 23941 3694 30884 21222 20609 14995 23616 18643 14463 11564 13915 10026 7268 11501 1966 3494 8375 1161 7329 4645 2333 9818 12052 10474 9182 4180
internal_count=94736 48857 45879 24916 23941 3694 30884 21222 20609 14995 23616 18643 14463 11564 13915 10026 7268 11501 1966 3494 8375 1161 7329 4645 2333 9818 12052 10474 9182 4180
cat_boundaries=0 1 10 19 28 38 48 58 68 77 78 87 97 107 117 127
cat_threshold=96 1879130112 268438489 2147745968 0 2097184 268435456 85983745 139264 131074 524304 8388608 1080033280 2054 1073741824 134758404 4358148 268503040 613155378 219316236 0 266376 268435464 2164269092 2217738240 2181038464 17309696 1064960 1024 2160361472 2147778569 48 3392 2189426689 44303008 16908288 2147483648 8 39915744 4259840 65541 151004464 526336 8388608 65552 538050560 10240 5 128 2151972864 36992 1074790424 6208 33554441 11288576 16843264 73728 24 134217728 2701393920 541065504 11 2147483648 0 142608064 17109248 512 34 1074266112 17 2198863873 1073808384 2048 0 344676 16779776 67305474 6 51398656 0 160 286269440 2147483648 0 17408 524288 1114112 4196352 2151677952 256 2101536 3221258244 0 69210112 536870912 68 4 5245440 4227072 134217856 139280 2147486976 1083179008 16530 16920576 17825792 5 69632 0 65552 7340032 557120 524288 16 0 0 8 16448 262144 565504 4210704 557376 276824064 2163232 0 41280 8
is_linear=0
shrinkage=0.05


Tree=28
num_leaves=31
num_cat=19
split_feature=0 0 0 10 9 9 9 0 0 9 0 9 5 10 9 9 10 9 10 9 9 10 3 9 0 5 9 0 11 9
split_gain=2.25494e+06 378953 304790 92846.7 65022.8 59291.4 49505.3 49243.6 42417.3 40463.6 33155 39320.2 31769.8 29501.8 24566.5 20931.2 20725.6 20210.1 18954.5 23486.6 18806.7 20100.5 20402.5 18019.4 16386.2 15290.7 15174.9 14159.4 13748 13695.3
threshold=48.728687967799374 28.667575192464021 68.349083972813403 0 1 2 3 13.403310446734043 62.067593938237486 4 45.313560063962477 5 76.472064941311501 6 7 8 9 10 11 12 13 14 30.943756253086864 15 86.358822685579767 15.265342975520435 16 45.313560063962477 17 18
decision_type=10 8 10 9 9 9 9 10 10 9 8 9 10 9 9 9 9 9 9 9 9 9 10 9 10 8 9 10 1 9
left_child=1 7 8 6 -4 -5 -3 -1 20 -7 17 16 13 24 -15 -9 -12 -11 19 -13 -2 -22 -23 -10 28 -17 -16 -18 -6 -27
right_child=2 3 4 5 12 9 -8 15 23 10 11 18 -14 14 26 25 27 -19 -20 -21 21 22 -24 -25 -26 29 -28 -29 -30 -31
leaf_value=-0.52036593921705654 0.17115478714114196 -0.15462604968529581 0.48993985066364892 0.20381604460654029 0.34103393387844033 -0.41442007798725716 -0.48688630676817024 -0.10017867194329136 0.31632853438266584 -0.23264463759148202 -0.0087533718462957325 -0.037969181306269258 0.45639990368170075 0.24715642288486311 0.11986743827976154 -0.54313714607657237 0.41602706786382071 -0.089135015850071275 0.085033685013841454 -0.30686603513150978 0.11925671307771152 -0.52766466299320536 0.00077934750984194655 0.15791718740408681 0.51023396830289991 -0.45911388188096663 -0.23026645089573178 0.083992658969549133 0.12758444032293345 -0.32314040745352401
leaf_weight=7332 3244 2173 7114 1689 5078 991 2379 768 2315 3938 1030 1979 2927 4638 953 1210 850 6610 1159 1380 4623 187 7856 8468 1223 2593 446 516 886 8415
leaf_count=7332 3244 2173 7114 1689 5078 991 2379 768 2315 3938 1030 1979 2927 4638 953 1210 850 6610 1159 1380 4623 187 7856 8468 1223 2593 446 516 886 8415
internal_value=-0.000159761 -0.256834 0.231103 -0.125238 0.363389 -0.078995 -0.328961 -0.416773 0.115805 -0.104977 -0.0871884 -0.00214064 0.307154 0.274353 0.191701 -0.358283 0.161205 -0.143018 -0.0889267 -0.149025 0.063916 0.0362863 -0.0114927 0.192366 0.343035 -0.374119 0.00740301 0.288491 0.309324 -0.35588
internal_weight=94970 45012 49958 24694 23265 20142 4552 20318 26693 18453 17462 6914 16151 13224 6037 12986 2396 10548 4518 3359 15910 12666 8043 10783 7187 12218 1399 1366 5964 11008
internal_count=94970 45012 49958 24694 23265 20142 4552 20318 26693 18453 17462 6914 16151 13224 6037 12986 2396 10548 4518 3359 15910 12666 8043 10783 7187 12218 1399 1366 5964 11008
cat_boundaries=0 1 8 18 27 36 45 46 55 65 66 75 76 85 95 96 106 116 117 127
cat_threshold=96 0 12582912 1 1048592 0 2189426689 44826784 223381668 0 393216 2550136864 2147491879 69206016 2181039232 524288 1048576 4 1879392288 268436361 2147745840 16 2097188 16777216 83890689 0 4341766 524800 8388608 1094713344 1107296258 134217728 134234112 272678916 268454402 67895858 132160 2147483648 2147488161 9240 40192 33554432 328194 17956864 57344 6 16777216 294912 2147778696 285221888 2147485952 0 17920 18022400 1056768 33561164 128 1073750036 36706592 32768 4096 2621456 805314560 65600 8 16 65536 2147778560 2147491881 1056776 1073778688 35127305 142868993 1245184 34816 24 65544 4489216 32780 19922944 64 268435467 134742016 73728 65856 693109284 1077968896 134283264 134217744 2147486984 68157440 36175906 16785408 1088 4 6 185602560 2151677952 65537 1074790416 32832 3145728 8470560 16777216 16842752 8 5244928 2147483648 32 1073741856 5120 0 65536 532480 0 8 2 403177472 64 2688549121 1073742848 2147483904 0 8406212 17105408 1212434 4
is_linear=0
shrinkage=0.05


Tree=29
num_leaves=31
num_cat=16
split_feature=0 0 0 10 1 9 0 9 1 0 9 0 9 9 9 9 9 9 9 0 9 1 1 2 10 9 11 10 1 2
split_gain=1.98749e+06 322791 287144 83678.3 82994.7 67995.2 65659.8 52454.7 35903 33324 31979.3 28819.9 26269.1 22157.7 21308.7 21076.2 20830.8 19668.1 17884.8 17802.8 17014.7 16460.2 16238.5 16132.9 15823.2 15784.3 14654.6 12955.5 12926.6 11532
threshold=47.683470174757623 24.857254681626873 66.809402297906658 0 1.5000000000000002 1 78.575091204176417 2 1.5000000000000002 57.142417197609369 3 36.012483343906815 4 5 6 7 8 9 10 90.668331359704027 11 2.5000000000000004 202.50000000000003 31.928141135972464 12 13 14 15 7.5000000000000009 19.002145922746784
decision_type=10 8 10 9 2 9 10 9 2 10 9 10 9 9 9 9 9 9 9 10 9 2 2 10 9 9 1 9 2 10
left_child=1 10 9 7 5 -5 13 -3 23 20 -1 16 22 26 -13 -11 27 -7 -14 25 -2 24 -6 -8 -12 -10 28 -9 -4 -17
right_child=2 3 6 4 12 17 8 11 19 15 21 14 18 -15 -16 29 -18 -19 -20 -21 -22 -23 -24 -25 -26 -27 -28 -29 -30 -31
leaf_value=-0.51670650171041865 0.16353844474019413 -0.49186460450879965 0.2003197836142479 0.50557681951092948 -0.33632492273424297 -0.41155870880790152 -0.12204572459786547 0.069598253468117238 0.11166783660950433 0.28853849346284272 -0.35215130354819107 0.090565307927487598 0.16682394403373169 0.18897146571678247 -0.15024901421060322 -0.056741436972098963 -0.27867375853421 0.06665884452293612 -0.10792411980804079 0.54547938912689076 -0.0054155551391933919 -0.40005783129481581 0.43109111959735558 0.32864977967540426 -0.091093881692068113 0.41738821397939696 0.1453230958009728 -0.24563871612755564 0.3874849450146256 0.12942568836868101
leaf_weight=5593 1793 1573 1154 1014 1618 227 422 784 474 2071 1578 1225 647 6741 3618 894 6814 2312 6194 2844 8591 8931 72 375 953 8031 1032 545 4599 11964
leaf_count=5593 1793 1573 1154 1014 1618 227 422 784 474 2071 1578 1225 647 6741 3618 894 6814 2312 6194 2844 8591 8931 72 375 953 8031 1032 545 4599 11964
internal_value=0.000116338 -0.247328 0.212194 -0.138601 -0.041189 0.161822 0.33002 -0.219275 0.414404 0.0926975 -0.417178 -0.185903 -0.125787 0.254246 -0.0894601 0.140543 -0.24349 0.0224568 -0.0817337 0.437185 0.0239099 -0.36784 -0.301844 0.090013 -0.255606 0.400972 0.31835 -0.060544 0.349941 0.116391
internal_weight=94683 43698 50985 26643 12084 3553 25672 14559 12146 25313 17055 12986 8531 13526 4843 14929 8143 2539 6841 11349 10384 11462 1690 797 2531 8505 6785 1329 5753 12858
internal_count=94683 43698 50985 26643 12084 3553 25672 14559 12146 25313 17055 12986 8531 13526 4843 14929 8143 2539 6841 11349 10384 11462 1690 797 2531 8505 6785 1329 5753 12858
cat_boundaries=0 1 11 21 31 40 50 60 69 78 87 97 106 107 116 117 118
cat_threshold=112 1052672 2147745792 2147745953 1343234056 3328 2214592513 344720 17825792 1081344 4 1574404 16384 1572864 1074872323 65536 33554436 16544 16810496 68420210 4 138936320 2702180352 2689073408 7 2147483648 16385 8439424 17109248 32 32 544768 2147483648 270369 1078984705 320 524288 8749632 268634112 557824 134217728 2151710720 37000 1048592 6466 2190475265 44318720 16982016 65536 8 1610946632 2151677960 33624340 16 2097216 524288 10486800 131072 204800 8 184549888 4194304 128 1207959600 4104 0 524450 16785920 16777216 541067296 2152202240 2147885073 268435488 2147520512 8388608 2097664 536879104 82176 33554432 0 65536 2 134250496 134217728 4227104 20480 32 3147904 0 589824 16384 3221749768 8388610 32 0 64 8 544211084 1077936128 589824 136314880 2164260936 1073741824 2162720 553656320 1088 96 4210688 0 128 0 131074 3145728 33554432 8192 90112 2 80
is_linear=0
shrinkage=0.05


Tree=30
num_leaves=31
num_cat=15
split_feature=10 3 10 9 5 9 5 9 9 9 5 9 9 9 5 10 10 9 5 2 9 9 5 1 2 2 5 2 5 5
split_gain=1.22875e+06 348807 335544 153528 152126 106043 77162.6 74275.5 73880.6 52888.4 36747.1 36149.3 28322.1 27475.9 27329.5 22287.2 21153.7 20772.8 19865.9 17175.5 17164.8 16747.5 15077.4 13614.3 13238 12678.8 12533 12464.2 12349.3 11937.1
threshold=0 48.600724036086326 1 2 60.530174963879311 3 52.18873043827606 4 5 6 73.758703022164269 7 8 9 32.196239563103973 10 11 12 45.795608963871182 28.059262510974545 13 14 15.857893867631695 53.500000000000007 68.01136363636364 73.123106060606077 83.12666481023625 43.02782012195123 55.893409484484287 79.294303290101013
decision_type=9 8 9 9 8 9 10 9 9 9 10 9 9 9 8 9 9 9 10 8 9 9 8 2 8 10 10 10 8 8
left_child=2 6 3 12 13 15 9 -4 14 22 16 -9 28 -3 -5 29 -7 -10 27 -16 -11 24 -2 -8 -18 26 -14 -15 -1 -6
right_child=1 4 7 8 5 10 23 11 17 20 -12 -13 25 18 19 -17 21 -19 -20 -21 -22 -23 -24 -25 -26 -27 -28 -29 -30 -31
leaf_value=-0.24990640861853475 -0.568155505123355 0.18611499403029966 -0.5616432193486447 -0.39593732719277513 0.29610843908318979 0.24472910483735394 0.22147840717341749 -0.19030732185125268 -0.16798012773461526 -0.11085870242707777 0.36500163338743807 -0.38202916015361099 0.059899193030432799 -0.20785467482387135 -0.12948543798641021 0.29416512895355601 0.13711413313600759 -0.33377744697618966 0.049087842292792817 0.029755137835909773 0.063798817331234395 0.064405165382760254 -0.25296665240213612 0.84065825603902344 0.26998986008282383 0.45995844134379854 0.54118480742243791 0.006517660508731731 0.48550956170592041 0.46593009871608415
leaf_weight=62 424 2233 4666 551 1263 6518 1180 3587 3107 4315 2738 8362 4000 1636 2726 5140 6151 5148 4739 4470 2079 5269 3609 96 2696 227 140 1158 720 5727
leaf_count=62 424 2233 4666 551 1263 6518 1180 3587 3107 4315 2738 8362 4000 1636 2726 5140 6151 5148 4739 4470 2079 5269 3609 96 2696 227 140 1158 720 5727
internal_value=-0.00225348 0.144349 -0.223386 -0.0911822 0.20728 0.255353 -0.0989486 -0.391526 -0.167584 -0.143861 0.192808 -0.324683 0.146122 0.032519 -0.0564823 0.375397 0.170053 -0.271654 -0.0132408 -0.0305686 -0.0540581 0.135302 -0.285396 0.268062 0.177406 0.0959043 0.0761746 -0.119006 0.421809 0.434624
internal_weight=94737 56971 37766 21151 45268 35502 11703 16615 16002 10427 23372 11949 5149 9766 7747 12130 20634 8255 7533 7196 6394 14116 4033 1276 8847 4367 4140 2794 782 6990
internal_count=94737 56971 37766 21151 45268 35502 11703 16615 16002 10427 23372 11949 5149 9766 7747 12130 20634 8255 7533 7196 6394 14116 4033 1276 8847 4367 4140 2794 782 6990
cat_boundaries=0 1 2 12 21 31 40 49 58 65 75 76 77 87 97 107
cat_threshold=112 16 255854632 4194304 393472 138412048 2164260928 2097154 2147550338 16916480 1056768 8 33689600 12681216 2147745833 48 143618 2147483648 2183135360 17301504 2148532232 5242888 553648128 1615331584 17423 2112 1 17584 17039616 1056800 34 33792 2147516416 2147581988 268444704 4234660 524288 2884097 524288 81920 524296 1073741824 1111499008 16386 134217728 134758400 146964548 268437504 557874 1610678816 268456365 2164260920 544 2166816 16781312 67108865 0 138412034 251658248 4194304 0 0 0 0 2 1083392 2147483648 134480000 0 2147486728 2155872256 2163344 553656320 1056768 8 6 2 65600 851968 1073754121 17829888 8 276824076 146817040 806617090 262400 4 2064 0 36 4198661 0 268435456 65569 69888 16777216 1 22037664 2147745792 128 402662400 2148009988 2097160 8667664 1187840 8192 4
is_linear=0
shrinkage=0.05


Tree=31
num_leaves=31
num_cat=14
split_feature=0 0 0 5 9 0 9 2 0 0 5 5 9 9 2 9 9 9 9 9 3 5 9 9 11 5 9 5 5 9
split_gain=1.64215e+06 304108 203916 51883.1 46179.5 45386.4 35050.5 28927.4 28059.8 23828.9 22338.5 21278 19419.8 19324.6 21821.4 18726.3 18603.8 17555.3 16662.7 15926.3 15046 13031.8 20127.3 15508.7 12570.3 11612.9 10723.7 12832.2 9971.06 11032.7
threshold=50.721663217001058 26.909970223445381 75.788759185942482 29.266201378618621 0 63.480483877733398 1 16.576411960132894 37.692947463019074 91.84349373894743 15.265342975520435 71.29317958714114 2 3 19.669696969696975 4 5 6 7 8 76.194641797471533 56.645448309864769 9 10 11 55.893409484484287 12 51.731402645694637 79.294303290101013 13
decision_type=10 8 8 8 9 10 9 10 8 10 8 10 9 9 10 9 9 9 9 9 10 10 9 9 1 8 9 8 8 9
left_child=1 6 5 -3 -5 13 -1 25 15 17 -8 12 -7 -2 18 -6 -10 28 -15 -12 21 23 -23 -18 -21 -4 27 -16 -9 -30
right_child=2 3 7 4 8 11 10 9 16 -11 19 -13 -14 14 26 -17 20 -19 -20 24 -22 22 -24 -25 -26 -27 -28 -29 29 -31
leaf_value=-0.47369939015271134 0.25178802324985783 -0.34308641328002804 -0.83781414018119182 -0.37057806081765604 -0.27699368185804757 0.29977270331891609 -0.476517673629206 0.29405883207152084 0.11139944492551906 0.52082981254823879 -0.081192717554595548 0.31680577033704249 0.14270060957114816 0.064220440488157643 -0.025381479888855325 -0.098683523165668502 -0.25649003526884218 0.22055728495070556 -0.25703404661987189 -0.28397231817836482 0.338826909307547 -0.15206911788578484 0.18830997083025938 -0.062502410243324549 -0.42041363211473065 0.033296641282823142 0.018632190860062674 0.14187291414183245 0.59436037696781119 0.38302134159115442
leaf_weight=5453 1429 2135 43 1349 2222 2374 1976 2651 1847 2306 840 2921 12064 730 1370 4456 1113 2390 890 8426 238 680 1167 12965 2111 347 4489 7039 771 6060
leaf_count=5453 1429 2135 43 1349 2222 2374 1976 2651 1847 2306 840 2921 12064 730 1370 4456 1113 2390 890 8426 238 680 1167 12965 2111 347 4489 7039 771 6060
internal_value=-4.98148e-05 -0.210067 0.206037 -0.106129 -0.0866986 0.13779 -0.36577 0.362066 -0.071008 0.373752 -0.3211 0.193733 0.168834 0.076893 0.0594638 -0.158576 -0.0385777 0.345184 -0.113461 -0.294388 -0.0557505 -0.0616825 0.0631907 -0.0780656 -0.311012 -0.0627489 0.0812294 0.114488 0.375968 0.408306
internal_weight=94852 46978 47874 28172 26037 33306 18806 14568 24688 14178 13353 17359 14438 15947 14518 6678 18010 11872 1620 11377 16163 15925 1847 14078 10537 390 12898 8409 9482 6831
internal_count=94852 46978 47874 28172 26037 33306 18806 14568 24688 14178 13353 17359 14438 15947 14518 6678 18010 11872 1620 11377 16163 15925 1847 14078 10537 390 12898 8409 9482 6831
cat_boundaries=0 9 19 29 38 47 56 66 76 86 96 105 106 116 123
cat_threshold=512 0 1616379904 1107378178 134217728 16777220 541229124 268732928 67895858 138412032 554696704 541589760 1073741827 2147483648 524288 8439360 17143808 1081892 32 20480 2151710720 69632 1048600 4096 109051905 2375680 197120 16842752 24 135271136 4227072 65680 136314880 1032 3224371200 524322 8192 64 268959808 4458640 2147487780 1056780 4194304 301989888 803489 17891328 34816 1610778656 4194305 2228248 268435464 2147495937 70254592 2181300610 8192 1065984 16777216 12877824 2147778593 16785456 2112 2189426689 8406656 16908288 1048576 8 16777216 0 33554437 1024 34880 75497472 328320 131072 65536 12 570429952 1024 1073750036 1053440 557124 0 2097169 268435456 64 13 0 2147745792 2147745953 8192 524608 1 134217744 16908288 73792 8 2550415368 1073777156 33554432 16781637 2622464 134217736 1342243848 0 16941060 2 4245508 0 2147516416 1188880 2147490112 8388608 44056592 553783296 17835008 1 0 4194304 0 16 0 2147483648 8388608
is_linear=0
shrinkage=0.05


Tree=32
num_leaves=31
num_cat=20
split_feature=10 10 3 9 5 9 9 5 9 9 5 5 9 10 3 9 10 9 5 2 11 9 9 9 5 9 9 9 2 9
split_gain=1.05579e+06 289198 267288 128577 124322 87248.7 65367.9 61942.6 59110.1 41972.3 30021.3 29737 28475.8 24841.3 23902.6 20639.7 19955.7 21207.5 19447.3 16492.6 16169.5 18549.7 18058.7 16124 13912.8 13844.2 13638.7 12660 12157 16536.2
threshold=0 1 48.600724036086326 2 57.996020277283201 3 4 47.046769517003348 5 6 73.758703022164269 31.491293060044274 7 8 70.788423794046253 9 10 11 55.893409484484287 20.003906250000004 12 13 14 15 39.24035078096653 16 17 18 19.504385964912284 19
decision_type=9 9 8 9 8 9 9 10 9 9 10 8 9 9 8 9 9 9 8 10 1 9 9 9 10 9 9 9 8 9
left_child=1 3 7 14 15 13 -3 9 -5 -2 16 -10 -8 19 28 -4 20 -18 -16 -6 21 -7 -22 -13 -17 -11 -14 -9 29 -1
right_child=2 6 4 8 5 10 12 27 11 25 -12 23 26 -15 18 24 17 -19 -20 -21 22 -23 -24 -25 -26 -27 -28 -29 -30 -31
leaf_value=-0.25934802955972985 -0.23431008101087306 -0.52017173707059206 0.1542197448244198 -0.347035936707207 0.79629303211815483 0.30008533947425964 -0.15417275972134903 0.35831227989734993 -0.34904339366678938 -0.091011231047072427 0.32890461015458339 -0.025785149924298947 -0.28363299286530314 0.26129670651270526 -0.70026443767838364 -0.15853553096199013 0.15702327539272684 -0.0015085806362495451 0.41503661044068263 0.39155419522435481 0.22753988108940093 0.16516290021622743 -0.09505742959060634 -0.14700710363855901 0.015670536615362045 0.076193671306385699 -0.41012036529971047 0.085841085931543534 0.12527562560056069 0.11165084937357739
leaf_weight=545 4659 4662 2137 3203 262 4427 2726 692 1139 3278 2875 6074 5116 5576 41 1494 5956 3273 837 6401 806 6277 919 5015 4922 1977 4083 1141 3559 647
leaf_count=545 4659 4662 2137 3203 262 4427 2726 692 1139 3278 2875 6074 5116 5576 41 1494 5956 3273 837 6401 806 6277 919 5015 4922 1977 4083 1141 3559 647
internal_value=0.00105907 -0.204446 0.13663 -0.0813587 0.19174 0.231677 -0.360582 -0.075892 -0.15596 -0.125261 0.177023 -0.105667 -0.297808 0.340809 0.123062 0.0200384 0.156943 0.10086 0.362955 0.406859 0.198346 0.221399 0.056443 -0.0807636 -0.0248555 -0.0280813 -0.340159 0.191128 0.0789881 -0.0592144
internal_weight=94719 37647 57072 21060 45325 36772 16587 11747 15431 9914 24533 12228 11925 12239 5629 8553 21658 9229 878 6663 12429 10704 1725 11089 6416 5255 9199 1833 4751 1192
internal_count=94719 37647 57072 21060 45325 36772 16587 11747 15431 9914 24533 12228 11925 12239 5629 8553 21658 9229 878 6663 12429 10704 1725 11089 6416 5255 9199 1833 4751 1192
cat_boundaries=0 1 2 11 20 29 38 47 56 57 67 68 77 78 88 98 108 118 128 138 147
cat_threshold=112 16 222300264 4194304 2147877120 134479920 2147483972 0 2149647490 17440768 1048576 1184896 2151776256 2147745825 2147483664 12550 2149646336 2183397504 16777216 1064960 5244940 553648128 1611137280 17423 2147485696 167772161 83104 17043712 1048576 1573504 8388608 56098944 1107312642 0 16388 268599396 4626 67109426 524288 0 1077944580 4210946 134217728 540672 146833476 67584 17335090 3758170656 302004137 268435472 0 2162692 16781312 67108865 0 138428418 6 1083392 2147483648 266368 0 2147486728 1140850688 2114192 554704896 1056768 8 6 20971584 8650752 136 402662432 2147485704 8388608 8389392 1712128 8256 2 20971552 262144 4104 8224 2147486721 76546056 540672 1187840 73792 24 16384 262144 32768 1342178304 0 33554432 16384 8192 0 4 33558528 2147581952 1073840165 269493248 35840 270532608 8913408 0 73728 8 2072 1073741824 32 5 1074266144 134225920 196641 268439808 10240 1 268697600 18516 2164523049 268443760 4194848 268435456 1092620808 131072 196608 4 8 32768 0 1048576 0 0 8454176 0 16777216 1 4196360 4194304 2147745792 0 0 0 0 16908288 1048576
is_linear=0
shrinkage=0.05


Tree=33
num_leaves=31
num_cat=18
split_feature=10 3 10 5 9 9 9 5 9 5 9 5 5 9 9 9 2 9 10 9 9 10 5 9 9 2 9 5 4 5
split_gain=915029 233907 232750 110614 109278 79440.9 54692.7 51575.2 50076.8 40366.6 37608.7 29739.1 28978.1 27295.4 23304.7 20072.4 17188.5 22236.9 17581.1 19009 15830.1 14927.3 14794.8 14559.5 13915.9 13390.9 13145.5 11876 11500.6 11411.8
threshold=0 48.600724036086326 1 59.809433522589721 2 3 4 46.416688465660265 5 73.758703022164269 6 31.491293060044274 60.530174963879311 7 8 9 22.004672897196265 10 11 12 13 14 45.795608963871182 15 16 19.859605911330053 17 11.845924713308078 83.500000000000014 77.948394479780816
decision_type=9 8 9 8 9 9 9 10 9 10 9 8 8 9 9 9 8 9 9 9 9 9 10 9 9 8 9 8 2 8
left_child=2 7 4 14 12 21 -4 10 -6 16 27 28 25 -8 -3 -14 17 -7 20 -20 -18 29 -16 -13 -9 -1 -12 -2 -10 -5
right_child=1 3 6 5 8 9 13 24 11 -11 26 23 15 -15 22 -17 18 -19 19 -21 -22 -23 -24 -25 -26 -27 -28 -29 -30 -31
leaf_value=-0.29251717007884354 -0.51420253956224771 0.15420060787157849 -0.49386454508363048 0.23729260029623536 -0.34409752799764132 -0.42056861672653512 -0.15514000192861555 0.39385396229797137 0.25319243901624133 0.32978508536164081 -0.085354599942265935 -0.0346933655477401 0.32165765865039048 -0.3233193879365388 -0.11440489685893802 0.090497431402598208 0.27526159514649273 0.074159697611248895 0.16243289326761201 0.0080425091326346617 0.1532297360746549 0.25905605706051626 0.036322696143719337 -0.15469878161259842 0.084639213887149081 0.008152777782090918 0.078472961078021874 -0.19863160678244104 -0.37290818271650789 0.42281602749990149
leaf_weight=535 320 2579 3943 994 2846 243 3341 500 78 3561 3287 6351 1293 9352 2651 3469 4787 2216 6098 2973 6244 3633 4219 4210 1337 1203 1939 4364 1229 4990
leaf_count=535 320 2579 3943 994 2846 243 3341 500 78 3561 3287 6351 1293 9352 2651 3469 4787 2216 6098 2973 6244 3633 4219 4210 1337 1203 1939 4364 1229 4990
internal_value=0.000158255 0.126817 -0.190348 0.178511 -0.0804532 0.218735 -0.330352 -0.0719306 -0.155855 0.17327 -0.117038 -0.110462 0.0902107 -0.279209 0.0263714 0.154129 0.148643 0.0238616 0.163907 0.111896 0.206388 0.341691 -0.0218084 -0.0827112 0.171407 -0.084401 -0.024536 -0.219722 -0.335543 0.391345
internal_weight=94785 56935 37850 45188 21214 35739 16636 11747 14714 26122 9910 11868 6500 12693 9449 4762 22561 2459 20102 9071 11031 9617 6870 10561 1837 1738 5226 4684 1307 5984
internal_count=94785 56935 37850 45188 21214 35739 16636 11747 14714 26122 9910 11868 6500 12693 9449 4762 22561 2459 20102 9071 11031 9617 6870 10561 1837 1738 5226 4684 1307 5984
cat_boundaries=0 1 2 11 20 30 40 49 59 69 77 86 87 96 106 107 117 126 136
cat_threshold=112 16 255854600 4194304 2147942656 1040 2168456256 2097152 2149581954 17178624 1056768 33690688 2151776256 2147745825 134217776 8452 2149580800 2183135360 524288 16384 5767176 554696704 537395456 16394 2147485696 33554433 83120 17043712 17825792 32 1573504 8388608 22544512 20482 128 2281717760 100 66048 620757618 1 524296 1073741824 1077944580 4210691 134217728 540672 146964548 268453888 17302066 1879122464 5037 2147483664 0 2166820 4096 1075838977 131072 138428418 4 1083392 2147483648 134480512 16777248 2147486728 2224029696 2163344 554704896 1057024 8 150994952 4194304 393216 0 0 0 0 8192 16384 0 32768 16777216 0 0 8389120 16777216 1024 6 22020096 262144 8 285221888 2147489792 0 8716816 17965056 1056768 20987904 262144 36872 1073741824 3136 75497480 803584 16777216 65536 12 6 36896 2147516416 1073782821 134218016 37124 268435456 142950913 537395200 327680 8 8 32768 0 1048576 0 0 8454176 0 16777216 80 0 33554464 260 1073741856 402653184 33 69888 43264 1
is_linear=0
shrinkage=0.05


Tree=34
num_leaves=31
num_cat=4
split_feature=0 0 0 10 0 2 1 0 5 1 3 5 0 10 5 2 3 5 5 1 4 5 5 0 2 5 10 5 10 5
split_gain=1.27987e+06 248600 144131 61528.6 40925.4 40575.4 31648 28816.3 25852.1 23725.7 22575.6 20114.3 15089.7 14727.3 14600.5 13867 13274.6 11887 11717.8 11662.2 13619.3 11281.1 11247.9 11174.5 10740 10576.5 10417.5 9826.19 9511.86 8976.37
threshold=52.663263358934024 33.875743648267651 75.432174317282389 0 14.955292976464722 12.802777777777779 1.5000000000000002 65.143451441686992 45.158923349774831 3.5000000000000004 66.746422673023019 81.440471381681988 42.118916423261325 1 79.294303290101013 19.002145922746784 21.611116188506482 20.814129123174162 90.450606293299145 8.5000000000000018 2063.5000000000005 18.864919371851453 5.3847030133241081 95.031976712647477 22.502577319587633 55.200420650256959 2 50.794809982490342 3 53.589036030421362
decision_type=10 8 10 9 10 10 2 10 8 2 8 8 8 9 10 10 10 8 10 2 2 10 8 10 10 8 9 10 9 8
left_child=1 4 7 5 22 -3 13 18 21 26 12 -8 27 -4 19 -12 -14 -11 25 24 -21 -5 -1 -13 -9 -2 -6 -10 -24 -15
right_child=2 3 6 8 9 -7 11 14 10 17 15 23 16 29 -16 -17 -18 -19 -20 20 -22 -23 28 -25 -26 -27 -28 -29 -30 -31
leaf_value=-0.5562761750017915 0.0060212706981177403 -0.38978421109162109 0.31618531933145938 -0.42011627210138819 -0.23383060406103456 -0.052733475656667098 0.2468347315528423 -0.090000063351920401 -0.14642983028666928 -0.39882394245194785 0.2511839708260788 0.35913022233528913 -0.35029940836418133 -0.73770252976281392 0.37992082612610412 -0.058586117622297429 0.011213544270418332 -0.25864865166450041 0.65346616970168225 0.22938356329739343 0.082673667575114893 -0.11966544115913864 -0.25922491175281898 0.55077783930219382 0.13305562787877931 0.10181896473691013 -0.066174028633827306 0.067508217588943251 -0.39400198137452647 -0.05136097562040242
leaf_weight=823 3659 2251 295 338 1605 1480 4418 671 3273 1791 1257 8752 260 52 870 507 10876 9723 90 7242 2024 4129 1913 833 2757 13554 2238 642 5935 568
leaf_count=823 3659 2251 295 338 1605 1480 4418 671 3273 1791 1257 8752 260 52 870 507 10876 9723 90 7242 2024 4129 1913 833 2757 13554 2238 642 5935 568
internal_value=-0.00123392 -0.178723 0.188877 -0.0683867 -0.293582 -0.2554 0.316485 0.127204 -0.0354643 -0.244548 -0.00707754 0.335101 -0.0269114 0.0315879 0.181768 0.162151 0.00277305 -0.280453 0.0844303 0.168187 0.197337 -0.142399 -0.380423 0.375786 0.0893945 0.0814551 -0.136975 -0.111347 -0.361982 -0.107196
internal_weight=94826 49041 45785 25013 24028 3731 14918 30867 21282 15357 16815 14003 15051 915 13564 1764 11136 11514 17303 12694 9266 4467 8671 9585 3428 17213 3843 3915 7848 620
internal_count=94826 49041 45785 25013 24028 3731 14918 30867 21282 15357 16815 14003 15051 915 13564 1764 11136 11514 17303 12694 9266 4467 8671 9585 3428 17213 3843 3915 7848 620
cat_boundaries=0 1 2 3 4
cat_threshold=96 6 32 28
is_linear=0
shrinkage=0.05


Tree=35
num_leaves=31
num_cat=17
split_feature=0 0 0 10 1 9 9 9 9 9 0 10 1 9 9 9 9 9 9 9 3 0 1 9 9 1 4 3 11 0
split_gain=1.12751e+06 175275 171821 51570.4 63683.7 58406.6 46111.9 33275 26965.9 22829.4 22669.6 21267.2 20841.5 20094.7 19668.8 18942.4 16683.7 15511.1 15420.2 15206.7 14502.5 14252.6 12667.7 15553.7 12033.1 12323 11749.6 10877.2 10583.3 10518.1
threshold=46.70262797415625 66.635617484301534 23.203577540874075 0 1.5000000000000002 1 2 3 4 5 34.724070178262771 6 2.5000000000000004 7 8 9 10 11 12 13 43.192914572748684 86.796733968748327 7.5000000000000009 14 15 266.50000000000006 1844.5000000000002 52.628717120610304 16 81.020847928122905
decision_type=10 10 8 9 2 9 9 9 9 9 10 9 2 9 9 9 9 9 9 9 10 10 2 9 9 2 2 10 1 10
left_child=2 9 13 7 5 -5 21 -4 -6 -2 18 17 14 -1 -8 -12 -7 -11 -9 -13 -21 26 23 -15 25 29 28 -16 -3 -14
right_child=1 6 3 4 8 16 12 10 -10 11 15 19 24 22 27 -17 -18 -19 -20 20 -22 -23 -24 -25 -26 -27 -28 -29 -30 -31
leaf_value=-0.41150170829248184 0.18171907079966335 0.32398237123477086 -0.39113969735285087 0.46598883113051626 -0.30115078824140795 -0.25466664159302693 0.23365130436790899 -0.043615810758353253 -0.068594245141123597 0.19655081254646503 0.12620727927875861 0.060790169764399299 0.21693903943737927 -0.01345496742153263 -0.44558968224075879 -0.11403566970559763 0.074205005653692299 0.057577458018212173 -0.22770952372986383 -0.27799785006699596 -0.022689281354610357 0.38918711880590279 -0.34343241567026545 -0.26513573038380522 0.13134953566827123 -0.22646088775779522 0.099891990390942847 -0.040309487150492006 0.128170749650522 0.34735056707985001
leaf_weight=4640 3569 5602 1593 985 1529 461 574 1370 6680 3077 1018 6617 6860 709 220 4092 2119 5829 7298 609 6419 4640 5014 5164 3814 140 830 669 787 1996
leaf_count=4640 3569 5602 1593 985 1529 461 574 1370 6680 3077 1018 6617 6860 709 220 4092 2119 5829 7298 609 6419 4640 5014 5164 3814 140 830 669 787 1996
internal_value=0.000236005 0.155962 -0.190451 -0.11457 -0.0356987 0.140727 0.247517 -0.174847 -0.11236 0.0643657 -0.149574 0.0456921 0.186484 -0.323111 0.0078302 -0.0661513 0.0146851 0.105759 -0.198926 0.00643817 -0.044749 0.320546 -0.284799 -0.235227 0.207033 0.238709 0.276871 -0.13904 0.299862 0.246332
internal_weight=94924 52252 42672 27145 11774 3565 26132 15371 8209 26120 13778 22551 14273 15527 1463 5110 2580 8906 8668 13645 7028 11859 10887 5873 12810 8996 7219 889 6389 8856
internal_count=94924 52252 42672 27145 11774 3565 26132 15371 8209 26120 13778 22551 14273 15527 1463 5110 2580 8906 8668 13645 7028 11859 10887 5873 12810 8996 7219 889 6389 8856
cat_boundaries=0 1 11 20 30 39 48 49 59 68 78 87 97 106 116 126 136 137
cat_threshold=112 16793600 2147811328 2147745833 1209016328 2304 100663297 35979392 17956864 1081344 4 134222912 2160361472 262273 2097200 0 2189426689 44828320 197120 65536 1574532 0 1572864 1108361218 4194304 33554444 16548 16810496 67109408 1 528384 2147516416 262177 1078992936 256 524288 10584640 286392320 558592 725615264 4194304 134283280 1209008176 2228224 3145730 36176162 83894272 64 6 138952704 2701131776 541589760 3 2281701376 33554433 8406208 17109248 1048580 34 4210688 0 2147516456 268443648 7170 0 16400 1048576 1048576 1648379976 2151677960 50397456 16777232 2097216 0 69207056 537010176 16908288 8 33556480 0 198656 18 134348800 135266306 138444832 28672 66048 1054720 0 2147778688 287309832 2147485952 75497472 8388624 537919488 16786432 13 541067296 2147488000 2147758097 268443680 2147487744 8388608 2621952 536879104 81920 33868 32768 4 9216 2164264264 33554432 2282046081 135168 1073152 12 2147490304 133 3271557120 1081151744 557888 528384 67112960 0 524288 12 22038528 0 2147516416 286261248 2147486016 1048576 16384 553656320 2148556800 24 2
is_linear=0
shrinkage=0.05


Tree=36
num_leaves=31
num_cat=19
split_feature=0 0 0 10 0 9 9 9 9 1 9 9 9 10 9 10 9 1 9 9 10 9 3 3 10 9 11 4 1 0
split_gain=1.00724e+06 207048 135654 49688.3 39710.8 38798.6 32905.4 27612.6 26472.7 24396.6 31058.1 25461.2 23686.4 23611.7 25502.3 18625.6 17305.3 16539 35216.5 23624.7 17602.9 14488.2 12931.4 12192.3 11968.5 10903.9 10733.7 11077.7 10607.3 10119.7
threshold=52.034659776652539 33.875743648267651 75.788759185942482 0 14.955292976464722 1 2 3 4 2.5000000000000004 5 6 7 8 9 10 11 2.5000000000000004 12 13 14 15 26.60366253320759 25.246277626727728 16 17 18 551.50000000000011 6.5000000000000009 95.031976712647477
decision_type=10 8 10 9 10 9 9 9 9 2 9 9 9 9 9 9 9 2 9 9 9 9 10 10 9 9 1 2 2 10
left_child=1 4 7 5 25 -3 15 28 -8 10 -6 -11 29 14 26 -5 -15 18 24 -19 23 -14 -18 -20 -10 -1 27 -9 -2 -4
right_child=2 3 12 6 9 -7 8 13 17 11 -12 -13 21 16 -16 -17 22 19 20 -21 -22 -23 -24 -25 -26 -27 -28 -29 -30 -31
leaf_value=-0.42356952763186179 0.099331450899789661 -0.044019566487107455 0.32136731176776467 0.51000989969983279 0.2151622101385563 -0.37194945684394615 -0.42038554622349927 0.15799656547610685 0.41410644170633737 -0.41318901591777452 -0.17524232773887322 -0.21476820797290236 0.24961506200234115 -0.30049957300155938 0.077435795072771874 0.094906889674718206 -0.71195519953966147 -0.0074084407163446334 -0.4668326727096066 -0.14460967840519345 0.13815708105269961 0.047358054867224719 0.056234876821099455 -0.098742194931461219 0.12693849249694145 -0.3032659501103861 0.048076822504620344 0.31302248184557663 0.26994612206169161 0.49534422706941639
leaf_weight=3322 1261 1632 8761 309 661 2039 458 1984 469 1941 2121 10579 3722 345 7523 1885 55 6843 251 5795 761 1185 13896 2169 1651 5336 782 2749 3282 924
leaf_count=3322 1261 1632 8761 309 661 2039 458 1984 469 1941 2121 10579 3722 345 7523 1885 55 6843 251 5795 761 1185 13896 2169 1651 5336 782 2749 3282 924
internal_value=-0.000352403 -0.160434 0.165768 -0.057475 -0.26469 -0.226679 -0.0271858 0.107968 -0.0490355 -0.216271 -0.0823392 -0.246031 0.292034 0.0888856 0.13756 0.155418 0.0444293 -0.0393256 0.034781 -0.0704407 -0.0704568 0.200967 0.0531683 -0.136357 0.192114 -0.350265 0.219287 0.248038 0.2221 0.337617
internal_weight=94691 48222 46469 24262 23960 3671 20591 31877 18397 15302 2782 12520 14592 27334 13038 2194 14296 17939 5301 12638 3181 4907 13951 2420 2120 8658 5515 4733 4543 9685
internal_count=94691 48222 46469 24262 23960 3671 20591 31877 18397 15302 2782 12520 14592 27334 13038 2194 14296 17939 5301 12638 3181 4907 13951 2420 2120 8658 5515 4733 4543 9685
cat_boundaries=0 1 10 20 30 39 49 58 68 69 79 80 90 99 109 110 119 120 130 131
cat_threshold=96 4026875904 2415921289 262192 65552 6291488 268435456 1151336961 0 163840 156401676 65536 65544 268435464 2164400164 69206016 2181562496 18350080 1064960 8 134222400 2151710720 65680 135266328 8203 3145728 2150367264 16777728 16793664 24 524288 0 1077936128 33554439 1073741824 16388 272662532 2560 789042 541071360 262148 3254780161 1075848226 2149615680 1 8470544 537919488 0 5 0 2151972864 3254779905 1073816577 2147485696 526336 9256960 17893888 68157440 1066048 2160328704 32777 1048624 6400 2189426689 10749600 16908288 2147483648 8 6 5244928 0 2147782657 1358954528 7424 2222981129 8405008 68165632 73728 5 6 67108864 134217729 33558528 16777216 32768 0 1024 256 98560 1 81920 2151940096 2147745953 1090528288 7424 8388617 344592 131072 73984 35653696 0 569380 21520 559176 34078720 1074 2684366848 40960 1 24 50333696 32768 2147745824 1090527232 2147484736 2097152 33570816 0 1114112 6 4718596 553910272 34079008 65555 2147483648 33554433 142643904 17141760 544 2 2
is_linear=0
shrinkage=0.05


Tree=37
num_leaves=31
num_cat=13
split_feature=0 0 0 9 0 1 5 5 9 9 9 9 9 1 9 9 1 5 5 9 9 9 6 9 9 0 5 2 4 2
split_gain=929904 205251 86706.1 45401.1 36479.7 31165 24023.9 21795.7 22097.2 21344.2 20992.6 20024.5 18427 16242 22865.5 19999.5 15286.6 14919.9 14003.3 12341 12173.5 11932.9 11172 10549.9 10045.8 9670.94 9535.16 9467.26 9857.76 9394.45
threshold=55.221228141234988 33.397179521643693 76.176852015310388 0 16.115969172539671 1.5000000000000002 63.939582431739026 40.877831511400757 1 2 3 4 5 3.5000000000000004 6 7 26.500000000000004 81.440471381681988 65.274975126133725 8 9 10 99.500000000000014 11 12 7.3788602437753985 14.703682362343878 11.980000000000002 234.50000000000003 22.502577319587633
decision_type=10 8 10 9 10 2 10 8 9 9 9 9 9 2 9 9 2 8 10 9 9 9 2 9 9 10 8 10 2 10
left_child=1 4 6 -3 21 27 11 9 -9 -5 18 -2 -7 14 -6 -15 -8 -14 -10 -18 -13 -1 26 -11 -12 -23 -17 28 -4 -22
right_child=2 3 5 7 13 12 16 8 10 23 24 20 17 15 -16 22 19 -19 -20 -21 29 25 -24 -25 -26 -27 -28 -29 -30 -31
leaf_value=-0.15096106045748234 0.18530575946817318 -0.38728102555355792 -0.038939971600969632 0.15564276305798974 0.1370443573424876 0.42933926719410853 0.12558401499887592 0.14835334630747932 0.019735572015785283 -0.33772653510373851 -0.1753783248282737 -0.12525180796749949 0.17556406380356343 -0.3664002169888837 -0.17200477362572064 -0.38925194507677124 0.62772369558195118 0.30324618720807428 0.28654235774370213 0.24685802568283466 -0.015316825022168568 -0.42253932606627304 0.36042498208582407 -0.13710085985053239 -0.050702720864564468 -0.30836421224939903 -0.18445634590932872 0.027607688676207422 -1.3832821183204651 0.095247432063410006
leaf_weight=959 4925 956 30 515 761 2132 3373 1799 5841 881 1842 751 3211 2133 2711 614 228 7959 537 3497 2233 2647 90 2734 13009 6196 7647 821 25 13761
leaf_count=959 4925 956 30 515 761 2132 3373 1799 5841 881 1842 751 3211 2133 2711 614 228 7959 537 3497 2233 2647 90 2734 13009 6196 7647 821 25 13761
internal_value=0.000646452 -0.141828 0.172734 -0.0503984 -0.250022 0.273934 0.122858 -0.0383829 -0.0194276 -0.144166 -0.0336998 0.0967081 0.292957 -0.198098 -0.104367 -0.229139 0.202694 0.266303 0.0421335 0.272518 0.0704972 -0.323951 -0.19341 -0.186791 -0.0662741 -0.342154 -0.199678 -0.0149365 -0.650005 0.0797611
internal_weight=94818 51872 42946 28114 23758 14178 28768 27158 23028 4130 21229 21670 13302 13956 3472 10484 7098 11170 6378 3725 16745 9802 8351 3615 14851 8843 8261 876 55 15994
internal_count=94818 51872 42946 28114 23758 14178 28768 27158 23028 4130 21229 21670 13302 13956 3472 10484 7098 11170 6378 3725 16745 9802 8351 3615 14851 8843 8261 876 55 15994
cat_boundaries=0 9 18 28 38 48 55 65 75 85 95 104 113 122
cat_threshold=2147483648 8421376 1631584256 33620038 1208025088 540676 4227144 268454400 537657904 1146224840 272695304 16 133416 17432586 2097152 2181038464 2148016128 16384 671105040 2147483648 528640 4210688 32768 268435456 2097152 0 256 8 555751460 1073741825 65573 402662400 2147498016 1082130434 262176 537919488 1049600 1 134283776 4227072 32768 152043576 12289 102760449 2899970 16908800 16842752 1 1049600 2160066560 32768 48 2048 2155872256 8390176 541132864 264196 3254779905 1073751072 2147485760 528384 10502192 537927680 4 5 268435456 2147745792 2197815297 1073742856 2149583104 524288 8765444 16976384 67272704 5 150996992 0 128 0 0 0 8388640 0 0 4 67125440 134217728 168296452 0 524320 1073741824 1024 4194304 33024 20 1310724 2257 1108639745 5242880 4194368 150996992 20 1179648 139266 5242880 4194561 2147483681 1296 2147483904 1 134217728 401664 16777216 134759424 0 268967936 1069057 4194304 419430408 276975618 19169282 67241990
is_linear=0
shrinkage=0.05


Tree=38
num_leaves=31
num_cat=14
split_feature=0 0 0 9 0 10 9 9 2 9 9 9 5 2 9 9 2 5 1 9 5 9 2 5 9 9 9 5 2 5
split_gain=855533 179013 90646.3 42103.4 34789.8 33902.2 40693.7 34292.1 27405.7 31718.4 26382.3 20081.6 19023 18667.7 23077 17093.3 15554.8 15326.8 15285.4 18187.9 14536.1 14169.1 16641.9 13536.5 13350.2 12886.9 12436.8 12435.5 12143.3 10858.5
threshold=54.591079007991091 33.875743648267651 78.162484644760312 0 19.832007780399017 1 2 3 13.340000000000002 4 5 6 76.472064941311501 19.002145922746784 7 8 10.954545454545455 63.939582431739026 6.5000000000000009 9 31.153066304702918 10 38.745579862151637 72.871202340432021 11 12 13 20.814129123174162 19.504385964912284 83.632865569122529
decision_type=10 8 10 9 10 9 9 9 10 9 9 9 8 10 9 9 10 10 2 9 8 9 8 10 9 9 9 8 10 10
left_child=1 4 10 -3 18 7 -7 16 9 -8 29 -10 28 14 -12 -6 -5 -15 19 -1 -9 22 -22 -11 -23 -17 -14 -27 -4 -2
right_child=2 3 12 5 15 6 8 20 11 23 13 -13 26 17 -16 25 -18 -19 -20 -21 21 24 -24 -25 -26 27 -28 -29 -30 -31
leaf_value=0.069525598521642709 0.18819690357583346 -0.37868217584899966 -0.33374966000517214 -0.4433855935291573 0.02326767342644703 -0.083612562397658574 0.52389215971193004 -0.27815055909593861 -0.15479771754013227 0.072220037420694577 0.11478319121547352 0.078417236040111776 0.46933418961172119 0.080605728327558676 -0.26207334742437655 -0.35895112790897266 -0.16522871053117272 0.17822230587141885 -0.34567953366732623 -0.26052938891601268 0.25470234560432015 -0.023373145555989235 -0.073905751989179785 0.72587998346203852 -0.16007305516751619 -0.34750194915527527 0.28724851528411749 -0.15294806698469721 0.18099960316964878 0.50400434287508478
leaf_weight=452 7122 930 120 894 1018 5965 672 717 1138 1387 812 4711 1112 16978 796 1049 1148 5269 6709 5743 789 5052 753 84 2763 914 8785 8102 2534 283
leaf_count=452 7122 930 120 894 1018 5965 672 717 1138 1387 812 4711 1112 16978 796 1049 1148 5269 6709 5743 789 5052 753 84 2763 914 8785 8102 2534 283
internal_value=0.00104783 -0.138182 0.163092 -0.0498834 -0.237582 -0.0379956 0.0151323 -0.0991581 0.088845 0.241921 0.11752 0.0329116 0.276595 0.0917954 -0.0726862 -0.172608 -0.285609 0.103725 -0.293387 -0.236756 -0.0611188 -0.0445536 0.093627 0.108807 -0.0718463 -0.192251 0.308472 -0.17248 0.157725 0.199996
internal_weight=94801 50990 43811 27003 23987 26073 13957 12116 7992 2143 31260 5849 12551 23855 1608 11083 2042 22247 12904 6195 10074 9357 1542 1471 7815 10065 9897 9016 2654 7405
internal_count=94801 50990 43811 27003 23987 26073 13957 12116 7992 2143 31260 5849 12551 23855 1608 11083 2042 22247 12904 6195 10074 9357 1542 1471 7815 10065 9897 9016 2654 7405
cat_boundaries=0 9 10 20 30 39 49 58 68 78 88 97 107 116 122
cat_threshold=512 0 1614807040 34603015 1073807360 16388 4358220 2474496 9175604 112 67126280 3225419776 34816 16777472 131136 135790595 144703489 2416050176 16845120 1 1048580 98304 524424 2117696 4194308 33554441 143131824 17826048 553680896 5 16781376 262144 2147745833 1342185480 1280 33554432 33899136 1048576 1048576 134354432 4227072 98432 1048632 12289 33554432 11272224 16843264 16842816 16 524288 294912 2147745952 1073750072 256 33554432 328192 0 1024 20971584 0 0 0 2147518784 3145728 66176 139264 1048576 12 571475976 4194304 1074278416 35655712 3221258308 0 71307408 536870912 4 13 2415923200 1 3254779913 5308424 2304 0 4194304 0 8192 12 1660944392 524520 131348 304 2098240 2621440 18874368 8192 4276224 2152011776 272894481 2181136416 402654208 2147487744 0 513 537526272 139264 8 4096 268435472 34603017 1073742913 0 524288 901124 16777216 68689922 0 2151677952 32800 16 0 2147483648
is_linear=0
shrinkage=0.05


Tree=39
num_leaves=31
num_cat=17
split_feature=0 0 0 10 1 9 1 0 9 9 5 0 9 9 9 9 9 1 9 9 5 2 10 9 5 9 9 9 1 9
split_gain=766936 139740 98644.5 39853.7 51773.7 42782.2 32540.8 29087.7 28804.9 23159.7 22148.4 20634.8 20312.7 20030.7 19451.8 19125.2 18987.7 15540.2 15293.2 14930.9 14392.3 14130.3 13252.5 13087.6 12835.3 10357.5 9779.47 9358.75 9199.13 9651.85
threshold=44.289366872842955 66.809402297906658 23.203577540874075 0 1.5000000000000002 1 2.5000000000000004 86.358822685579767 2 3 24.240822422786362 55.221228141234988 4 5 6 7 8 182.50000000000003 9 10 57.103552129189957 44.548589341692796 11 12 72.871202340432021 13 14 15 6.5000000000000009 16
decision_type=10 10 8 9 2 9 2 10 9 9 8 10 9 9 9 9 9 2 9 9 8 10 9 9 10 9 9 9 2 9
left_child=2 11 16 8 5 -5 9 12 -4 -3 -10 14 -8 17 -2 -7 -1 -6 -12 28 21 -14 -11 -16 -17 -15 -21 -18 -13 -30
right_child=1 6 3 4 13 15 7 -9 10 22 18 19 20 25 23 24 27 -19 -20 26 -22 -23 -24 -25 -26 -27 -28 -29 29 -31
leaf_value=-0.35123286374821233 0.14155070019196472 0.1847648471367789 -0.38504507957724493 0.43816911423946081 -0.28681446799273075 -0.32140218086862976 0.30429689047724295 0.32384461604340098 -0.35328023329273217 0.10073108626442535 0.024483141140665153 0.05888974562870436 -0.16397647737165816 0.095799895635010401 -0.15541995365099784 0.057289695647996366 -0.094136201472707598 0.40204107781092441 -0.13928564048275863 0.085461333617172938 0.18307865318403618 0.15488459080565872 -0.24660149453009042 -0.0060936765445559924 0.69056805505091889 -0.091068561336015708 -0.0055978070746188699 -0.2449390401477973 0.18062515528240014 0.4460188067189001
leaf_weight=4604 1892 1195 1276 832 1706 331 3334 5533 1075 418 1664 1019 619 896 1780 2223 1197 86 10069 10191 13085 792 777 8160 83 4133 4154 9802 1580 454
leaf_count=4604 1892 1195 1276 832 1706 331 3334 5533 1075 418 1664 1019 619 896 1780 2223 1197 86 10069 10191 13085 792 777 8160 83 4133 4154 9802 1580 454
internal_value=-0.000367322 0.120796 -0.167011 -0.10417 -0.0292447 0.127994 0.205717 0.223694 -0.158778 0.0299913 -0.135953 0.045976 0.192615 -0.109256 -0.00496599 0.0283619 -0.265177 -0.252347 -0.116157 0.0806206 0.166604 0.0150015 -0.12528 -0.0329635 0.0797375 -0.0576508 0.0591071 -0.228628 0.180919 0.242943
internal_weight=94960 54983 39977 24374 10290 3469 25753 23363 14084 2390 12808 29230 17830 6821 11832 2637 15603 1792 11733 17398 14496 1411 1195 9940 2306 5029 14345 10999 3053 2034
internal_count=94960 54983 39977 24374 10290 3469 25753 23363 14084 2390 12808 29230 17830 6821 11832 2637 15603 1792 11733 17398 14496 1411 1195 9940 2306 5029 14345 10999 3053 2034
cat_boundaries=0 1 11 20 29 39 49 58 67 76 86 96 97 107 116 126 136 144
cat_threshold=112 16777216 2152005632 2147745801 1477451784 256 2214592512 35996304 17825792 1048832 4 1049156 0 3670016 1048579 65536 33570828 279732 16777984 610 4210688 4456448 2147745833 8240 5126 2097153 36455040 1179648 1048576 135266304 2160099328 128 3145744 256 2189426689 42206208 537067520 0 8 544768 2151677952 262177 1074799632 1073742080 34078720 10813952 286394368 557600 4 1744865484 0 594176 136314888 18907144 67108866 134234272 537927680 32768 0 0 33630208 2 134348800 134217728 4227104 20480 16842848 138952704 2701131776 541589760 3 2147483648 18433 8406592 17107712 1049088 1111492640 2151682048 131344 150994976 2147483716 8912896 2147484160 537526272 541278464 4 155228672 2151710720 65680 1209008176 5128 2097152 11010080 83886080 16793600 4 6 68244480 3221487616 3257139200 1091584032 0 269484032 787968 65536 17826112 5 5245080 0 589824 20480 2147516480 268435456 32 8448 3136 34668544 0 134250504 285221888 2147486016 9437185 16898 143360 1122368 9 2684422144 148 1107296280 5247232 557632 285212676 4 8192 532480 12 4196352 32768 128 1074790416 0 0 8388608 83886080
is_linear=0
shrinkage=0.05


Tree=40
num_leaves=31
num_cat=3
split_feature=0 0 0 10 2 10 2 2 0 1 5 5 2 0 5 3 2 1 10 4 1 0 0 5 5 1 3 1 3 1
split_gain=682828 140771 74516.4 37936.8 28290.7 25694.9 36884.5 24411.6 24046.6 23960.6 20280.4 19383 15637 15321.1 12082.2 12818.5 12078.6 12043.8 11934.7 11662.7 11629.8 10011.4 10002.6 9872.5 9870.02 9695.81 9531.6 9521.61 8493.07 13056.9
threshold=54.591079007991091 31.882308941364528 75.788759185942482 0 12.802777777777779 1 14.251262626262628 16.576411960132894 7.8118777382091453 4.5000000000000009 18.864919371851453 63.692854405070527 22.502577319587633 88.683813433564524 56.645448309864769 66.483523280310919 36.134234234234242 6.5000000000000009 2 2271.5000000000005 48.500000000000007 42.118916423261325 64.165038059453494 11.845924713308078 47.643638477657611 218.50000000000003 46.396602688492628 19.500000000000004 43.517549651764575 182.50000000000003
decision_type=10 8 10 9 10 9 10 10 10 2 8 10 10 10 10 10 8 2 9 2 2 10 10 8 8 2 10 2 10 2
left_child=1 8 11 4 -3 10 20 -4 -1 18 -5 12 17 25 15 21 -16 26 -10 22 -7 -12 -14 -11 -17 -9 -2 -13 -25 -30
right_child=2 3 7 5 -6 6 -8 13 9 23 14 27 19 -15 16 24 -18 -19 -20 -21 -22 -23 -24 28 -26 -27 -28 -29 29 -31
leaf_value=-0.34600053838526457 -0.44630327610775478 -0.31569556985354463 -0.15292059588329415 -0.4347042525851208 -0.044726493633678109 0.28084361708590172 -0.0046229043038697763 0.22089888355058293 -0.042857237953678427 -0.36603886527907015 -0.11429970460892964 0.1002948893387855 0.066716967619523879 0.32576841120336614 -0.041727668857905846 -0.38477464112424364 0.18934500045267921 0.064888907032211784 -0.18109223157444376 0.013930021454529696 1.4152572497077611 -0.033315927846681755 0.14789215010112866 -0.19551245659561942 0.14224384199319914 -0.098917272423275221 -0.083871036261467719 0.21801732469229679 -0.30719261983056084 0.33584292271622906
leaf_weight=3146 215 2175 391 345 1729 1276 4121 9576 2947 1302 7861 2899 6956 4343 1290 97 1007 1483 3363 3878 23 7417 8351 8727 1056 243 1161 4215 3108 81
leaf_count=3146 215 2175 391 345 1729 1276 4121 9576 2947 1302 7861 2899 6956 4343 1290 97 1007 1483 3363 3878 23 7417 8351 8727 1056 243 1161 4215 3108 81
internal_value=-0.000657863 -0.124815 0.144404 -0.0506382 -0.195189 -0.0275069 0.0684818 0.236811 -0.217714 -0.197047 -0.0548058 0.0982835 0.0751248 0.247571 -0.0478367 -0.0628524 0.0595741 -0.0339627 -0.116886 0.0913813 0.300929 -0.0749846 0.111003 -0.235313 0.0979066 0.212984 -0.140501 0.170045 -0.22103 -0.29086
internal_weight=94782 51071 43711 28397 3904 24493 5420 14553 22674 19528 19073 29158 22044 14162 18728 16431 2297 2859 6310 19185 1299 15278 15307 13218 1153 9819 1376 7114 11916 3189
internal_count=94782 51071 43711 28397 3904 24493 5420 14553 22674 19528 19073 29158 22044 14162 18728 16431 2297 2859 6310 19185 1299 15278 15307 13218 1153 9819 1376 7114 11916 3189
cat_boundaries=0 1 2 3
cat_threshold=32 88 28
is_linear=0
shrinkage=0.05


Tree=41
num_leaves=31
num_cat=15
split_feature=0 0 0 5 9 10 1 9 9 9 0 10 9 1 9 9 9 5 9 9 5 2 1 5 0 1 9 1 9 10
split_gain=617498 118073 72340.1 40528.8 29905.7 27583.3 30547.1 42145.1 28533.5 22118.7 21479.8 19852.3 19488.9 15657 15618.9 15363.3 14928.3 13697.5 13184.7 11475.7 11351.8 12987.7 12063.9 9922.91 9900.51 10626.5 11191.8 13388.6 9730.72 9564.15
threshold=53.285274543301504 21.125634397593021 78.162484644760312 27.497049601651021 0 1 2.5000000000000004 2 3 4 63.480483877733398 5 6 1.5000000000000002 7 8 9 76.472064941311501 10 11 62.958585469510624 48.580005120327705 27.500000000000004 77.049100547821567 40.140877754056731 162.50000000000003 12 42.500000000000007 13 14
decision_type=10 8 10 8 9 9 2 9 9 9 10 9 9 2 9 9 9 8 9 9 8 10 2 10 10 2 9 2 9 9
left_child=1 16 10 -3 -5 8 7 -7 -6 23 18 12 -9 -4 -12 -11 -1 -15 -2 -19 21 -16 -22 -8 25 26 27 -17 -10 -18
right_child=2 3 13 4 5 6 9 11 28 15 14 -13 -14 17 20 24 29 19 -20 -21 22 -23 -24 -25 -26 -27 -28 -29 -30 -31
leaf_value=-0.32687873064009859 0.1444671403964507 -0.25623156597200586 0.023087351785017335 -0.29064280568805939 -0.49065306962153943 0.26350272188019663 0.058100719100609002 -0.32880859059993839 -0.031424331859590773 -0.22817817237127228 0.18722442793365843 0.17377667332326655 -0.017622301215322236 0.14579937004239049 -0.081968825403710435 -0.18630179402339175 -0.13509372805444861 0.45078203296494213 0.019640624781672996 0.25857580640840239 0.072236610346349026 0.1300208337478945 0.18694570798466159 0.81510910364714551 -0.033015352309161465 0.41682848884509166 -0.07654341305689176 -0.64871336532476764 -0.16946224921046449 -0.24410651727794264
leaf_weight=4071 2640 2812 813 1322 540 1868 2679 568 2232 1651 7006 1157 3916 2487 1701 1645 2980 897 10540 8359 5461 1256 3950 44 8444 91 3632 173 3026 6903
leaf_count=4071 2640 2812 813 1322 540 1868 2679 568 2232 1651 7006 1157 3916 2487 1701 1645 2980 897 10540 8359 5461 1256 3950 44 8444 91 3632 173 3026 6903
internal_value=-0.000638918 -0.122106 0.133333 -0.074018 -0.0584855 -0.0486862 -0.0265625 0.0583858 -0.147176 -0.0613216 0.0940103 -0.00998746 -0.057685 0.235286 0.127509 -0.0841953 -0.24548 0.249977 0.0447683 0.277969 0.0934559 0.0080748 0.120382 0.0700756 -0.0670465 -0.119028 -0.127975 -0.229045 -0.111037 -0.211406
internal_weight=94864 49754 45110 35800 32988 31666 25868 7509 5798 18359 32554 5641 4484 12556 19374 15636 13954 11743 13180 9256 12368 2957 9411 2723 13985 5541 5450 1818 5258 9883
internal_count=94864 49754 45110 35800 32988 31666 25868 7509 5798 18359 32554 5641 4484 12556 19374 15636 13954 11743 13180 9256 12368 2957 9411 2723 13985 5541 5450 1818 5258 9883
cat_boundaries=0 9 10 19 28 38 39 46 56 65 74 83 90 99 108 109
cat_threshold=0 2097152 319815680 33558531 134217728 8196 1073791044 268749313 67633714 96 65536 1078231040 2147745921 403710976 2147493927 67108864 2181300352 1179648 1065216 135268364 32768 524552 17408 2048 1 66736 16777216 1056768 103811148 0 590080 16777248 525320 276824066 6292514 536879104 9216 9 24 16576 0 598024 4210688 524288 2316320770 4194336 134218368 2151710720 102528 1048600 38977 41943041 44056576 16843264 16842752 8 528896 2147483648 2154037376 1078984960 0 67633152 262784 2162688 17826048 4194308 2165604352 2151678208 8195 2283798528 33572865 8393280 17109760 33280 155191840 1077968896 167804928 135397408 5128 2214592512 36257954 8192 1048640 0 4194304 0 16 0 33554432 8388608 16384 4456448 4101 9240 32768 1 524304 17825792 32832 1610940416 21929 262160 65552 2162692 50331648 10490369 0 16388 24
is_linear=0
shrinkage=0.05


Tree=42
num_leaves=31
num_cat=18
split_feature=0 0 0 10 9 2 9 9 10 9 2 9 9 9 0 5 9 9 5 11 0 9 3 1 9 9 9 10 5 10
split_gain=562058 110420 71203.6 28561.4 28816.1 23223.3 18993.7 18677.7 18115.9 24104.7 18807.2 18103.7 18074.7 17010.3 16978.2 16783.4 15671.4 15243.5 14864.4 14710.1 13471.9 12754.5 12486.1 11599 14830.1 11363.2 11130.6 10350.8 10108.8 9612.61
threshold=52.663263358934024 27.342953913219812 75.788759185942482 0 1 12.802777777777779 2 3 4 5 23.287087912087916 6 7 8 42.118916423261325 45.795608963871182 9 10 53.371537626670246 11 7.3788602437753985 12 30.943756253086864 7.5000000000000009 13 14 15 16 59.809433522589721 17
decision_type=10 8 10 9 9 10 9 9 9 9 10 9 9 9 8 8 9 9 8 1 10 9 10 2 9 9 9 9 8 9
left_child=1 11 6 5 29 16 -2 -6 12 28 -11 -1 19 -4 25 17 -3 -16 -15 -8 -13 -7 -20 -22 -25 -9 27 -17 -10 -5
right_child=2 3 13 4 7 21 8 14 9 10 -12 20 -14 18 15 26 -18 -19 22 -21 23 -23 -24 24 -26 -27 -28 -29 -30 -31
leaf_value=-0.033419653654282275 0.17418957318095685 -0.075000842767127249 0.24975312954532219 0.40505843467224906 -0.27188564183461772 0.12241119340905499 0.21095371622918246 -0.16689417128739301 -0.02739799130411193 -0.28905999011865685 -0.02076875230023326 -0.32925853064123028 0.056902070499467029 -0.26264204215177378 -0.35025378259161294 0.45734288359168346 -0.36796148398609768 -0.057099308021372155 -0.78850591116717883 -0.023676123180270042 -0.16020190592333103 -0.13151873591983768 0.16032001703401338 -0.36116125218353656 -0.20636741737775438 -0.049310623897954771 -0.017463180727699923 0.069407484711174208 0.091433436539737942 0.099202198043183365
leaf_weight=1328 4765 659 10532 303 922 657 4689 3552 2319 875 2577 2689 7339 230 572 172 1632 1919 35 779 6929 1923 3714 2168 5999 4925 7483 3487 7841 1587
leaf_count=1328 4765 659 10532 303 922 657 4689 3552 2319 875 2577 2689 7339 230 572 172 1632 1919 35 779 6929 1923 3714 2168 5999 4925 7483 3487 7841 1587
internal_value=-0.00117058 -0.118976 0.124913 -0.0588007 -0.037097 -0.169421 0.0823368 -0.0525177 0.0656792 0.0254695 -0.0885178 -0.212777 0.108363 0.21641 -0.0432511 -0.00872071 -0.285626 -0.126051 0.127206 0.177203 -0.226023 -0.0668905 0.151462 -0.207784 -0.248154 -0.0988351 0.0175106 0.0888401 0.0642472 0.15011
internal_weight=94601 48906 45695 29793 24922 4871 31184 23032 26419 13612 3452 19113 12807 14511 22110 13633 2291 2491 3979 5468 17785 2580 3749 15096 8167 8477 11142 3659 10160 1890
internal_count=94601 48906 45695 29793 24922 4871 31184 23032 26419 13612 3452 19113 12807 14511 22110 13633 2291 2491 3979 5468 17785 2580 3749 15096 8167 8477 11142 3659 10160 1890
cat_boundaries=0 1 10 19 28 29 38 48 58 66 75 85 86 95 104 113 123 124 125
cat_threshold=32 167804972 134217728 262152 268566528 17309702 10485760 2181038208 555220992 9461760 150994944 4227072 65680 135266328 131081 238026752 2158837794 16843264 64 0 10485760 1094713344 33554435 1212153856 4 268877892 69224448 67895858 6 4196064 2147745792 2147516425 270541856 2147487044 1 641 143360 1056768 537921544 128 1073750036 5247776 557120 4 2097169 268574720 65600 13 5249024 2147483648 2148306944 1358954496 2147489792 2155872265 272 1056768 16867328 13 1024 2160328704 294921 285212720 2147490112 2189426689 10764960 16908288 2416181248 527069 2684387360 65540 6291492 285212672 1073807873 32768 20 5242880 1077968896 2147491872 1280 2147483648 0 0 4096 16842752 1 2 1610612736 2147483656 48 8192 0 0 201331201 0 163840 272629760 294912 2168979489 1073742857 2147485952 524288 8406528 17896192 131588 70144 262144 4261 1091577144 0 33570817 8389169 268632064 98304 5849152 2151743488 65697 19924248 2147490816 33570816 136315392 256 64 1 2 6
is_linear=0
shrinkage=0.05


Tree=43
num_leaves=31
num_cat=5
split_feature=0 0 0 10 2 5 1 5 10 1 3 1 2 3 5 10 3 5 4 10 5 5 1 1 3 0 5 3 5 11
split_gain=521654 108579 52038.3 30883.1 24658.2 21966.9 21032.5 19253.4 14330.5 17286.5 13147.8 12351.3 12345.6 11416.5 10925.3 10894.7 10839.9 10539.9 9650.6 9679.44 9576.44 8762.07 10227.2 8102.89 8099.35 7879.22 7244.26 7115.38 7088.93 7039.95
threshold=55.221228141234988 33.875743648267651 78.575091204176417 0 18.801639344262298 11.845924713308078 2.5000000000000004 65.740209439104873 1 1.5000000000000002 73.513959813272578 1.5000000000000002 23.503968253968257 48.600724036086326 82.500893055543855 2 26.60366253320759 22.519907403500781 1771.5000000000002 3 52.663592111392823 59.140379541574205 81.500000000000014 20.500000000000004 70.788423794046253 7.8118777382091453 88.864370881045019 50.606535289665835 52.886521176945493 4
decision_type=10 8 10 9 10 8 2 10 9 2 8 2 10 10 8 9 10 8 2 9 10 10 2 2 10 10 10 10 8 1
left_child=1 5 7 4 15 -1 10 12 9 24 20 -4 13 -2 -13 16 -3 -6 19 -14 29 22 -18 -9 -7 -10 -8 -25 -12 -5
right_child=2 3 11 6 17 8 26 23 25 -11 28 14 18 -15 -16 -17 21 -19 -20 -21 -22 -23 -24 27 -26 -27 -28 -29 -30 -31
leaf_value=-0.32284808350536143 -0.25789322083108818 -0.36696421624052322 0.023439196593042194 0.060999392572222658 -0.4054451242583233 0.03403502517388584 -0.031313831409770676 0.10087553057112797 -0.30516721547189529 -0.15006361958809183 -0.5752781089581549 0.15181803550425024 0.17637527370429551 0.017568632914485738 0.25926036184161083 -0.24587408470067654 -0.098753180698162427 -0.018589373764289319 0.028697881088707147 0.083044696598519985 0.26596120249969774 0.1300607758749783 -0.67175441682804382 0.60632098166102721 0.9814973859683328 -0.1907253928109045 0.74679330587387094 0.19878841768772071 0.38583729443340042 -0.20631022510433841
leaf_weight=2616 432 376 791 2920 181 1169 10274 2912 1795 9190 20 3348 3716 2909 8067 2591 2929 6460 5465 11321 541 419 80 110 23 9278 30 4071 471 269
leaf_count=2616 432 376 791 2920 181 1169 10274 2912 1795 9190 20 3348 3716 2909 8067 2591 2929 6460 5465 11321 541 419 80 110 23 9278 30 4071 471 269
internal_value=-0.00124495 -0.108473 0.127084 -0.0407114 -0.0965402 -0.186059 0.00945408 0.0925911 -0.16938 -0.126705 0.103466 0.214508 0.0710768 -0.0180493 0.227748 -0.166691 -0.111817 -0.0291331 0.0856008 0.106281 0.0714493 -0.0841578 -0.113988 0.164911 0.0523166 -0.209088 -0.0290484 0.20951 0.346688 0.0384512
internal_weight=94774 51632 43142 27561 13036 24071 14525 30936 21455 10382 4221 12206 23843 3341 11415 6395 3804 6641 20502 15037 3730 3428 3009 7093 1192 11073 10304 4181 491 3189
internal_count=94774 51632 43142 27561 13036 24071 14525 30936 21455 10382 4221 12206 23843 3341 11415 6395 3804 6641 20502 15037 3730 3428 3009 7093 1192 11073 10304 4181 491 3189
cat_boundaries=0 1 2 3 4 5
cat_threshold=112 28 80 2 2
is_linear=0
shrinkage=0.05


Tree=44
num_leaves=31
num_cat=18
split_feature=0 0 0 10 9 9 9 5 5 9 5 9 4 9 10 3 9 11 9 9 11 9 9 5 10 6 9 9 5 5
split_gain=467444 82741.9 62117.4 26169.4 37615.7 26373.3 25003.9 21825.5 19977.3 18845.8 17609.5 16680.4 15509 30495.4 15151.1 14836.5 13548.8 13461.4 15569.1 12532.4 11417.4 11210.4 10246.2 9431.75 8913.38 8779.9 8666.14 8307.71 8171.45 7821.58
threshold=44.968849813500348 67.860614535135738 21.125634397593021 0 1 2 3 50.32960078307611 36.809319862670712 4 75.874987310556534 5 584.50000000000011 6 7 43.635017353403335 8 9 10 11 12 13 14 74.372531791370974 15 73.500000000000014 16 17 70.757265393605451 11.845924713308078
decision_type=10 10 8 9 9 9 9 8 8 9 10 9 2 9 9 10 9 1 9 9 1 9 9 10 9 2 9 9 10 10
left_child=2 7 19 4 25 -5 27 11 29 -9 14 -2 13 24 20 -16 -14 18 -15 -1 22 -11 -8 -6 -10 -4 -21 -3 -23 -7
right_child=1 6 3 5 23 8 10 9 12 21 -12 -13 16 17 15 -17 -18 -19 -20 26 -22 28 -24 -25 -26 -27 -28 -29 -30 -31
leaf_value=-0.29344895298891716 -0.16985788934241289 0.20052733571471737 -0.12149123226128698 -0.28882716182448959 0.20586012634766557 -0.41724278891344402 0.23487675265318939 -0.03505085619678968 -0.039831907620107888 0.16936991085763164 0.23885444225179364 0.017762229584296758 -0.070783509521538057 0.057922385709870822 -0.5027602188899869 0.054496372239373418 -0.22440273005330452 -0.22342517737944279 -0.087637250988121307 0.11162349649641408 -0.0025935763069433113 0.053462721979133467 0.099796770730284451 0.9178029445310435 0.23601376121726336 0.39472586879896565 -0.19162573643276926 0.31079015640394803 0.16716107275763947 -0.16690394380578166
leaf_weight=3676 1916 5749 1951 1757 1509 341 3447 4332 386 2976 2906 3079 3916 2686 122 5699 2287 1155 5772 239 1011 16207 2455 48 1236 86 10071 2607 1751 3671
leaf_count=3676 1916 5749 1951 1757 1509 341 3447 4332 386 2976 2906 3079 3916 2686 122 5699 2287 1155 5772 239 1011 16207 2455 48 1236 86 10071 2607 1751 3671
internal_value=-0.00016542 0.0959749 -0.128056 -0.0834817 0.0420684 -0.102899 0.165314 0.0409913 -0.0875419 0.0598717 0.127712 -0.0545103 -0.0644377 -0.0294006 0.102449 0.0427436 -0.127898 -0.063246 -0.0414471 -0.213473 0.152441 0.0794933 0.179256 0.226354 0.170527 -0.09921 -0.184495 0.235259 0.064513 -0.188181
internal_weight=95044 54257 40787 26801 3594 23207 23996 30261 21450 25266 15640 4995 17438 11235 12734 5821 6203 9613 8458 13986 6913 20934 5902 1557 1622 2037 10310 8356 17958 4012
internal_count=95044 54257 40787 26801 3594 23207 23996 30261 21450 25266 15640 4995 17438 11235 12734 5821 6203 9613 8458 13986 6913 20934 5902 1557 1622 2037 10310 8356 17958 4012
cat_boundaries=0 1 10 19 27 37 47 56 57 66 67 77 87 88 98 108 109 119 127
cat_threshold=6 33570816 1073741824 2181071008 7341072 1073872960 301989889 142639617 159744 16842752 524864 8421376 542638080 5313027 134217728 2148007940 49190 35328 67108914 148544 12615680 9 271581208 131072 2189426689 36456096 590336 69783552 262144 3255046412 2048 524324 269484032 263169 4260096 98560 8 5324800 4227072 3255042080 1280 0 8388609 8454144 16920832 16786752 5 71434248 1074266144 2147876881 268444672 38912 9437186 8389248 2148663296 1065216 6 4261888 2147483648 32800 9236 2147516480 0 134218241 135168 16785408 2 1108412448 4196352 1075872032 150994964 4 1 172032000 537403392 106496 12 4736000 2164523008 4194592 8226 2281703424 33572864 8390336 17105664 1049088 2 2 709886656 4227072 16 137494560 131072 2216689664 2155938336 67244032 2164277248 4 22020096 2147745792 2148302880 32 2147491136 2097152 8388608 1187840 1048576 8 32 536940544 128 8 5242880 557632 0 0 0 0 4 16384 0 1 268435456 131072 2147483649 17024 524288
is_linear=0
shrinkage=0.05


Tree=45
num_leaves=31
num_cat=17
split_feature=0 0 0 9 9 9 5 5 9 9 9 9 9 5 5 11 9 9 9 1 1 9 6 9 2 2 9 5 9 11
split_gain=412746 95511.4 42913.3 32747.2 21735.5 20353.3 20172.2 17098 16694.3 16039.1 14702.9 14092.8 13886.5 12515.3 11505.1 11168 11016.1 10933.8 10108.6 9854.31 9396.07 8605.12 8378.63 8283.65 8039.79 7863.54 10556.5 7825.89 7722.87 7672.76
threshold=56.079481474605821 34.324976583661737 78.162484644760312 0 1 2 45.795608963871182 57.996020277283201 3 4 5 6 7 80.218693129238503 14.108538026217998 8 9 10 11 5.5000000000000009 27.500000000000004 12 22.500000000000004 13 42.751288659793822 42.008379888268159 14 93.454676376360354 15 16
decision_type=10 8 10 9 9 9 8 8 9 9 9 9 9 8 8 1 9 9 9 2 2 9 2 9 10 10 9 10 9 1
left_child=1 4 5 -3 -1 -2 11 9 -8 -7 -6 -5 22 18 -12 21 -10 -15 -4 -20 -14 -16 28 -13 29 26 -19 -22 -9 -11
right_child=2 3 13 6 10 7 8 12 16 24 14 23 20 17 15 -17 -18 25 19 -21 27 -23 -24 -25 -26 -27 -28 -29 -30 -31
leaf_value=-0.26635857116746325 -0.1341433325268232 -0.3302131435398194 0.21603030097836423 -0.22658655792620266 0.0032965864459318776 -0.10227857771518445 0.12364463185474327 0.26388962451375364 0.046373073340254131 0.023077611266641714 -0.26903481942727941 0.11746243782416235 0.045815055283902568 0.38936756654346882 -0.19683244620385432 -0.2366114450654184 -0.03852119461859152 0.21252914177654192 -0.21635996849454214 0.086922198215940091 0.1205328898575589 -0.10237066658145605 0.2864289652010783 -0.085517392304361867 0.15728041780292337 0.22957125050186675 -0.041794464627640665 0.813411865437903 0.11761422503272677 -0.4858491023954673
leaf_weight=4503 1036 883 1340 1718 1565 1997 2377 1087 5165 1466 2033 588 8475 913 3181 2660 14609 981 319 1670 6763 10461 1168 3198 1601 6552 694 41 5731 78
leaf_count=4503 1036 883 1340 1718 1565 1997 2377 1087 5165 1466 2033 588 8475 913 3181 2660 14609 981 319 1670 6763 10461 1168 3198 1601 6552 694 41 5731 78
internal_value=-0.00148706 -0.0942894 0.115736 -0.0321866 -0.166915 0.0828112 -0.0225433 0.0907388 -0.001265 0.00825912 -0.144207 -0.108219 0.109007 0.193481 -0.156792 -0.142891 -0.0163344 0.223712 0.110478 0.0380897 0.0808945 -0.124616 0.162489 -0.0537664 0.0785235 0.204607 0.108175 0.124708 0.141495 -0.00263242
internal_weight=94853 52941 41912 28538 24403 29443 27655 28407 22151 5142 19900 5504 23265 12469 18335 16302 19774 9140 3329 1989 15279 13642 7986 3786 3145 8227 1675 6804 6818 1544
internal_count=94853 52941 41912 28538 24403 29443 27655 28407 22151 5142 19900 5504 23265 12469 18335 16302 19774 9140 3329 1989 15279 13642 7986 3786 3145 8227 1675 6804 6818 1544
cat_boundaries=0 9 19 28 37 47 57 67 77 78 88 95 105 114 124 133 143 144
cat_threshold=0 8912896 1346895872 2311 1073741824 134238212 4358208 268714496 67633206 138937344 563085312 2688549120 1073741827 0 2052 26002432 17137664 1048576 34 67190912 1073741824 33558532 0 524324 3221225472 2147484800 71303168 2147517696 3763339368 4259848 16 8 2148139018 3223322626 2181562752 532480 537919488 33554432 4194304 2147483681 268436480 2304 8388608 32 8192 0 20 33554648 384 1073741840 7344416 1074299072 4096 2097154 537001984 8256 5 5263368 1077969152 2147557408 16778256 2147485952 1 134283272 1187840 25233408 5 172102144 4227072 32896 135266320 6401 109051904 34340896 208896 16842752 12 2 198784 1073741968 35717165 285344784 18882596 0 66048 536870912 147456 5 1024 4194304 0 1040 0 0 8388608 51382272 2160099328 32901 268435504 256 2155872256 35652096 16777216 8192 8 1073741828 2416821264 50331656 1040 2285895688 50855944 4259840 1051136 32816 671088704 128 33820928 4210688 32768 268435456 2113536 536870912 0 8 54525952 0 2147483648 8192 2112 2181038080 262304 8192 2148597760 134221824 4227072 0 135266304 1 100663296 786464 65536 0 8 2
is_linear=0
shrinkage=0.05


Tree=46
num_leaves=31
num_cat=19
split_feature=0 10 0 9 9 9 1 9 9 10 0 9 10 1 0 9 10 9 9 9 3 9 0 9 9 5 4 9 6 9
split_gain=368032 77022.4 46253.3 37996.6 31564.8 26453.5 25615.8 36928.6 21757.4 18527.9 17773.7 17287.9 16765.6 15953.4 14669.6 14529.2 14528.9 14916.5 14332.4 13396.8 14397.2 12749.1 9381.31 9752.79 9297.68 9143.04 9001.28 10682.9 8986.13 8972.55
threshold=52.663263358934024 0 78.575091204176417 1 2 3 2.5000000000000004 4 5 6 24.076781659978778 7 8 2.5000000000000004 40.140877754056731 9 10 11 12 13 28.312121519385261 14 90.219936349864909 15 16 63.222847595500703 234.50000000000003 17 80.500000000000014 18
decision_type=10 9 10 9 9 9 2 9 9 9 10 9 9 2 10 9 9 9 9 9 10 9 10 9 9 10 2 9 2 9
left_child=1 5 9 -3 -5 -1 7 -6 -8 13 24 -11 -9 -2 26 25 18 -18 -13 -4 -21 -12 23 -22 -7 -14 27 -10 29 -28
right_child=2 3 19 4 6 10 8 12 14 11 21 16 15 -15 -16 -17 17 -19 -20 20 22 -23 -24 -25 -26 -27 28 -29 -30 -31
leaf_value=-0.31974605858603306 -0.97818128919509584 0.18422904931454306 0.30893869499726995 -0.21249086825317642 0.19292173988059397 -0.095052634065221353 -0.20086245652705645 0.14734729524163959 -0.14492023025513892 0.15091821852930171 0.088959489477769355 0.15854987396446552 -0.011861333698455288 -0.11042496320149751 -0.0053565996105056765 -0.16898406908459407 -0.25960763424905714 0.031901123701553749 0.052900456837940514 -0.86371815134497254 -0.078930770401320544 -0.1174390370907763 0.24134355088255963 0.15153549941647379 -0.21645024283544412 0.41479285779025626 -0.22064480224749566 0.09499420618569529 0.28001644514939367 -0.094792503735683722
leaf_weight=2945 73 1629 1905 3157 2432 2074 2926 925 762 6240 1018 5396 1637 193 8275 2337 444 13236 7993 34 491 2763 2985 6654 7393 136 1984 1153 136 5142
leaf_count=2945 73 1629 1905 3157 2432 2074 2926 925 762 6240 1018 5396 1637 193 8275 2337 444 13236 7993 34 491 2763 2985 6654 7393 136 1984 1153 136 5142
internal_value=0.000652903 -0.0947684 0.102722 -0.0504717 -0.0628595 -0.183887 -0.0458244 0.0333834 -0.0748706 0.0725451 -0.153468 0.0758853 -0.0439725 -0.335939 -0.053601 -0.0872842 0.0585392 0.0222572 0.0955656 0.186672 0.163292 -0.0619434 0.1669 0.1358 -0.190184 0.0207486 -0.0971619 -0.000731152 -0.122591 -0.130275
internal_weight=94468 48824 45644 32631 31002 16193 27845 7467 20378 33575 13248 33309 5035 266 17452 4110 27069 13680 13389 12069 10164 3781 10130 7145 9467 1773 9177 1915 7262 7126
internal_count=94468 48824 45644 32631 31002 16193 27845 7467 20378 33575 13248 33309 5035 266 17452 4110 27069 13680 13389 12069 10164 3781 10130 7145 9467 1773 9177 1915 7262 7126
cat_boundaries=0 1 10 19 29 38 47 48 57 58 68 69 79 89 96 105 114 123 132 142
cat_threshold=96 235046988 0 134221824 2550136832 16785446 69206018 2181039488 2147483648 9445376 524800 8388608 38928384 3 134217728 268976132 281051200 69290496 603982386 5245960 553648128 1074266368 2114561 2147485760 134217737 278704 16777472 1048576 6 69632 1074036736 3221488001 1074799624 2368 8388609 852496 17956864 256 1118208 2147778560 3240361984 1074798592 0 0 803330 16908288 524544 96 134222368 4227072 136 135266360 131081 170917888 2192048160 17375744 16777216 6 5243936 2147483648 16777256 18874672 2147520512 8 16384 537403648 639040 5 6 0 0 33554436 16777216 557058 2147483648 0 256 83200 1 5244928 0 2148372481 1358962688 2147489792 8388617 344064 1048576 91136 9 1049664 2160066560 32776 16 256 2147483648 10486304 1744830464 2147483680 32816 8208 0 0 226492929 0 131076 4214784 0 132 0 0 10485760 0 1056768 2147500032 2147549728 805085 2415919256 65536 69664 268439552 1142947841 139264 2 16384 4194304 622596 2097160 8 33554432 2228228 268439552 16777280 16384 0 33 1040 2147485696 134217729 48 1048576 32768 1
is_linear=0
shrinkage=0.05


Tree=47
num_leaves=31
num_cat=19
split_feature=0 0 10 9 10 9 9 5 9 1 9 10 9 5 9 1 1 0 9 1 5 9 9 9 9 5 9 9 9 9
split_gain=348311 62379.3 53275.6 37532.4 32656 24528.8 23573 18374.3 18274.5 18008.7 25802 14739.6 14592.1 13726.4 13070.6 11822.6 11812.1 11680.3 11252.3 11052.6 10690.6 11181.8 10379.1 9391.18 9111.09 9061.01 9037.44 8433.5 8165.44 7837.86
threshold=44.638752879576735 66.635617484301534 0 1 2 3 4 76.771783523336197 5 2.5000000000000004 6 7 8 46.095420523682158 9 266.50000000000006 3.5000000000000004 22.414769011535185 10 212.50000000000003 83.632865569122529 11 12 13 14 32.196239563103973 15 16 17 18
decision_type=10 10 9 9 9 9 9 8 9 2 9 9 9 8 9 2 2 10 9 2 10 9 9 9 9 8 9 9 9 9
left_child=2 8 5 16 -3 -1 -5 14 -2 10 -8 28 15 26 -6 -9 24 29 -11 27 21 -14 -15 -13 -4 -19 -10 -20 -12 -7
right_child=1 4 3 6 7 17 9 12 13 18 11 23 20 22 -16 -17 -18 25 19 -21 -22 -23 -24 -25 -26 -27 -28 -29 -30 -31
leaf_value=-0.31407747921947538 0.15743412679826935 -0.72487963508475917 0.13644322016334628 -0.21151798826303062 0.14196784824184516 -0.072533772318426074 0.1394217929590221 0.28382469424397022 -0.0046917154434704617 -0.026811317675299103 -0.2487282634109379 -0.15346002344888721 0.16307877499800405 -0.093993314688184282 0.014585820809497642 -0.52404988369216088 -0.062641105591995261 -0.21721690566955965 -0.2716716764445965 0.52930936263874173 0.24897865175936787 0.062722451083087272 0.039819585454486661 0.23481138030546911 0.43576985707626847 -0.040226970256697588 -0.1761614170615903 -0.11345516624984092 -0.067930820918798873 -0.20579420840431722
leaf_weight=2974 2542 100 662 3048 3988 1336 2329 2918 1731 4232 859 210 8631 1547 4078 46 379 952 944 64 2244 4153 21126 549 439 3008 1380 8298 2320 7538
leaf_count=2974 2542 100 662 3048 3988 1336 2329 2918 1731 4232 859 210 8631 1547 4078 46 379 952 944 64 2244 4153 21126 549 439 3008 1380 8298 2320 7538
internal_value=-0.00113119 0.0812087 -0.112892 -0.0663701 0.136882 -0.184345 -0.0821965 0.140413 0.0297966 -0.0621971 0.00784781 -0.0701432 0.168579 0.0171453 0.0777603 0.270375 0.176919 -0.154061 -0.0946682 -0.125363 0.148224 0.130654 0.0306655 0.126786 0.26099 -0.0827761 -0.0813348 -0.130032 -0.117411 -0.186045
internal_weight=94625 54484 40141 24333 26158 15808 22853 26058 28326 19805 6267 3938 17992 25784 8066 2964 1480 12834 13538 9306 15028 12784 22673 759 1101 3960 3111 9242 3179 8874
internal_count=94625 54484 40141 24333 26158 15808 22853 26058 28326 19805 6267 3938 17992 25784 8066 2964 1480 12834 13538 9306 15028 12784 22673 759 1101 3960 3111 9242 3179 8874
cat_boundaries=0 1 10 11 21 30 39 48 49 59 69 79 88 97 107 115 125 133 143 152
cat_threshold=96 122814484 524288 2147483648 2550136832 526436 2216689664 2181104768 524288 9437440 96 4721672 554205184 1074266368 2113569 2112 134217737 83120 16789760 0 2 524288 8388608 56623104 1073741826 134217864 540676 12746820 2181632 67109426 721453632 8 589840 1210056712 16909448 2097154 145227810 83886080 17408 4160 2151972864 1074004225 17835024 2147496192 8388617 803330 17956864 65600 24 1069056 4227072 32768 17825808 0 2181038081 9176064 65536 2164260864 8 22022144 2155872256 129 268435504 3392 75497473 35734144 16916480 1056768 24 67720 1073741824 635264 4198436 1073741824 268435456 2097152 805576960 329792 13 50332736 262144 2147749921 136315936 2147485764 68157448 17024 655360 65536 67125248 2147745792 262144 16795648 524292 1409286152 263168 65792 2147483904 2048 0 160 2097408 131072 268435456 0 12288 16777216 1 55574544 0 0 134217728 526400 2149580800 33554432 524288 83968 3221487745 294948 8192 2148040768 8388608 65552 537919488 65600 8 16384 4194304 262145 8192 0 0 279040 16777216 17536 65536 1646600 37769224 0 34603008 32 536870912 262144 9 2147549696 23749 2415952017 64 69664 4096 0 1179648 2
is_linear=0
shrinkage=0.05


Tree=48
num_leaves=31
num_cat=5
split_feature=0 0 0 10 10 2 5 0 5 5 11 2 4 1 2 10 5 1 2 6 5 11 1 5 2 4 3 5 3 0
split_gain=310681 53781 43635.3 21962.2 19702.6 22582.7 16625 16324.1 14246.8 11081.7 10904.2 10775.1 10761.6 13370 11471.6 10661.2 10465.6 10381.1 10304.8 8894.81 7837.57 7564.09 11001 9439.53 7408.58 7036.5 13754.3 9701.93 8505.79 9672.72
threshold=46.70262797415625 65.373318313123562 21.581003653792607 0 1 11.516666666666667 25.972425980864305 87.766278222664781 83.632865569122529 89.653789790195233 2 19.669696969696975 2323.5000000000005 3.5000000000000004 22.968629343629349 3 51.248225875779532 2.5000000000000004 23.715838509316772 27.500000000000004 37.901778305641585 4 274.50000000000006 59.347989757754583 15.880831643002031 751.50000000000011 64.35494933042385 50.32960078307611 20.502448860105044 32.39689235848747
decision_type=10 10 8 9 9 10 8 10 10 10 1 10 2 2 10 9 8 2 10 2 10 1 2 8 10 2 10 10 10 10
left_child=2 9 17 -3 5 -4 -6 8 12 11 25 15 13 14 16 -2 -5 -1 -12 -14 -7 -15 23 -23 -9 26 27 -8 29 -27
right_child=1 3 4 7 6 20 10 24 -10 -11 18 -13 19 21 -16 -17 -18 -19 -20 -21 -22 22 -24 -25 -26 28 -28 -29 -30 -31
leaf_value=-0.090979518737709611 -0.4472749539932539 -0.56411405987065766 0.22591590342883203 -0.85592261395364444 -0.2170079056093957 -0.089643863547994238 -0.06795344294121311 -0.14828877388366632 0.25825849126118261 0.47743868773182235 -0.26624854165767625 0.035961418157119243 -0.040214932473569047 0.1464638881842073 0.066362216264119547 -0.041482608465600264 -0.11914424121701964 -0.19490668587068641 -0.05661140520214325 0.18663740903258735 0.091325969109366939 -0.31582740412013877 0.87393842360936103 0.065320679468076834 0.22045456458150281 -0.068935542072796702 0.12001452605824146 0.08442504916180596 -0.10860502574865388 0.70061453441424026
leaf_weight=3057 162 105 1135 53 2100 2061 10840 140 1554 135 1295 20909 2086 13534 1963 2888 532 11229 1071 545 843 175 40 2264 5039 98 1266 1156 6537 70
leaf_count=3057 162 105 1135 53 2100 2061 10840 140 1554 135 1295 20909 2086 13534 1963 2888 532 11229 1071 545 843 175 40 2264 5039 98 1266 1156 6537 70
internal_value=-0.00146508 0.0804804 -0.10136 0.127568 -0.0655816 0.0367119 -0.0824729 0.130324 0.11213 0.0257003 -0.0698593 0.0231549 0.101414 0.114829 0.008446 -0.0646387 -0.185895 -0.172668 -0.171354 0.00677653 -0.0371103 0.131756 0.0514618 0.037973 0.210487 -0.0578327 -0.0367276 -0.0532694 -0.099577 0.25171
internal_weight=94882 52124 42758 28030 28472 4039 24433 27925 22746 24094 22333 23959 21192 18561 2548 3050 585 14286 2366 2631 2904 16013 2479 2439 5179 19967 13262 11996 6705 168
internal_count=94882 52124 42758 28030 28472 4039 24433 27925 22746 24094 22333 23959 21192 18561 2548 3050 585 14286 2366 2631 2904 16013 2479 2439 5179 19967 13262 11996 6705 168
cat_boundaries=0 1 2 3 4 5
cat_threshold=32 6 2 32 2
is_linear=0
shrinkage=0.05


Tree=49
num_leaves=31
num_cat=17
split_feature=0 0 9 10 3 10 9 9 9 4 9 1 9 5 0 9 9 9 1 9 5 5 9 1 4 9 9 9 9 4
split_gain=273381 72376.2 28210 23477.9 27993.3 23082 29130.9 27415.1 17378.7 16017.1 15251.5 14080.1 13628.5 13454 12290.7 21772.1 14068.1 11683.8 11301.1 10246.8 9889.23 9173.66 8454.7 8127.34 8758.35 9867.25 8126.21 8026.05 7785.89 9597.07
threshold=57.69216164445983 36.012483343906815 0 1 30.557181546531925 2 3 4 5 2323.5000000000005 6 4.5000000000000009 7 12.856483864525586 56.079481474605821 8 9 10 1.5000000000000002 11 36.809319862670712 89.653789790195233 12 266.50000000000006 584.50000000000011 13 14 15 16 14.500000000000002
decision_type=10 8 9 9 10 9 9 9 9 2 9 2 9 8 8 9 9 9 2 9 8 10 9 2 2 9 9 9 9 2
left_child=1 10 22 9 -5 6 -3 18 -6 17 -1 12 -10 -12 16 -16 -8 -4 26 -15 -9 27 -2 24 25 -19 -7 -13 29 -22
right_child=2 5 3 4 8 7 14 20 11 -11 13 21 -14 19 15 -17 -18 23 -20 -21 28 -23 -24 -25 -26 -27 -28 -29 -30 -31
leaf_value=-0.23645785009476153 0.49053880670509331 -0.30843982167824141 0.18943062755169829 -0.87833427048864832 -0.23932884078208216 0.16237105065956714 0.11181622288110867 -0.14548415777744769 0.069785955544206787 0.016996425332184664 -0.22977550730911955 0.1062946790878216 -0.13409739092493472 0.002018337919037042 0.067998270889397708 -0.19819429902451791 -0.04815166779826547 0.13210740257701847 0.10806023060707604 -0.11921776198194861 0.37455771175664587 0.42512227542102948 0.17832692453805254 -0.26221886957977331 0.16248419950095788 -0.020342618849269731 0.52940417987150201 0.020508060584896765 -0.021230833446786137 0.042640362539699495
leaf_weight=3319 222 1170 6459 84 539 316 1771 1158 1471 3286 2535 6138 1830 1939 1076 2664 6012 2137 1230 17989 229 183 6640 153 3650 2100 345 4930 8659 4445
leaf_count=3319 222 1170 6459 84 539 316 1771 1158 1471 3286 2535 6138 1830 1939 1076 2664 6012 2137 1230 17989 229 183 6640 153 3650 2100 345 4930 8659 4445
internal_value=-0.00282201 -0.075211 0.0968978 0.0776156 0.0318768 -0.0211293 -0.0717082 0.0180927 0.0369644 0.116602 -0.1362 0.0473301 -0.0434372 -0.121228 -0.0474248 -0.121959 -0.0116696 0.139257 0.196626 -0.10748 -0.0053245 0.0740029 0.189127 0.0985912 0.105716 0.0568118 0.364405 0.0681975 0.00684467 0.0587767
internal_weight=94679 54857 39822 32960 15175 29075 12693 16382 15091 17785 25782 14552 3301 22463 11523 3740 7783 14499 1891 19928 14491 11251 6862 8040 7887 4237 661 11068 13333 4674
internal_count=94679 54857 39822 32960 15175 29075 12693 16382 15091 17785 25782 14552 3301 22463 11523 3740 7783 14499 1891 19928 14491 11251 6862 8040 7887 4237 661 11068 13333 4674
cat_boundaries=0 10 11 12 22 32 42 52 60 69 79 89 99 107 117 125 134 144
cat_threshold=134354432 12681216 131584 24 9 2181038088 2183398560 590336 16777216 8 6 112 1082884 0 1080557568 36786182 4 8 1056 262656 17859124 5 1179716 0 786441 1071112 17315876 3288334336 33620368 536870912 1081344 4 67108864 0 33554436 0 557056 8388608 0 536870912 83200 5 1073746944 559677440 0 1073741824 4194568 10240 25477764 17137664 68157952 34 4194304 262144 2147516456 1478492192 5126 1 8995344 1052928 589856 4196432 2147745925 268435488 2147487744 427819008 269222401 139266 82178 1745094720 4227080 50401300 134217744 2149580864 268435456 211812480 16785408 0 8 22020128 2147745792 2147778721 268436512 2147522816 203423745 8389120 16777216 16392 1 570427532 16640 532496 7409664 1074299456 4096 2097170 536870912 524608 9 132096 65536 512 8 9 0 2147483680 524800 33570816 0 593920 137371648 132160 0 16656 538050560 2147483712 20 1179712 0 524296 16384 530432 0 0 536870912 17891328 2147745792 32896 17833984 2147485760 0 512 16916480 1048576 4232320 360448 36 402662432 132352 1048576 9175586 2147492096 16786432 1
is_linear=0
shrinkage=0.05


Tree=50
num_leaves=31
num_cat=14
split_feature=0 10 9 1 9 0 9 9 9 0 9 0 1 4 9 0 2 9 9 9 9 6 0 9 1 9 1 2 3 7
split_gain=243594 62744.1 28439.3 31568.7 42080.8 28056.3 21781.4 19726.3 17579.4 15084.2 14850.4 14282.3 12713.5 11009.8 10575.8 10071.9 10023.5 9970.35 9932.33 9615.4 9208.67 8871.37 8307.75 7981.1 7938.72 7692.42 6998.73 6658.04 9941.46 9166.19
threshold=57.142417197609369 0 1 1.5000000000000002 2 75.788759185942482 3 4 5 34.724070178262771 6 25.633506881450042 2.5000000000000004 414.50000000000006 7 17.47359107177515 31.336158192090398 8 9 10 11 100.50000000000001 95.031976712647477 12 6.5000000000000009 13 48.500000000000007 50.693979933110377 51.160807698447613 50.547052424015632
decision_type=10 9 9 2 9 10 9 9 9 10 9 10 2 2 9 8 10 9 9 9 9 2 10 9 2 9 2 10 10 10
left_child=1 6 -3 4 25 10 15 21 -6 13 -2 23 16 18 -14 -1 -7 -13 -9 24 26 -5 -16 -8 -12 -4 -11 28 -21 -30
right_child=5 2 3 7 8 12 11 9 -10 20 19 17 14 -15 22 -17 -18 -19 -20 27 -22 -23 -24 -25 -26 -27 -28 -29 29 -31
leaf_value=-0.23913673119679424 -0.051957986262665457 -0.19869229944210401 0.48612081217323477 -0.13985999429884141 -0.12281472595760773 -0.13439742800332774 -0.069653178894164725 -0.10301457458399027 0.071039780913997486 0.11248991274403763 0.047621099037004511 0.1090408134558058 0.26236643384731811 -0.13656789755522708 0.13108612290020027 -0.49097522137856259 0.12712465596488781 -0.088759843242050107 0.076521704766804657 -0.16778781104239482 -0.0094170205981607656 0.44344663051041694 0.30752870354215511 -0.17809815582028779 0.19978208930694477 0.2268636890435706 0.76961924185355501 0.096853274099088116 0.019612262426502464 0.11872228935781406
leaf_weight=1515 2602 2445 481 5268 1677 669 2157 1518 3803 1149 1310 843 2260 4310 10165 538 810 2519 1544 565 14814 66 714 8780 2480 883 42 7509 8454 3222
leaf_count=1515 2602 2445 481 5268 1677 669 2157 1518 3803 1149 1310 843 2260 4310 10165 538 810 2519 1544 565 14814 66 714 8780 2480 883 42 7509 8454 3222
internal_value=-6.48034e-05 -0.0693587 -0.0340822 -0.0227099 0.0737815 0.0923362 -0.151224 -0.045719 0.0116004 -0.0258743 0.0613161 -0.129141 0.147811 -0.085065 0.163455 -0.303653 0.00882968 -0.0391023 -0.0125707 0.0738276 0.00137313 -0.132394 0.142535 -0.156937 0.146801 0.321161 0.134534 0.0597569 0.0370497 0.0469617
internal_weight=95112 54352 38000 35555 6844 40760 16352 28711 5480 23377 26142 14299 14618 7372 13139 2053 1479 3362 3062 23540 16005 5334 10879 10937 3790 1364 1191 19750 12241 11676
internal_count=95112 54352 38000 35555 6844 40760 16352 28711 5480 23377 26142 14299 14618 7372 13139 2053 1479 3362 3062 23540 16005 5334 10879 10937 3790 1364 1191 19750 12241 11676
cat_boundaries=0 1 10 20 30 39 49 59 66 75 84 94 102 112 121
cat_threshold=96 594432 8388608 22020096 1107296258 134217728 2147491844 4358208 2181649 67371570 68157440 2151677952 3221487617 272637960 8228 69730313 2181366400 1048576 1064960 4 5244940 553648128 1074266368 2098176 2112 167774209 17552 16790016 17825792 2 17408 2147745792 3223584808 286269472 5120 101187592 8733188 2147614720 9502720 33587200 67174400 34154496 134238208 0 167788544 402653223 805318914 16810048 9 68173888 262144 168300589 2097152 524322 1073741824 1153 4194560 2147516672 5 1050624 2151677952 32900 1048624 2304 2155872256 8390176 1879064576 268435496 16 8208 2097152 0 209715209 0 20 33554496 32768 34156548 4196380 8 16384 524290 268439808 17301568 151065088 4227072 65664 135266328 2147483656 236978176 11272482 197120 16448 8 185630784 134217728 589824 134223880 17432584 2 34 536879104 2147746336 531421 2415919256 0 4263936 16781312 1140850688 1179648 8194 4 67108864 0 3221487617 268435464 0 67108864 33554560 0 1048576
is_linear=0
shrinkage=0.05


Tree=51
num_leaves=31
num_cat=18
split_feature=0 0 10 9 10 9 1 9 9 9 9 9 2 9 2 9 4 9 11 10 3 9 9 4 10 3 1 9 0 0
split_gain=216041 45983.6 33261.1 35570 25529.8 21029.8 16868.3 25716.3 17627.4 16849.7 16461.2 13969.4 13006.7 16904.9 11243.8 10791 10314.3 10126.9 9934.94 9281.42 10537 9228.28 9135.62 9095.3 8947.64 8360.29 7951.61 7200.43 7050.33 6939.25
threshold=42.118916423261325 65.373318313123562 0 1 2 3 7.5000000000000009 4 5 6 7 8 19.336879432624116 9 22.968629343629349 10 567.50000000000011 11 12 13 57.293361305803003 14 15 2063.5000000000005 16 60.514985330220171 5.5000000000000009 17 17.47359107177515 20.703156423952461
decision_type=10 10 9 9 9 9 2 9 9 9 9 9 10 9 10 9 2 9 1 9 10 9 9 2 9 10 2 9 8 10
left_child=2 10 5 16 -3 28 8 -8 -5 -6 26 24 13 -12 19 -10 17 -4 25 -13 -21 -7 -14 -16 -11 27 -2 -9 -1 -23
right_child=1 4 3 6 9 21 7 18 15 11 12 14 22 -15 23 -17 -18 -19 -20 20 -22 29 -24 -25 -26 -27 -28 -29 -30 -31
leaf_value=-0.24893781676520765 0.028316374002312114 -0.61594026264902513 0.52361747820482207 0.090773534767209174 0.22979277977582588 -0.19992385076630942 -0.27404109156710899 0.068355132916089953 -0.20074114390072517 0.15244735411631868 0.036861158641008085 0.038812188061032746 -0.058635174885382925 -0.17941137673745719 0.088948695209251194 -0.039872347239881541 -0.049912405821017865 0.16700590235097404 -0.19404638843579022 -0.6603457915208002 -0.13445378751579545 -0.13567736530058513 0.03448873902739593 -0.073640235307723734 0.078952884880597263 -0.30956966256101931 0.30009946282194611 -0.064639878541709411 -0.46972220747933258 -0.052838310974624707
leaf_weight=1421 421 112 260 2401 2669 3263 2094 1345 1197 10351 1689 517 3005 1932 5968 7797 373 913 1403 127 381 6478 20886 1005 7045 285 746 4097 485 4146
leaf_count=1421 421 112 260 2401 2669 3263 2094 1345 1197 10351 1689 517 3005 1932 5968 7797 373 913 1403 127 381 6478 20886 1005 7045 285 746 4097 485 4146
internal_value=0.00012094 0.0617914 -0.0922499 -0.0526597 0.107158 -0.147687 -0.0700293 -0.120329 -0.0293745 0.110225 0.0172216 0.097572 0.00937802 -0.0789257 0.0427323 -0.0614813 0.17796 0.251938 -0.074696 -0.111841 -0.260793 -0.126095 0.0227655 0.0655152 0.122746 -0.0455879 0.200336 -0.0317631 -0.303526 -0.103252
internal_weight=94812 56854 37958 22165 28175 15793 20619 9224 11395 28063 28679 25394 27512 3621 7998 8994 1546 1173 7130 1025 508 13887 23891 6973 17396 5727 1167 5442 1906 10624
internal_count=94812 56854 37958 22165 28175 15793 20619 9224 11395 28063 28679 25394 27512 3621 7998 8994 1546 1173 7130 1025 508 13887 23891 6973 17396 5727 1167 5442 1906 10624
cat_boundaries=0 1 10 11 21 30 40 48 57 66 76 85 94 95 96 106 116 117 126
cat_threshold=96 122683404 1077936128 2149580801 2952790016 532582 75497472 144 786432 1065216 96 5770240 554729472 590080 270533632 1088 134219785 1168 16789504 17826304 6 66048 2147778560 1090781184 1078985985 2147485952 540673 12599872 554762752 576 213024 2147483648 1090912520 1077937416 2305 2097154 410112 20054016 32832 4 134222912 12648448 65672 1048592 131080 33554440 36439040 590336 1644167780 8 134414352 135399432 16909312 2149580800 33554466 536870912 64 147456 2147778560 2147778561 1344274472 2147490116 2155872257 8471168 16908288 81920 16783360 128 4357 2097152 2147518824 3 2949776 16785664 65792 9 524288 67108864 34674688 2 134217864 12 273186822 67125264 67109938 83886080 0 2147483649 2147483648 6 67108864 128 0 1048576 2 6 16396 131072 1614807177 8404995 2148534528 0 17645664 295680 73728 32 1024 1208221697 1109405704 268435456 2625544 1048577 329344 67109632 536938752 8 6 18432 0 0 24588 1073741824 268435456 2162724 0 10240
is_linear=0
shrinkage=0.05


Tree=52
num_leaves=31
num_cat=6
split_feature=0 10 10 11 0 5 1 3 2 0 3 11 5 0 10 2 1 5 5 5 5 11 6 5 6 1 3 3 2 7
split_gain=216016 50294.7 28355.4 22681.6 20246.4 18186.5 13581.6 12842.5 12784 12720.9 11579 11198.2 15975.9 11185.2 10788.2 11995.2 10846.7 9455.25 8485 8459.13 7983.13 7778.8 7273.21 7092.61 6717.46 6581.81 6524.43 6474.93 10043.3 6267.37
threshold=57.69216164445983 0 1 2 80.631436367722003 47.046769517003348 1.5000000000000002 59.586063366100255 23.503968253968257 26.068114313825394 44.670698973472717 3 57.333173277455323 42.118916423261325 4 22.502577319587633 588.50000000000011 89.653789790195233 74.656128129340686 15.265342975520435 33.299509733602243 5 6.5000000000000009 81.957446079134584 77.500000000000014 250.50000000000003 58.641833333918278 52.491367179691018 18.974596774193554 49.529928891491899
decision_type=10 9 9 1 10 8 2 10 10 10 8 1 8 10 9 10 2 10 10 10 8 1 2 8 2 2 10 8 10 10
left_child=1 9 8 5 11 19 7 -7 26 21 -5 14 -13 -8 16 -16 -4 -14 -9 -3 -11 29 -21 -6 27 -15 -2 -24 -29 -1
right_child=2 3 4 10 23 6 13 18 -10 20 -12 12 17 25 15 -17 -18 -19 -20 22 -22 -23 24 -25 -26 -27 -28 28 -30 -31
leaf_value=0.10765049731701004 -0.62062036635316153 -0.21414828386549428 0.13085677297281828 -0.21419501820567036 0.080823266053013598 0.01093972043794678 -0.062131469868142976 0.1403853958890634 0.051924463645333346 -0.206062894914853 -0.049025305279807481 -0.36845490858476193 0.01115329872148229 0.01782852252255478 -0.070106697846823884 0.069184541361371504 -0.025437749807220925 0.874631579592824 0.59872158253389718 -0.0035061752481812913 -0.012715504870200423 -0.24364678008422769 -0.080723671736263825 0.17552803375565207 0.1599801013416989 -0.36910588927231397 -1.4633194128672282 -0.44321710061245895 -0.12225245300744947 -0.14817647050870733
leaf_weight=245 98 1070 11216 2408 2656 3778 8454 2131 63 666 1897 288 3424 11123 1788 11401 1232 32 106 2999 2691 2301 3144 7733 229 111 30 349 808 10483
leaf_count=245 98 1070 11216 2408 2656 3778 8454 2131 63 666 1897 288 3424 11123 1788 11401 1232 32 106 2999 2691 2301 3144 7733 229 111 30 349 808 10483
internal_value=-0.000122819 -0.0644095 0.0883464 -0.0332244 0.0912986 -0.0196561 0.00140188 0.0671581 -0.504722 -0.13778 -0.141413 0.0701077 -0.0106672 -0.0186877 0.081904 0.0502631 0.115295 0.0191485 0.162104 -0.0825999 -0.051074 -0.160226 -0.0639046 0.151316 -0.10389 0.0140053 -0.818128 -0.11794 -0.219069 -0.142334
internal_weight=94954 54993 39961 38607 39770 34302 25703 6015 191 16386 4305 29381 3744 19688 25637 13189 12448 3456 2237 8599 3357 13029 7529 10389 4530 11234 128 4301 1157 10728
internal_count=94954 54993 39961 38607 39770 34302 25703 6015 191 16386 4305 29381 3744 19688 25637 13189 12448 3456 2237 8599 3357 13029 7529 10389 4530 11234 128 4301 1157 10728
cat_boundaries=0 1 2 3 4 5 6
cat_threshold=96 32 2 2 6 2
is_linear=0
shrinkage=0.05


Tree=53
num_leaves=31
num_cat=18
split_feature=0 0 9 9 2 1 9 1 9 9 5 9 9 5 9 10 9 9 10 9 0 5 9 6 7 9 11 9 9 5
split_gain=183533 44652.3 25325.1 21773.2 18125.6 16959.2 18840.5 14058.7 21139.5 17746.9 13488.3 14356.3 11610.7 10602 9992.95 9033.46 19950.4 9690.56 8121.31 8107.35 7540.24 7182.13 7157.54 7981.49 6802.51 6798.63 6748.72 7922.07 7380.17 6490.07
threshold=57.69216164445983 31.882308941364528 0 1 73.123106060606077 3.5000000000000004 2 7.5000000000000009 3 4 38.581922392636109 5 6 57.996020277283201 7 8 9 10 11 12 5.7784279972209811 60.530174963879311 13 70.500000000000014 49.990081222148213 14 15 16 17 91.306307704547905
decision_type=10 8 9 9 10 2 9 2 9 9 8 9 9 8 9 9 9 9 9 9 10 10 9 2 10 9 1 9 9 10
left_child=1 7 -2 -3 5 6 -4 9 -9 -1 11 -5 13 19 -12 16 -16 21 -8 -7 -11 24 23 -13 -17 -22 28 -28 -6 -19
right_child=2 3 4 10 26 12 18 8 -10 20 14 22 -14 -15 15 17 -18 29 -20 -21 25 -23 -24 -25 -26 -27 27 -29 -30 -31
leaf_value=0.098846364676862863 0.16424544691115961 -0.27905999426984135 0.069071846541712167 -0.25342399739782379 0.30860892723084071 0.12193729626115242 0.115495065060125 -0.31076905045979625 -0.12212931155536061 -0.21853444081414561 0.13386751354209611 0.086276695000293863 -0.0039318086374078368 0.10285514081576666 0.025805172300399588 0.25161053754854951 -0.24481222402105549 -0.022486146832948091 -0.2189403471716358 -0.077788195654666728 -0.17766045680846074 0.16125603348766246 -0.071543085622134198 0.83553906783461585 0.015183445671143582 -0.060242440930988822 -0.083491365114236785 0.13360994982395308 0.12146993137909823 0.70167868517098897
leaf_weight=1322 7609 787 1341 1104 564 732 203 1763 9650 1112 1277 319 5822 10453 1533 320 1217 15874 1542 1603 1486 1173 2397 40 6177 7310 841 821 8331 31
leaf_count=1322 7609 787 1341 1104 564 732 203 1763 9650 1112 1277 319 5822 10453 1533 320 1217 15874 1542 1603 1486 1173 2397 40 6177 7310 841 821 8331 31
internal_value=0.000550498 -0.0587493 0.0822093 -0.0209619 0.0627853 0.0366584 -0.0718985 -0.112567 -0.151648 -0.0728497 -0.0144125 -0.101962 0.0546598 0.0812744 -0.00217433 -0.00882109 -0.0944084 0.00119838 -0.179598 -0.0149871 -0.0957617 0.0473251 -0.0402243 0.165159 0.0268283 -0.0803496 0.116539 0.0240546 0.133819 -0.0210615
internal_weight=94754 54892 39862 32249 32253 21696 3086 22643 11413 11230 31462 3860 18610 12788 27602 26325 2750 23575 1745 2335 9908 7670 2756 359 6497 8796 10557 1662 8895 15905
internal_count=94754 54892 39862 32249 32253 21696 3086 22643 11413 11230 31462 3860 18610 12788 27602 26325 2750 23575 1745 2335 9908 7670 2756 359 6497 8796 10557 1662 8895 15905
cat_boundaries=0 10 19 28 37 47 56 66 75 76 85 94 95 105 115 124 125 134 143
cat_threshold=134353952 2160164864 196616 1048600 266 2147483649 2150367392 590336 16384 8 0 8388608 1073741824 67650 1073807360 134242304 272793670 2418049536 613154868 88080384 262144 2147745825 270541824 5124 3145728 42024976 1048576 1056768 4194304 262145 1124663297 1073742081 2147485952 34078721 8405504 17893376 131136 4195012 264192 1073741840 1079055648 526400 524288 67109392 806494208 64 12 4194312 1077969153 2147483653 1300 2147483968 1 134217728 397312 16842752 51380352 0 295040 1075840032 2147487809 110100480 42009616 553779200 1114112 21 2685403176 403210264 167841808 131328 18882560 1075838978 2181038336 589824 1064960 32 268779520 3009 2147778592 16404 4194336 268435456 18940425 0 163840 56721476 0 524461 268436496 2147617828 0 134807712 16785408 16785408 2 34603008 0 262144 0 2147483712 0 65536 16908288 65536 1 536891408 0 256 0 557056 524288 0 1048576 8512 12 134746112 277905408 2685403264 2048 4194344 16803844 295044 16809984 1122352 2 0 262144 262144 134218752 2147485696 0 0 1187840 1056768 4194304 0 128 32 2147486720 0 8388608 536870912 16777216
is_linear=0
shrinkage=0.05


Tree=54
num_leaves=31
num_cat=20
split_feature=10 9 9 5 5 9 9 9 10 9 5 9 9 11 9 9 2 9 10 9 9 11 6 9 6 2 3 2 5 9
split_gain=131489 37345.2 35561.9 29706.7 21672.6 22741.3 19526.4 18915 18391.5 14754.3 13069.5 12105.8 11539.8 10786.2 30989.4 18201.8 9321.26 9298.58 8805.11 9007.66 8724.39 8647.22 10335.8 11565.9 8102.8 8028.84 7563.92 7041.41 6992.83 7650.73
threshold=0 1 2 45.795608963871182 76.472064941311501 3 4 5 6 7 47.899364594496539 8 9 10 11 12 26.581231671554256 13 14 15 16 17 8.5000000000000018 18 22.500000000000004 21.530330882352946 68.359665484774467 43.02782012195123 32.196239563103973 19
decision_type=9 9 9 8 10 9 9 9 9 9 8 9 9 1 9 9 8 9 9 9 9 1 2 9 2 8 10 8 10 9
left_child=2 -2 10 7 5 -5 -4 -3 11 -10 -1 -8 27 15 16 -7 17 -15 19 25 -20 22 23 -13 26 -17 -12 -6 -11 -30
right_child=1 3 6 4 12 13 8 -9 9 28 24 21 -14 14 -16 18 -18 -19 20 -21 -22 -23 -24 -25 -26 -27 -28 -29 29 -31
leaf_value=-0.09482351568391191 -0.12527804695490116 0.11229277118026844 -0.24994111685119003 0.16488127735263478 -0.042541667090333773 0.10527350399356342 0.013278669518427356 -0.10671601566214073 -0.20865575851463203 -0.11285213484623401 0.020142386621012184 0.010760875686972897 0.25245429486884208 0.68466706571479641 -0.16822442391726872 -0.11101726260508321 0.050215284805973252 0.13193439643717172 0.026045695815663628 0.10545168196472605 -0.074507583007785955 -0.19988225147806868 -0.17775812326532869 -0.12681985275565791 0.24019095405906676 0.041561586303650241 0.20010138840090705 0.14051116120956897 0.1574968660736446 -0.069993671612575692
leaf_weight=1520 2938 1291 1894 4458 660 11986 5474 4081 3887 8384 3709 4602 2195 110 2103 1014 2447 254 6649 5370 3181 1298 1553 2277 630 5759 693 2575 513 1250
leaf_count=1520 2938 1291 1894 4458 660 11986 5474 4081 3887 8384 3709 4602 2195 110 2103 1014 2447 254 6649 5370 3181 1298 1553 2277 630 5759 693 2575 513 1250
internal_value=0.000219888 0.0480782 -0.0722534 0.0575083 0.0698131 0.0580129 -0.0945375 -0.0540734 -0.0843886 -0.125684 0.0336128 -0.0462136 0.163978 0.0457029 -0.0235227 0.0557336 0.0850293 0.321403 0.0286492 0.0571144 -0.00653612 -0.0796626 -0.0612507 -0.0349481 0.0724759 0.0186911 0.0484731 0.102847 -0.0937259 -0.00330185
internal_weight=94755 57071 37684 54133 48761 43331 31132 5372 29238 14034 6552 15204 5430 38873 4914 33959 2811 364 21973 12143 9830 9730 8432 6879 5032 6773 4402 3235 10147 1763
internal_count=94755 57071 37684 54133 48761 43331 31132 5372 29238 14034 6552 15204 5430 38873 4914 33959 2811 364 21973 12143 9830 9730 8432 6879 5032 6773 4402 3235 10147 1763
cat_boundaries=0 1 10 19 28 38 48 49 58 68 78 79 88 98 103 104 114 124 125 134 143
cat_threshold=112 0 0 1113596160 536888067 1207959552 268959744 138444868 274745344 557234 1728053248 4195360 426004 134479888 2162880 2625538 4718594 663552 138412032 1212516 146898944 520 150996992 16789518 2149597186 2147811456 524288 8 1574084 562561024 2621568 2097411 524288 67108872 1090650176 2560 67109376 35 1050640 262144 786432 5242888 2147518464 0 2113712 554701312 8256 8 16 4196360 1048576 1073742080 8405028 2148534528 134217729 2180272 17076480 17899520 138414088 32768 2147549480 36 2151712004 268435456 2292254336 17039616 1048576 8 50350080 4456448 2147745825 16777216 2147484674 8388609 17024 131072 74752 16 2 20488 262144 2147516417 1074791440 2147484000 33554433 8404992 83886080 65536 33556480 2147483648 2148270209 270663696 2147485953 209715200 34079248 1188352 2148542464 1 0 0 0 1049600 2147483648 6 67129472 1073741824 134283264 1057792 64 33554432 8388865 603983872 16793600 20 73400840 262144 98304 1060896 524352 33554433 2113793 553718016 16793856 12 2 65568 262144 1108353024 20993032 2048 167788545 278581 536870912 17146176 2147762176 2416183425 0 0 0 268435456 142606336 0 262150
is_linear=0
shrinkage=0.05


Tree=55
num_leaves=31
num_cat=5
split_feature=0 0 11 10 1 10 3 0 3 10 2 11 4 1 3 0 2 7 4 1 2 1 3 3 3 1 2 6 1 3
split_gain=153470 30499.8 26268.1 23294.8 24279.9 17174.1 14644.6 11288.2 8550.96 7364.33 7164.76 7128.88 7436.29 8200.92 6898.9 6835.32 6428.68 6351.99 6230.71 6143.36 12430.1 8561.87 6464.43 5872.43 5862.49 5663.29 5663.24 5417.43 5248.75 5149.73
threshold=43.273803542099934 65.625690887458134 0 1 3.5000000000000004 2 60.514985330220171 82.774810301876229 64.223754573099285 3 21.741338112305858 4 2323.5000000000005 9.5000000000000018 31.279308451672819 6.8961020330981606 46.983537979507162 50.002179396503912 4376.5000000000009 7.5000000000000009 13.755000000000001 1.5000000000000002 24.374492356453839 68.691291717074975 25.246277626727728 1.5000000000000002 28.059262510974545 25.500000000000004 74.500000000000014 59.0966810611895
decision_type=10 10 1 9 2 9 10 10 10 9 10 1 2 2 10 10 10 10 2 2 10 2 10 10 10 2 8 2 2 10
left_child=2 10 3 15 6 -3 9 11 -6 26 18 12 13 16 -15 17 23 29 19 21 24 -2 -23 25 -21 -7 -5 -14 -13 -1
right_child=1 5 -4 4 8 7 -8 -9 -10 -11 -12 28 27 14 -16 -17 -18 -19 -20 20 -22 22 -24 -25 -26 -27 -28 -29 -30 -31
leaf_value=-0.045629494637250904 0.11636357471198502 -0.50115404451479673 -0.17447241666475033 0.027459713465119537 -0.05988389498984429 -0.22217197931060745 0.15100804846951021 0.14188617274535381 -0.25661773158769524 0.054494650421578673 0.030529267110995358 -0.043498112363246216 -0.049029105071770149 0.97198038051525748 0.12317604628968815 -0.088062563231069854 0.10864904283278667 -0.19186922821591434 -0.41863417735377562 1.061359802159396 0.00089803118186673715 -0.55853213040021865 -0.10579647300574112 0.16665799926245764 0.30384471720925216 -0.0036431340860004352 -0.11501986542293044 0.15213513338907822 0.11664740996243064 0.50240966696292166
leaf_weight=244 452 112 5611 1186 11192 349 2251 8673 581 3129 22592 1996 1548 24 9410 9841 2253 3074 103 33 2592 82 2050 420 113 1970 1693 427 688 52
leaf_count=244 452 112 5611 1186 11192 349 2251 8673 581 3129 22592 1996 1548 24 9410 9841 2253 3074 103 33 2592 82 2050 420 113 1970 1693 427 688 52
internal_value=0.00191799 0.0549791 -0.0744042 -0.057514 -0.0234757 0.0920135 0.0422347 0.0945533 -0.0695928 0.00148091 0.0181389 0.0730929 0.0854549 0.0979122 0.125335 -0.109026 0.0460873 -0.170568 -0.0334596 -0.0260051 0.0261823 -0.0813027 -0.123209 -0.00537373 0.475064 -0.0365308 -0.0561306 -0.00553689 -0.0024474 0.0506477
internal_weight=94741 55887 38854 33243 20032 27870 8259 27758 11773 6008 28017 19085 16401 14426 9434 13211 4992 3370 5425 5322 2738 2584 2132 2739 146 2319 2879 1975 2684 296
internal_count=94741 55887 38854 33243 20032 27870 8259 27758 11773 6008 28017 19085 16401 14426 9434 13211 4992 3370 5425 5322 2738 2584 2132 2739 146 2319 2879 1975 2684 296
cat_boundaries=0 1 2 3 4 5
cat_threshold=2 96 96 16 2
is_linear=0
shrinkage=0.05


Tree=56
num_leaves=31
num_cat=16
split_feature=0 0 9 2 5 5 9 3 9 9 9 4 9 9 1 9 9 9 5 9 9 6 3 9 1 9 9 9 2 5
split_gain=137497 29339.7 20856.5 18901.8 19937.7 17082.5 27624.2 14563.5 14538.4 13003.4 12647.5 12333.2 35655.2 17315.2 11710.7 11645.1 9659.07 9078.24 8240.62 10638.4 7829.8 7445.42 7440.66 7179.82 8779.38 7145.91 6430.06 6407.82 6346.53 6314.54
threshold=55.221228141234988 21.125634397593021 0 43.505102040816332 47.342468283636322 56.407469600951856 1 30.557181546531925 2 3 4 372.50000000000006 5 6 6.5000000000000009 7 8 9 22.519907403500781 10 11 70.500000000000014 43.635017353403335 12 56.500000000000007 13 14 15 36.134234234234242 16.503324899031487
decision_type=10 8 9 10 8 10 9 10 9 9 9 2 9 9 2 9 9 9 10 9 9 2 10 9 2 9 9 9 8 8
left_child=1 16 -2 4 -4 8 -7 -6 -3 -5 -9 12 -10 -13 20 -14 -1 -8 27 -20 -12 26 -23 24 -17 -16 -15 -18 -19 -28
right_child=2 5 3 9 7 6 17 10 11 -11 14 13 15 21 25 23 18 28 19 -21 -22 22 -24 -25 -26 -27 29 -29 -30 -31
leaf_value=-0.19134735432692884 0.21899965011526301 -0.20487022849222655 -0.18087078808694546 0.12318959275808475 -0.63971249356865889 -0.10603667202639577 0.32726498260371278 0.08644861550525719 0.18210432312106806 0.045952396656443496 -0.0049061113573656938 -0.17818838076196725 0.056520094752638507 0.11414465991116313 -0.24195265145606348 -0.1440775053056941 0.013833783718719002 0.024928206992836228 0.16348647211113485 -0.090369246143976872 -0.17221494043049845 0.85475233765809167 0.10696468679644239 -0.043664974776353331 -0.86971922918807631 0.041917656022058311 -0.25163953551085466 -0.12820286547248103 0.2160771505017261 -0.050500984060560417
leaf_weight=3413 2082 1349 1157 12117 80 1451 660 7345 2172 9973 1443 2890 2681 568 219 1361 889 986 652 1086 1358 38 267 8969 43 7221 402 7865 776 13297
leaf_count=3413 2082 1349 1157 12117 80 1451 660 7345 2172 9973 1443 2890 2681 568 219 1361 889 986 652 1086 1358 38 267 8969 43 7221 402 7865 776 13297
internal_value=-0.00118245 -0.0560317 0.0649186 0.0570102 0.0202075 -0.0332452 0.0662543 0.0333767 -0.044567 0.0883958 0.0364387 -0.0378772 -0.00499856 -0.0665675 0.000485884 -0.0362416 -0.118156 0.169212 -0.0940752 0.00528386 -0.0866543 -0.0442775 0.200132 -0.060248 -0.165125 0.0332929 -0.0495335 -0.113909 0.108496 -0.0563623
internal_weight=94810 51815 42995 40913 18823 37910 3873 17666 34037 22090 17586 32688 15226 17462 10241 13054 13905 2422 10492 1738 2801 14572 305 10373 1404 7440 14267 8754 1762 13699
internal_count=94810 51815 42995 40913 18823 37910 3873 17666 34037 22090 17586 32688 15226 17462 10241 13054 13905 2422 10492 1738 2801 14572 305 10373 1404 7440 14267 8754 1762 13699
cat_boundaries=0 9 19 28 38 48 57 67 77 86 95 104 114 123 131 140 150
cat_threshold=134382080 12681216 131072 1048584 131080 8 2150105120 524800 8 553785344 262400 2416320672 268443648 264 8388609 16528 16908288 1122304 12 33555456 8388624 1114112 17893379 134218752 2147487748 285310980 4245505 67108914 4212736 2147483648 37001 1207959600 2147490816 134217729 41943936 553844736 16793600 1 51385568 262144 0 1092616192 8518 2190475264 8650880 1188096 1114112 12 16809984 4194304 2147750177 402662400 16910336 69214210 4241 1179648 13746176 5242880 2147483649 129 1075839012 2048 134217728 17040 1179648 17924096 5 608239668 266240 144 2228224 2109569 8404992 2357199368 536879104 2304 8 272647168 2147778560 2147483936 12288 2283799040 33570817 8392768 17111808 516 37765128 2147483648 20 32 2147484672 2149580800 144703520 536870912 16777280 1048576 192 1074266112 81994 526336 285212672 201343016 1048576 270338 71305216 0 2181070888 268443664 7168 69206016 66304 4194304 2147508224 1 1073758208 1409302528 0 37749312 2147483648 34603008 1056 268435968 262720 0 0 2181038080 268435456 32 1 65792 4194304 2048 0 524288 8 0 33554432 2097152 256 8192 2147553288 8393237 50331657 5243936 256 134217728 132 0 139264 12
is_linear=0
shrinkage=0.05


Tree=57
num_leaves=31
num_cat=17
split_feature=0 0 11 5 9 9 5 1 9 9 9 9 9 9 9 2 10 9 9 9 0 9 5 6 9 2 10 0 0 5
split_gain=128738 27546.3 20094.1 18444.2 18312.7 17144.9 13770 13215.8 23926.9 20198.2 15520.3 13180 12418.9 9875.27 9509.23 9447.64 9373 16041.2 8670.27 8217.17 6990.23 6965.97 6803.42 7841.12 11512 6775.93 6668.51 9499.51 6488.68 6213.07
threshold=42.913259055659935 75.432174317282389 0 22.519907403500781 1 2 47.342468283636322 3.5000000000000004 3 4 5 6 7 8 9 17.667543859649125 10 11 12 13 94.028306344772901 14 64.42841230596386 6.5000000000000009 15 56.004672897196265 16 14.226332621701674 34.724070178262771 89.653789790195233
decision_type=10 10 1 8 9 9 8 2 9 9 9 9 9 9 9 10 9 9 9 9 10 9 10 2 9 10 9 8 10 10
left_child=2 6 3 -1 -5 -4 11 8 -6 -9 26 25 29 -11 -3 -16 17 -12 -14 28 -17 -7 -20 -24 -25 -2 -10 -28 -18 -8
right_child=1 14 5 4 7 21 12 9 10 13 16 -13 18 -15 15 20 19 -19 22 -21 -22 -23 23 24 -26 -27 27 -29 -30 -31
leaf_value=-0.14402625851869985 -0.33935318335030557 0.20270847310974949 -0.0069406282874014047 -0.19961866315459806 -0.14871027385835073 -0.36319015906939722 0.11529891630413439 0.072964544367309592 0.051411179249384958 -0.17057190613092227 -0.028938410088517625 -0.017613563560864735 -0.061437783208923472 -0.062243657998605012 -0.1511527582375827 0.086384112664981541 0.027396545783947512 0.20924414391129359 0.023588162712357117 -0.075118828955249989 0.21917805754205535 -0.18018810607885061 0.012942132617924021 0.22602381199413726 0.048572629307558568 0.046888966713514592 1.1556349605321885 0.22358653479639223 0.34677819901249474 0.66034934695036906
leaf_weight=4939 537 2231 1413 1665 1941 638 3873 2385 757 2687 1496 4068 2480 9819 392 11116 1365 1331 23823 3315 1088 3467 2445 1655 2068 144 28 1156 180 53
leaf_count=4939 537 2231 1413 1665 1941 638 3873 2385 757 2687 1496 4068 2480 9819 392 11116 1365 1331 23823 3315 1088 3467 2445 1655 2068 144 28 1156 180 53
internal_value=0.000618724 0.0490565 -0.0696526 -0.0549116 -0.0392623 -0.157981 0.0280005 -0.0290854 0.0109935 -0.0602428 0.0432992 -0.052076 0.0384487 -0.0856364 0.107488 0.0903903 0.0113111 0.0835443 0.0282586 -0.0307913 0.0982228 -0.209444 0.0356937 0.0825076 0.128193 -0.253952 0.169275 0.243571 0.0641906 0.122345
internal_weight=94555 55973 38582 33064 28125 5518 41146 26460 11569 14891 9628 4749 36397 12506 14827 12596 7687 2827 32471 4860 12204 4105 29991 6168 3723 681 1941 1184 1545 3926
internal_count=94555 55973 38582 33064 28125 5518 41146 26460 11569 14891 9628 4749 36397 12506 14827 12596 7687 2827 32471 4860 12204 4105 29991 6168 3723 681 1941 1184 1545 3926
cat_boundaries=0 1 11 20 30 40 49 59 69 78 88 89 98 107 116 125 135 136
cat_threshold=2 1207960576 26214400 4196352 8389120 134349312 1050632 1627570180 16861184 16 38 671088652 262165 4227092 2163760 32832 301989893 134217860 1054976 262146 12 67109376 589824 2166848 4194336 50339842 402654240 37137 4456482 9 34605068 1073741952 1114128 86020 1073741924 134234112 201330688 8192 327744 9 84475904 4196612 3221487617 3222282254 2147549312 2155872256 2181300736 536870912 1048576 5242880 1077968896 257 256 0 0 66048 135168 16778496 5 1783632392 138510336 2752528 135397384 139265 136314880 134217762 8192 16777216 1 268435456 2415951873 3254784129 1074799617 2147483648 524288 8716816 1310720 1179904 3072 4194304 32776 1074790416 6144 41943041 33556000 0 0 8 14 4343856 0 33726596 285214000 8 268959744 12582913 8192 17367360 67126400 129 1208221704 16795680 17334308 268435456 33817984 2688548864 2684387584 2420113440 794769 50470916 268436784 2097152 268963840 8388608 0 17006852 526336 0 1073741856 2 2147483904 8388608 4194896 537001984 16850948 2048 2147483648 160 268444672 2112 8388608 10502144 1048576 1049600 4 32
is_linear=0
shrinkage=0.05


Tree=58
num_leaves=31
num_cat=13
split_feature=0 5 9 10 9 9 9 9 9 5 10 9 2 5 10 0 1 9 9 7 5 3 5 4 7 1 2 2 0 9
split_gain=125401 22449.9 20531.5 19569.4 22103.9 18297.1 15744.1 14290.3 12734.3 13963.6 12099.9 13631.1 11613 10230 10318 10071.8 8662.09 14919.2 13838.2 8639.81 8233.59 7912.65 8231.11 12057.8 7906.81 7888.34 12508.4 8431.88 7850.53 7842.4
threshold=43.273803542099934 60.530174963879311 0 1 2 3 4 5 6 60.530174963879311 7 8 21.995305164319252 83.12666481023625 9 57.951198506852876 5.5000000000000009 10 11 50.326037419712826 39.24035078096653 63.921446302941128 22.519907403500781 407.50000000000006 50.096308510890786 8.5000000000000018 14.008620689655174 61.907486631016049 17.47359107177515 12
decision_type=10 8 9 9 9 9 9 9 9 10 9 9 10 10 9 10 2 9 9 10 8 10 10 2 10 2 10 10 8 9
left_child=3 2 12 6 20 25 28 -7 -6 16 11 -9 -2 14 -12 -13 18 -18 19 -10 -5 22 23 -19 -4 -3 -27 -28 -1 -8
right_child=1 5 24 4 8 7 29 10 9 -11 13 15 -14 -15 -16 -17 17 21 -20 -21 -22 -23 -24 -25 -26 26 27 -29 -30 -31
leaf_value=-0.18105630268211848 -0.31293272610741946 0.084246770907453028 -0.1145509425902495 -0.11158312082875009 -0.14688427358760045 -0.047096232727087378 -0.0365414179890469 0.21428666229722865 0.23491214914125491 0.16981744367567675 0.10514590552119377 -0.27137061329024614 -0.067094135457978321 0.15745472486552395 0.04247931681933536 -1.0376285376690202 -0.1999312977754685 0.02637165691293444 -0.047864738129760186 0.02789510706820696 0.20035935804340915 -0.48554758625750499 0.032182631561034417 -0.13540086783849301 0.050565891495882746 0.89323947548866267 0.14732050007920611 0.36823560509353737 -0.40117214927335648 -0.11798203682789965
leaf_weight=1394 551 1435 799 255 3030 3090 4345 108 764 786 9068 157 3748 2913 23990 59 1970 1794 5846 1481 1241 101 2597 3218 7832 70 1440 617 571 9446
leaf_count=1394 551 1435 799 255 3030 3090 4345 108 764 786 9068 157 3748 2913 23990 59 1970 1794 5846 1481 1241 101 2597 3218 7832 70 1440 617 571 9446
internal_value=0.000561447 0.0485266 -0.00923348 -0.0684452 -0.039064 0.0659164 -0.111394 0.0560514 -0.0519654 -0.0363962 0.0648435 -0.235148 -0.0983743 0.0676102 0.0597138 -0.459404 -0.0455374 -0.077452 -0.00735513 0.0979093 0.14621 -0.0458382 -0.0400619 -0.0774959 0.0352397 0.174346 0.235952 0.213584 -0.243778 -0.0923684
internal_weight=94716 55877 12930 38839 23083 42947 15756 39385 21587 18557 36295 324 4299 35971 33058 216 17771 9680 8091 2245 1496 7710 7609 5012 8631 3562 2127 2057 1965 13791
internal_count=94716 55877 12930 38839 23083 42947 15756 39385 21587 18557 36295 324 4299 35971 33058 216 17771 9680 8091 2245 1496 7710 7609 5012 8631 3562 2127 2057 1965 13791
cat_boundaries=0 10 11 20 29 38 48 57 58 63 64 73 82 91
cat_threshold=71385224 1077936128 3391095040 4195584 2147485696 2214592513 0 68169984 536872192 20 96 255853580 524288 128 2550145024 10533 75497472 2181103744 2359296 9453568 672208452 12648448 131096 137363480 131201 2147483650 34079776 0 2147483648 5245952 553648128 1342701824 2098208 2147486784 9 18956432 16777728 16851456 67633152 3221225600 1107362052 16388 17334316 1543503880 65539 2151677952 33024 1 0 8388608 4196352 1073741827 1208094848 33570820 12632128 67193344 67112562 32 0 1 32 0 2097152 2 1642496 294912 3271819265 7341320 2147483648 1 262656 17956864 65792 1118240 2151940096 3271819529 5243912 0 1 655888 16785664 8448 2952864256 15816 16777264 80 66052 4096 9 131072 138543126
is_linear=0
shrinkage=0.05


Tree=59
num_leaves=31
num_cat=21
split_feature=10 9 10 9 5 9 5 9 9 6 9 9 9 10 9 9 9 2 3 5 2 9 9 9 5 9 11 5 11 11
split_gain=94521.4 25846 21645 19319.9 18686.3 16676.3 16297.2 15696.1 13425.3 13067.1 11721.4 9830.57 9359.54 9359.13 9995.6 9262.06 8237.9 10369.8 7144.55 6711.68 6774.28 8174.06 6439.46 6420.22 5969.4 5946.74 5815.17 5812.58 5790.1 5087.2
threshold=0 1 2 3 46.731955824456698 4 81.440471381681988 5 6 75.500000000000014 7 8 9 10 11 12 13 14.376689189189191 16.808321715279313 15.857893867631695 24.997835497835499 14 15 16 51.007394781180302 17 18 42.731020108516802 19 20
decision_type=9 9 9 9 8 9 10 9 9 2 9 9 9 9 9 9 9 10 10 8 10 9 9 9 10 9 1 8 1 1
left_child=2 23 3 27 8 18 11 -4 -3 12 -5 -7 -8 16 -15 -9 17 -13 -6 -12 21 -21 -10 -2 -17 -22 -25 -1 -19 -23
right_child=1 4 7 10 5 6 9 15 22 -11 19 13 -14 14 -16 24 -18 28 -20 20 25 29 -24 26 -26 -27 -28 -29 -30 -31
leaf_value=-0.08492379837422348 -0.28227264859439188 0.10436196302169265 -0.22978270772267143 -0.18935002281481789 0.74228340755809441 0.078764726130009677 0.091004519027126585 -0.016357045315484167 -0.26964535687018082 -1.1146741709113122 -0.20888163075239763 0.3662089987420849 0.26655139529560634 0.021245000831100289 -0.076969139633286859 -0.12051087203347449 0.0198767073394275 0.096134354318452631 0.16653841977483527 -0.0032745677663358987 0.031411367076315776 -0.095952553511312433 -0.060176550910225959 -0.035512012460363999 0.019702523116955938 -0.064800340746801036 -0.22123544874361181 0.083512839788077331 -0.034141800194708603 -0.29488990849209551
leaf_weight=588 421 1270 2211 1460 55 12661 1801 3553 397 20 575 326 1352 9413 3563 9918 9488 6045 2654 2900 4845 4057 4034 2089 822 2390 528 3973 993 349
leaf_count=588 421 1270 2211 1460 55 12661 1801 3553 397 20 575 326 1352 9413 3563 9918 9488 6045 2654 2900 4845 4057 4034 2089 822 2390 528 3973 993 349
internal_value=-0.0014161 0.0391249 -0.0629198 -0.0293817 0.0471039 0.0572035 0.0500125 -0.105829 -0.0385049 0.159331 -0.0544553 0.0418605 0.167413 0.0261607 -0.00576152 -0.0865071 0.0507296 0.0904005 0.177572 -0.0413097 -0.0347118 -0.068673 -0.079509 -0.102578 -0.109677 -0.000417226 -0.0727053 0.0616629 0.0777535 -0.111457
internal_weight=94751 57110 37641 21137 54072 48371 45662 16504 5701 3173 16576 42489 3153 29828 12976 14293 16852 7364 2709 15116 14541 7306 4431 3038 10740 7235 2617 4561 7038 4406
internal_count=94751 57110 37641 21137 54072 48371 45662 16504 5701 3173 16576 42489 3153 29828 12976 14293 16852 7364 2709 15116 14541 7306 4431 3038 10740 7235 2617 4561 7038 4406
cat_boundaries=0 1 10 11 20 30 40 50 60 70 79 80 90 99 108 117 127 136 146 147 148 149
cat_threshold=112 67633152 2097152 1077944576 16903 134217728 540672 138575878 335563776 8421682 16 222298120 4194304 1074135296 138674228 16777284 2621442 134284418 17178624 1048576 136300 12681216 524808 2281701376 12334 0 2183397376 524288 2147500032 1 5262336 554172416 4784512 2098176 2112 134217737 10502288 16777984 1049088 6 1050640 262144 34340864 5242888 2148042816 8388608 2113552 536883712 1056832 8 1572992 8388608 4718720 271585538 8 8388616 268468304 515 67125842 1 5245056 2147483648 2147549185 288373040 2147485952 2214592512 66192 256 3200 8 33556480 0 2147745825 0 64 8388608 640 131072 74752 6 512 134479872 164000 1024 524352 301989891 16448 2165453312 17834496 4 1610678816 6060 16777264 32 2162724 50335744 201326593 0 138428434 16777216 262144 134516868 1073741832 1073742848 145752072 540704 554704896 73792 33624128 2147811328 1056813 1073758208 2147518464 302006276 2154562048 536870912 32768 37748736 0 2147483680 18874368 256 0 0 131072 1024 4 0 2097152 1077936128 2 134217728 0 32772 17408 50 16384 2147778560 2147581956 1032 4198656 1 10502149 69888 17039648 8 2 2 2
is_linear=0
shrinkage=0.05


Tree=60
num_leaves=31
num_cat=1
split_feature=0 2 5 5 0 1 10 0 1 3 3 2 5 1 5 5 2 0 0 3 3 3 2 6 6 4 7 5 4 3
split_gain=99782.3 20477.8 16548.2 14505.2 12135.8 11438 15004.3 14416.8 10065.4 14820.2 8712.85 8419.72 8356.26 10997.3 8295.15 7962.38 6924.62 6732.33 6376.99 5936.16 5670.6 5555.78 7649.95 5457.92 5452.04 5526.94 5443.78 5354.85 5315.14 5209.88
threshold=42.913259055659935 42.008379888268159 56.645448309864769 14.108538026217998 86.358822685579767 4.5000000000000009 0 5.7784279972209811 7.5000000000000009 28.819017488029417 60.514985330220171 16.751068376068378 31.153066304702918 33.500000000000007 36.809319862670712 82.500893055543855 14.008620689655174 66.03993053253437 65.81974937223886 43.192914572748684 35.036359930215106 51.482672958869351 33.335144927536241 1.5000000000000002 42.500000000000007 2179.5000000000005 50.103938899590446 80.218693129238503 1410.5000000000002 60.514985330220171
decision_type=10 10 8 8 10 2 9 10 2 10 8 10 10 2 10 10 10 10 10 10 10 10 10 2 2 2 10 8 2 10
left_child=3 2 11 -1 15 6 7 26 9 -4 -8 -2 19 23 -13 -3 20 -18 -16 -7 -10 -19 27 -14 25 -24 -5 -23 -6 -15
right_child=1 4 8 5 28 12 10 -9 16 -11 -12 14 13 29 18 -17 17 21 -20 -21 -22 22 24 -25 -26 -27 -28 -29 -30 -31
leaf_value=-0.15940944771508317 -0.24004054456495616 0.049748539038902168 -0.47182680077764189 -0.016085611283930663 0.19049291830229123 -0.077478635368966681 0.0050257784804803403 -0.0074566547092497111 0.72629274325850224 -0.0024419309460148707 0.14427122253303726 -0.18065463705842594 0.12938024621222638 0.14562882646251404 0.0074094096324700213 0.18347061617444416 0.025159921905502758 0.32119221772913265 -0.15581984329995491 -0.14864939286262083 0.13074001299707513 0.046464921981039312 0.051258298776450051 -0.082132995186617166 -0.49933506222120649 -0.23043506467065145 -0.15241937983304835 0.16230639135152039 0.089516120884453002 -0.24499414091709482
leaf_weight=3494 580 21839 172 922 2661 9720 3744 6415 69 7542 1605 894 334 1039 4303 1173 8065 262 695 4194 95 1635 916 3512 58 215 3557 2559 2554 93
leaf_count=3494 580 21839 172 922 2661 9720 3744 6415 69 7542 1605 894 334 1039 4303 1173 8065 262 695 4194 95 1635 916 3512 58 215 3557 2559 2554 93
internal_value=-0.000366887 0.0421029 0.0118549 -0.0622503 0.0721719 -0.0525883 -0.0218217 -0.0554678 0.0328789 -0.0129079 0.0467199 -0.0582727 -0.079041 -0.023446 -0.0403797 0.0565648 0.0583366 0.0544732 -0.0152885 -0.0989311 0.381308 0.0963529 0.0854096 -0.0637645 -0.0265369 -0.00229084 -0.124355 0.117146 0.14104 0.113537
internal_weight=94916 56287 28060 38629 28227 35135 16243 10894 21588 7714 5349 6472 18892 4978 5892 23012 13874 13710 4998 13914 164 5645 5383 3846 1189 1131 4479 4194 5215 1132
internal_count=94916 56287 28060 38629 28227 35135 16243 10894 21588 7714 5349 6472 18892 4978 5892 23012 13874 13710 4998 13914 164 5645 5383 3846 1189 1131 4479 4194 5215 1132
cat_boundaries=0 1
cat_threshold=112
is_linear=0
shrinkage=0.05


Tree=61
num_leaves=31
num_cat=15
split_feature=2 5 9 9 9 9 11 9 9 9 9 9 5 4 1 2 9 4 9 3 6 5 1 7 9 9 11 5 3 2
split_gain=55586.3 31613.2 23545.8 20985.3 20071.9 19354.4 20304.1 16905.3 14652.4 12931.1 10468.6 9168.61 7025.41 6894.61 6647.86 6475.57 9324.71 6839.35 8526.95 6497.08 6597.09 6440.32 5802.71 5728.24 5485.57 5403.87 5845.84 5381.4 6072.41 5306.37
threshold=42.408249158249163 45.795608963871182 0 1 2 3 4 5 6 7 8 9 5.3847030133241081 14.500000000000002 33.500000000000007 29.334770114942533 10 567.50000000000011 11 85.782483708267591 74.500000000000014 93.454676376360354 300.50000000000006 44.626169680677812 12 13 14 71.02427230037047 59.232730816938698 101.08452380952382
decision_type=10 8 9 9 9 9 1 9 9 9 9 9 10 2 2 8 9 2 9 8 2 10 2 10 9 9 1 10 8 10
left_child=1 4 -3 14 -1 23 10 -8 -2 -10 13 -6 -13 -7 -4 17 -17 18 -12 20 -18 25 -15 -5 -9 -11 29 -25 -29 -27
right_child=8 2 3 5 11 6 7 24 9 21 15 12 -14 22 -16 16 19 -19 -20 -21 -22 -23 -24 27 -26 26 -28 28 -30 -31
leaf_value=-0.23230418762949095 0.13462901171992664 -0.15788813778541791 0.14472372325240193 0.31283662910050247 0.050030946904197175 0.31001039062372665 0.029444401236849035 -0.44163519658912453 0.065304001036520717 -0.10530111070118303 0.039527289575207403 -0.22265687949059704 -0.071763005434398383 0.028328336483535999 0.70232824249701065 0.046023333620125617 -0.047902354018663322 -0.10780797270578962 -0.084631866191734795 -0.53635150569845258 -0.95863394550979142 0.57579121751948559 -0.80400100435529431 0.023725523466402065 -0.18109632370438875 -0.0070539049527790281 -0.10562378713562551 0.30621159111861801 0.071312007476316039 0.089378896919998466
leaf_weight=2180 4795 2488 1900 187 1456 220 1084 224 17178 1294 2654 838 9703 7350 55 4441 3439 4556 2869 71 20 47 21 13604 2531 4850 1045 340 1442 2021
leaf_count=2180 4795 2488 1900 187 1456 220 1084 224 17178 1294 2654 838 9703 7350 55 4441 3439 4556 2869 71 20 47 21 13604 2531 4850 1045 340 1442 2021
internal_value=-0.000360341 -0.0271596 -0.00830425 -0.000353541 -0.0929889 -0.00732809 -0.0311439 -0.138394 0.054279 0.0396385 -0.0150983 -0.0674238 -0.0836795 0.0341444 0.159594 -0.0358066 -0.00215029 -0.0624593 -0.0250506 -0.062709 -0.0531682 -0.00800734 0.025957 0.0377467 -0.203801 -0.0109952 0.00454787 0.0344278 0.11613 0.0213103
internal_weight=94903 63673 49496 47008 14177 45053 29480 3839 31230 26435 25641 11997 10541 7591 1955 18050 7971 10079 5523 3530 3459 9257 7371 15573 2755 9210 7916 15386 1782 6871
internal_count=94903 63673 49496 47008 14177 45053 29480 3839 31230 26435 25641 11997 10541 7591 1955 18050 7971 10079 5523 3530 3459 9257 7371 15573 2755 9210 7916 15386 1782 6871
cat_boundaries=0 10 19 29 39 40 48 58 67 77 87 96 106 115 125 126
cat_threshold=512 27267072 1799884800 3 0 1091043332 163904 2101248 67371314 34 3238170824 138428432 16 2164264960 16973826 2097154 258 524288 2684373064 37752832 4210944 2148335617 18874644 134742016 1 262224 1187840 16812544 4 570490916 527365 2097156 1073808640 325 2190475264 65664 8192 1245184 12 2 135283712 64 32896 3145760 2147483680 0 142622745 17826048 83968 2160066560 589960 135397392 2148012032 134217728 2191523880 536871168 17055744 1 1131418112 32833 2147913729 268443680 3072 8193 17040 16908288 40960 2048 2415919368 33 2097164 35976 134234112 105644576 273809408 16777728 16 536870920 1073741960 4096 4206600 2147516416 285736960 69206528 18874368 134217986 8 73139200 65664 2147581952 268460048 4198432 67108865 136331272 553976064 40960 4456448 512 2147787008 1073200 2149580800 0 3363835921 67108864 41984 1 2048 0 0 16 0 16384 512 537001984 16777216 335544448 0 4 18876428 40 33554432 134284290 295424 98 12 2
is_linear=0
shrinkage=0.05


Tree=62
num_leaves=31
num_cat=2
split_feature=0 5 11 0 1 2 3 1 5 3 7 4 5 11 5 5 6 6 7 4 3 0 1 7 5 1 3 5 0 2
split_gain=86262 17212.2 14249.1 11657.9 11242.5 12411.8 11099.6 9865.92 8421.07 10346.7 9229.32 8174.6 8029.7 7822.3 9450.77 7368.93 6750.91 5968.02 5691.69 5598.67 5573.14 5483.41 6565.98 6427.35 5167.16 6205.51 5861.81 4843.07 4763.74 8160.03
threshold=54.908792307627401 23.658518062224175 0 90.668331359704027 4.5000000000000009 62.601724137931043 26.155988167454844 250.50000000000003 56.645448309864769 51.600917335616252 49.953826078376224 2323.5000000000005 87.609733320957133 1 60.795610024242087 44.554482731875616 78.500000000000014 23.500000000000004 50.56724030058416 471.50000000000006 64.520267783602648 21.581003653792607 1.5000000000000002 51.634196594811101 58.693396722426662 274.50000000000006 61.625628524680799 6.0048140616166146 41.245453855046541 39.334770114942536
decision_type=10 8 1 10 2 10 10 2 10 10 10 2 10 1 8 8 2 2 10 2 10 10 2 10 10 2 10 10 8 8
left_child=1 27 8 4 5 6 -2 12 10 -10 -3 -4 13 17 19 -8 18 -6 24 -15 -17 23 -23 -12 25 -9 -27 -1 -13 -30
right_child=3 2 11 -5 7 -7 15 16 9 -11 21 28 -14 14 -16 20 -18 -19 -20 -21 -22 22 -24 -25 -26 26 -28 -29 29 -31
leaf_value=-0.21119238656086955 -0.66883596765668429 0.1012444505142741 -0.12229285379257704 0.14397170394697478 0.058782488616919149 0.10509225480951612 -0.35596546467433693 -0.57814132846789812 0.18545213088759757 -0.00058625768331490289 -0.069429097110690272 -0.14740739492219443 0.18962470758334116 0.27009059673418173 0.017957641039049427 -0.070187108448822658 -0.52077241817799702 0.12971016572297853 0.13651949563129889 -0.31926675084462536 0.052351459075962448 0.069023151333571162 -0.029406636845410651 0.18297417276618325 0.042456081874381185 -0.16972682644480208 0.099748724843547854 -0.10041238932910546 0.69901234120936007 0.047412525594615153
leaf_weight=1229 73 1277 5348 3150 22722 1568 186 73 996 2994 11261 97 1201 46 3879 3217 72 3411 422 325 1304 1843 20997 258 674 799 270 5002 74 137
leaf_count=1229 73 1277 5348 3150 22722 1568 186 73 996 2994 11261 97 1201 46 3879 3217 72 3411 422 325 1304 1843 20997 258 674 799 270 5002 74 137
internal_value=-0.000598583 -0.044349 -0.0336277 0.0513399 0.044089 -0.0169779 -0.057021 0.0555262 -0.0230311 0.0458534 -0.0307438 -0.107867 0.0628216 0.0578092 -0.00510114 -0.0475324 -0.044222 0.0680403 -0.0288906 -0.246193 -0.0348431 -0.0356493 -0.0214642 -0.0637758 -0.0673285 -0.132123 -0.101665 -0.122263 0.14261 0.275936
internal_weight=94905 51513 45282 43392 40242 6348 4780 33894 39626 3990 35636 5656 31584 30383 4250 4707 2310 26133 2238 371 4521 34359 22840 11519 1816 1142 1069 6231 308 211
internal_count=94905 51513 45282 43392 40242 6348 4780 33894 39626 3990 35636 5656 31584 30383 4250 4707 2310 26133 2238 371 4521 34359 22840 11519 1816 1142 1069 6231 308 211
cat_boundaries=0 1 2
cat_threshold=2 2
is_linear=0
shrinkage=0.05


Tree=63
num_leaves=31
num_cat=19
split_feature=0 10 9 9 9 9 9 5 9 4 9 9 5 9 9 11 9 10 1 1 9 10 1 9 1 9 0 9 5 5
split_gain=68466.4 20067.5 18405.2 14706.4 14044.9 13162.1 11983.7 11074 18632.1 9833.77 25000.6 14424.8 8166.46 8024.41 7860.06 7671.36 18310.7 9366.41 12856.1 10809.8 7687.5 7677.4 9957.97 7382.28 9338.98 9760.11 7343.63 6959.84 6943.25 6641.92
threshold=57.142417197609369 0 1 2 3 4 5 64.42841230596386 6 471.50000000000006 7 8 89.653789790195233 9 10 11 12 13 266.50000000000006 87.500000000000014 14 15 2.5000000000000004 16 26.500000000000004 17 17.47359107177515 18 66.443174242871748 56.645448309864769
decision_type=10 9 9 9 9 9 9 10 9 2 9 9 10 9 9 1 9 9 2 2 9 9 2 9 2 9 8 9 8 8
left_child=1 5 -3 -2 -4 -1 -5 9 -9 10 -6 -11 15 -12 26 17 29 19 21 -8 -18 23 -23 -19 25 -25 -7 -21 -22 -17
right_child=3 2 4 6 7 14 12 8 -10 11 13 -13 -14 -15 -16 16 20 18 -20 27 28 22 -24 24 -26 -27 -28 -29 -30 -31
leaf_value=-0.010511475158549985 0.13340979227863459 0.18098059504161038 -0.14258607942965584 -0.25636248967480352 0.12192125702688937 -0.14563248271232851 0.13341407007048672 -0.11332020553344645 0.21084179996185531 -0.13752532600535483 -0.097576899575483295 -0.02521042220314065 0.17069431652215578 -0.0024722562965256763 -0.091919201643541767 -0.55988606539840746 0.2876061353751227 0.059658934543336511 -0.46614815251845299 0.17259992443057182 -0.18394812954311873 -0.68686072196083514 0.0097796132206916814 0.015406451086307785 0.076727650567093172 -0.11158890360190224 -0.35690935101605709 0.00043232201294239516 0.051323702539623123 -0.13999664484548274
leaf_weight=4428 4490 1120 2325 334 3603 1667 5322 670 1279 3549 3116 14611 1162 7649 9636 101 288 10971 132 687 362 87 125 3848 2685 2483 546 3730 2345 1395
leaf_count=4428 4490 1120 2325 334 3603 1667 5322 670 1279 3549 3116 14611 1162 7649 9636 101 288 10971 132 687 362 87 125 3848 2685 2483 546 3730 2345 1395
internal_value=-0.000989832 -0.0377529 -0.017801 0.0481512 -0.023898 -0.0841742 0.037487 -0.0158551 0.0999063 -0.0227961 0.00811116 -0.0472497 0.0403054 -0.0300659 -0.11167 0.0359332 -0.0250217 0.0450369 0.0256777 0.0853368 0.0464131 0.0289045 -0.263669 0.0321236 -0.0014114 -0.0345527 -0.19687 0.0276022 0.0197883 -0.167227
internal_weight=94746 54199 37922 40547 36802 16277 36057 34477 1949 32528 14368 18160 35723 10765 11849 34561 4491 30070 20331 9739 2995 20199 212 19987 9016 6331 2213 4417 2707 1496
internal_count=94746 54199 37922 40547 36802 16277 36057 34477 1949 32528 14368 18160 35723 10765 11849 34561 4491 30070 20331 9739 2995 20199 212 19987 9016 6331 2213 4417 2707 1496
cat_boundaries=0 1 10 20 29 38 47 57 67 77 86 95 96 106 107 111 112 121 130 139
cat_threshold=96 234913916 0 134217728 0 16785414 69206016 2147550592 786432 1064960 134354432 2160132096 65664 135266320 4105 2181038088 2158756896 590336 16384 8 512 8388608 0 1107296771 138412032 268984320 272793668 69290496 67109426 536936960 2416456172 16777264 48 2162688 4096 538972681 131072 134217746 67108864 0 1107820548 0 524288 1207959552 0 4194304 33024 135168 2147745792 2147483776 16 32768 1 10502672 131072 16850944 12 21037056 1078198272 2147877249 134226944 690176 1074790400 142623232 17825792 41984 8 4194304 2151677952 2147483808 8192 0 8388608 142623248 1179648 16809984 8 22528 69206016 1094727680 137272 2147484672 2181038084 262176 3 562825216 5245964 537919488 1074266504 10485768 1088 134217737 540848 16782080 1114112 2 37750784 0 262144 0 35136 76546049 0 1187840 2148540416 17 2 16384 0 32769 1090519040 28 54542528 294912 425992 287309856 2308 2097153 82576 16908288 1056768 1050656 0 2147487777 8 2147483650 1048576 33554434 1060864 16777288 2048 0 1 0 0 8388608 0 16785408 73728
is_linear=0
shrinkage=0.05


Tree=64
num_leaves=31
num_cat=4
split_feature=10 10 5 3 5 2 5 5 2 11 2 6 4 7 3 1 6 5 4 11 3 2 2 4 2 3 5 6 3 1
split_gain=61132.6 26693.6 17761.2 11342.2 13606.4 10341.3 9389.7 7965.49 7795.11 7423.87 6991.57 8815.25 6762.46 6466.26 6302.91 6413.8 6113.63 5484.32 5268.9 5135.2 7479.11 5036.99 4925.02 4885.14 5836.35 4739.54 4514.38 6392.28 4642.72 5003.15
threshold=0 1 63.462073970314002 68.359665484774467 53.589036030421362 11.516666666666667 19.491288840884231 83.632865569122529 42.408249158249163 2 24.997835497835499 6.5000000000000009 495.50000000000006 49.953826078376224 58.44577951186475 33.500000000000007 21.500000000000004 97.274844523952183 7401.5000000000009 3 59.73872688199252 19.504385964912284 24.251404494382026 83.500000000000014 57.930952380952384 70.788423794046253 55.200420650256959 96.500000000000014 63.921446302941128 2161.5000000000005
decision_type=9 9 10 10 8 10 8 10 10 1 10 2 2 10 8 2 2 10 2 1 10 10 8 2 8 10 8 2 10 2
left_child=5 23 3 6 25 12 22 -4 17 -10 11 19 13 -1 15 -13 -14 26 -12 -8 -21 -17 -3 -2 -25 -5 27 28 29 -7
right_child=1 2 7 4 -6 8 10 -9 9 -11 18 14 16 -15 -16 21 -18 -19 -20 20 -22 -23 -24 24 -26 -27 -28 -29 -30 -31
leaf_value=0.37824092671940374 -0.028285371323708276 -0.073583620032579233 0.041011615288024099 0.04940795146583303 0.10105877298612505 -0.011767347686862875 -0.016912905324145799 0.18187176943912381 0.09242886032276515 -0.011037575116761515 -0.006431287356735641 -0.11494589786094056 0.49461849532993124 0.0605486667122071 -0.23842681481795891 0.0015081542184447298 -0.20012769363820554 0.66045344064340883 0.36479912253562363 -0.15947072800338277 0.16386543601022469 0.45475786094215104 -0.24977401016421719 -0.084502673270795775 -0.20165866680049049 -0.42872365062270384 0.040229236668894774 0.45190817093226454 -0.23778116949392061 -0.54963063499466935
leaf_weight=210 3479 985 6240 74 2909 2488 10002 1196 13236 1995 21915 1739 263 675 887 202 36 34 96 1315 207 88 664 11934 1167 173 10174 67 274 44
leaf_count=210 3479 985 6240 74 2909 2488 10002 1196 13236 1995 21915 1739 263 675 887 202 36 34 96 1315 207 88 664 11934 1167 173 10174 67 274 44
internal_value=0.000869651 -0.0261258 -0.00746071 -0.0202827 0.070807 0.0605966 -0.0278281 0.0636674 0.0545628 0.0788765 -0.0225486 -0.0495844 0.205389 0.135933 -0.127247 -0.0786435 0.41097 0.0262528 -0.00481218 -0.0299329 -0.115495 0.139046 -0.14453 -0.0809039 -0.0949386 -0.285478 0.0246001 -0.0307466 -0.0422712 -0.0211141
internal_weight=94768 65272 48692 41256 3156 29496 38100 7436 28312 15231 36451 14440 1184 885 2916 2029 299 13081 22011 11524 1522 290 1649 16580 13101 247 13047 2873 2806 2532
internal_count=94768 65272 48692 41256 3156 29496 38100 7436 28312 15231 36451 14440 1184 885 2916 2029 299 13081 22011 11524 1522 290 1649 16580 13101 247 13047 2873 2806 2532
cat_boundaries=0 1 2 3 4
cat_threshold=6 96 2 2
is_linear=0
shrinkage=0.05


Tree=65
num_leaves=31
num_cat=17
split_feature=0 11 9 5 9 9 9 2 9 9 9 4 9 9 5 9 5 1 5 9 6 9 9 4 3 9 4 9 9 5
split_gain=62756.7 14662 26970.6 14542.5 13630.4 12678.3 12535.1 11197.7 24922.7 11080.1 7972.48 11135.8 15933.2 13226.5 7936.27 7821.37 7578.04 7493.8 7360.05 9530.61 8323.35 11685.2 7708.3 8102.58 6834.22 6608.26 6243.23 7036.59 6016.89 5627.7
threshold=57.69216164445983 0 1 34.560361764846526 2 3 4 21.379577653033952 5 6 7 700.50000000000011 8 9 52.428551035964524 10 48.648304370022544 5.5000000000000009 67.669448499526069 11 6.5000000000000009 12 13 511.50000000000006 35.036359930215106 14 10.500000000000002 15 16 6.6511893812179865
decision_type=10 1 9 8 9 9 9 10 9 9 9 2 9 9 10 9 8 2 8 9 2 9 9 2 10 9 2 9 9 10
left_child=1 3 14 6 -5 17 -1 8 -7 -6 -11 12 -12 -13 -3 -4 -10 25 19 -9 22 -22 23 -20 -24 -2 -14 -28 29 -8
right_child=5 2 15 4 9 7 28 18 16 10 11 13 26 -15 -16 -17 -18 -19 20 -21 21 -23 24 -25 -26 -27 27 -29 -30 -31
leaf_value=-0.20156613860611899 -0.15124294988846065 0.040311951638770556 -0.30053093245361934 -0.15796388155260557 0.12063208009022817 0.061629780164807441 -0.16112389505208535 0.077041976182252378 -0.64047300777304061 -0.077583834342248817 0.15188688264603659 -0.12304027027572462 0.1338151196391377 -0.0090673140805239052 0.51720535238880827 -0.13291759518317958 -0.20115219751149305 0.17329143048770651 0.13519043132290939 -0.033399675429094194 0.20320733861426377 0.0482313567828591 -0.56961813323638022 0.044098858605602961 0.011064867132628369 0.1025443956669834 -0.068672028820816744 0.015728712648473163 -0.076601776791044421 0.079982992993066396
leaf_weight=1757 362 1686 849 1519 1650 1714 299 3033 109 4039 2105 3350 897 10527 92 4239 987 2960 3489 5446 2215 2730 51 8129 7830 818 3117 11735 5728 1270
leaf_count=1757 362 1686 849 1519 1650 1714 299 3033 109 4039 2105 3350 897 10527 92 4239 987 2960 3489 5446 2215 2730 51 8129 7830 818 3117 11735 5728 1270
internal_value=1.00474e-05 -0.034685 -0.103026 -0.024908 -0.0116362 0.047745 -0.0819865 0.0381095 -0.0576865 -0.00565258 -0.0115099 -0.00307767 0.0230351 -0.0366763 0.0646246 -0.161421 -0.24263 0.130503 0.0462973 0.00615758 0.0602208 0.118158 0.0455278 0.0713931 0.00729786 0.0242749 0.00571283 -0.00202018 -0.052845 0.0338204
internal_weight=94732 54859 6866 47993 38939 39873 9054 35733 2810 37420 35770 31731 17854 13877 1778 5088 1096 4140 32923 8479 24444 4945 19499 11618 7881 1180 15749 14852 7297 1569
internal_count=94732 54859 6866 47993 38939 39873 9054 35733 2810 37420 35770 31731 17854 13877 1778 5088 1096 4140 32923 8479 24444 4945 19499 11618 7881 1180 15749 14852 7297 1569
cat_boundaries=0 1 10 19 29 38 47 56 66 75 85 94 104 114 123 131 141 151
cat_threshold=2 2818572300 4194833 2168487936 66592 288 33554432 134217877 17838336 2 67110016 563085312 4194304 37749251 134348800 8200 1879048192 86065665 8388626 151164000 2160164864 196608 2097176 131336 2147483648 2150170656 537461248 0 8 5312512 804881 3221487621 1296 2281703680 16385 134578240 0 65600 100663296 262144 2147483648 9216 2147518563 101711872 33817216 16785408 2147549248 35784736 134219777 1210056728 2550138880 1091108992 3223339008 2248146944 524288 4194304 687882240 16384 268699648 1090523136 4195840 51382272 311300 268732688 16777248 36 0 0 2147483649 8192 34816 0 134217856 131072 73728 4259840 2151677952 2147483904 8196 35072 1 142606336 131072 106496 1 268961792 2048 1073741985 2097152 2147483648 0 67174976 537001984 83993088 1050624 0 32897 16777248 34816 9437184 8389120 16908288 17899520 1 4196352 0 129 268444672 2112 8388608 8388608 16785408 8192 20 4276864 262144 2147782665 17835040 36864 134217737 42222208 67244032 16777216 0 2147483648 0 16 0 2147483648 32 536870912 557056 2148040960 50462720 1049616 2101257 67112960 132394 4096 537939456 8 536870992 272629760 536870912 20488 0 285736960 69210660 17956864 16785666 8
is_linear=0
shrinkage=0.05


Tree=66
num_leaves=31
num_cat=21
split_feature=0 9 10 9 11 9 10 4 9 9 9 9 5 9 11 9 2 5 9 5 9 9 2 9 2 0 9 9 9 9
split_gain=57892.3 15431 16360.1 17233.1 13465.6 13733.1 13777.8 12719.9 30274.6 11949 11766.4 9662.08 9172.28 9071.51 8303.39 11174.4 8245.65 8132.97 7360.63 7299.21 15186.8 10750.2 7893.57 8811.77 7308.11 9496.05 7143.22 7027.38 6930.66 6366.58
threshold=36.873595371300162 0 1 2 3 4 5 99.500000000000014 6 7 8 9 64.42841230596386 10 11 12 67.011904761904773 8.4455137671192428 13 59.347989757754583 14 15 30.273217084639501 16 28.93440860215054 76.176852015310388 17 18 19 20
decision_type=10 9 9 9 1 9 9 2 9 9 9 9 10 9 1 9 10 8 9 8 9 9 10 9 10 10 9 9 9 9
left_child=4 16 10 -4 5 -1 -7 8 17 -6 -3 12 -9 -10 18 -16 28 -8 -12 20 24 -21 23 -23 25 -5 -17 -13 -2 -22
right_child=1 2 3 19 9 6 7 11 13 -11 14 27 -14 -15 15 26 -18 -19 -20 21 29 22 -24 -25 -26 -27 -28 -29 -30 -31
leaf_value=-0.15287810638290772 0.28913324453145228 0.15052915137621228 -0.12988176094485313 -0.1873990099112991 0.015492759701282152 0.25374530657278832 1.2651547682285309 0.0090645256868399412 -0.13850230371304956 -0.1664958367912116 0.0093224120086908956 -0.23665405295035466 0.39377874394924178 0.014735323715817029 -0.22699333336834171 0.38528933586870751 0.26926451348625535 0.24777840139058946 0.073739972683933452 0.079162648898208371 0.16447940236434114 0.012927520641104365 0.026456320454270307 -0.12876591376468022 -0.059732101631613438 -0.94549221327138511 -0.0081482376349387934 -0.061426610601012482 0.060835459527386906 0.003566210056276266
leaf_weight=2344 374 2817 2334 1050 1172 421 20 2802 1245 3971 6551 588 164 4188 611 113 817 1103 13802 6632 713 2343 10296 2056 2259 43 1858 15077 2649 4120
leaf_count=2344 374 2817 2334 1050 1172 421 20 2802 1245 3971 6551 588 164 4188 611 113 817 1103 13802 6632 713 2343 10296 2056 2259 43 1858 15077 2649 4120
internal_value=0.00234791 0.0310657 0.0245771 0.000609773 -0.0509642 -0.0372837 -0.0266328 -0.0314181 0.0284688 -0.125317 0.0542044 -0.0525084 0.0302347 -0.0205698 0.0423128 -0.0421352 0.127994 0.26355 0.0530468 0.0109704 -0.0291647 0.0263788 0.00250135 -0.0535603 -0.110755 -0.217223 0.0162391 -0.0681507 0.0902377 0.0275959
internal_weight=94533 61438 57598 31846 33095 27952 25608 25187 6556 5143 25752 18631 2966 5433 22935 2582 3840 1123 20353 29512 8185 21327 14695 4399 3352 1093 1971 15665 3023 4833
internal_count=94533 61438 57598 31846 33095 27952 25608 25187 6556 5143 25752 18631 2966 5433 22935 2582 3840 1123 20353 29512 8185 21327 14695 4399 3352 1093 1971 15665 3023 4833
cat_boundaries=0 9 10 20 21 31 32 41 50 60 70 80 81 91 100 109 118 128 131 140 149 158
cat_threshold=1210188292 12648456 16908816 1052696 19005440 2097152 101187616 590336 8 6 67654656 1074266368 1075838976 1342243110 4751364 68173824 262144 0 536954176 1 2 1073741824 881983488 198656 8389120 134217728 2181038090 8437760 16859664 4194386 2 2 4096 2147485712 3255075109 1073807392 67584 2097152 2147811920 1048576 1082112 2818572292 4456533 4194324 2098208 64 33554436 138412172 17830144 655362 5247136 2147483648 852096 1342177312 7432 0 8650768 0 49152 8 575670280 4227712 1610620928 2097198 2148008004 142606336 2097152 536870912 17375488 8 675283968 17139584 268443648 35651648 2147491840 2048 285212708 2136065 65568 32 2 0 0 36 8192 2147516416 2224029697 0 131072 1048576 1 83902528 1073741824 167772160 151004160 524355 33554432 65795 541069312 545260544 4292608 294912 2147745953 16778240 2147485696 1 134234128 1188096 2048 571539520 32768 65568 150998016 2147485762 2181038080 136332306 2147627008 2048 4196488 262144 257 2113536 1056 8388610 8454913 537919744 0 4 16384 0 32768 268439552 0 33554432 1073742081 1024 16777216 787520 0 512 1208090624 65544 528 8 2097152 2097152 0 512 8 0 2147484160 12544 16384 1024 524288 8388736 16777216 16809984
is_linear=0
shrinkage=0.05


Tree=67
num_leaves=31
num_cat=15
split_feature=0 9 10 9 9 9 9 0 0 10 5 0 9 5 9 1 0 9 5 9 1 9 3 9 5 9 0 9 5 6
split_gain=55160.1 17400 17532.3 11821.3 11322.6 9965.18 8408.07 8358.44 8354.69 9057.33 8129.5 7972.68 7923.4 7847.13 10206.9 7731.69 7045.23 9128.09 7045.98 7046.96 6887.22 6821.57 6293.52 6182.74 6007.6 9737.19 5812.98 5751.89 5603.58 6926.58
threshold=63.480483877733398 0 1 2 3 4 5 31.882308941364528 95.031976712647477 6 78.246948375295247 17.47359107177515 7 36.061542677607562 8 2.5000000000000004 5.7784279972209811 9 57.333173277455323 10 9.5000000000000018 11 79.534421241290758 12 60.795610024242087 13 22.414769011535185 14 60.795610024242087 14.500000000000002
decision_type=10 9 9 9 9 9 9 10 10 9 10 8 9 8 9 2 10 9 10 9 2 9 8 9 8 9 8 9 10 2
left_child=1 -1 4 7 11 -5 10 22 9 15 -2 -3 20 14 -7 -8 17 -6 19 -18 27 -16 26 28 25 -14 -4 -11 29 -15
right_child=6 2 3 5 16 13 8 -9 -10 12 -12 -13 24 23 21 -17 18 -19 -20 -21 -22 -23 -24 -25 -26 -27 -28 -29 -30 -31
leaf_value=0.28279606888980341 -0.22214512287667307 -0.12342472732649741 0.62409146151715711 -0.11604446428829324 0.018391443412807955 -0.27979764956253889 -0.76507884080593414 0.031845228671391078 0.19861951626228525 -0.0081354881017780389 0.50674000056017021 -0.34737646761475738 0.089338402151469098 0.027712252155670476 0.083682425164617602 0.07161973807960749 0.004127097718626324 -0.18591582602296897 0.13036289962029021 -0.079522625557831322 0.1990436638961616 -0.079013038600884267 0.55193721764705717 -0.019963212695666654 0.054431867033157513 -0.077178442358616525 0.11653915731736218 0.18597674559501709 0.10143797247957005 -0.087463371675932405
leaf_weight=441 429 1387 62 2520 758 528 65 2096 1009 1156 42 557 1405 7869 790 48 3904 1988 570 7104 1665 3346 122 24559 23363 2304 626 561 1964 1565
leaf_count=441 429 1387 62 2520 758 528 65 2096 1009 1156 42 557 1405 7869 790 48 3904 1988 570 7104 1665 3346 122 24559 23363 2304 626 561 1964 1565
internal_value=0.000541241 -0.0267132 -0.0289443 -0.0131723 -0.0735519 -0.0197541 0.0539123 0.0842699 0.0570425 0.0523878 -0.153882 -0.186632 0.0540845 -0.0137535 -0.0747755 -0.376361 -0.0580856 -0.130129 -0.0410489 -0.0499246 0.126213 -0.0478104 0.220967 -0.0058421 0.0450304 -0.0140677 0.162278 0.0563231 0.0245803 0.00860584
internal_weight=94803 62756 62315 46047 16268 43141 32047 2906 31576 30567 471 1944 30454 40621 4664 113 14324 2746 11578 11008 3382 4136 810 35957 27072 3709 688 1717 11398 9434
internal_count=94803 62756 62315 46047 16268 43141 32047 2906 31576 30567 471 1944 30454 40621 4664 113 14324 2746 11578 11008 3382 4136 810 35957 27072 3709 688 1717 11398 9434
cat_boundaries=0 9 10 19 29 38 48 49 59 68 77 86 96 106 115 122
cat_threshold=139264 134217760 134217744 2281701376 16842754 2149580802 0 524288 16384 96 228622348 589824 8 268435456 4719877 1141899264 2687376 537133056 2148532480 5245964 554827776 524680 2098176 64 2048 17039568 16785668 1122816 4 524304 10485760 33816576 2051 1207959552 540676 311364 6373377 67373586 0 0 34078724 0 524320 136314880 3 4194304 16448 5 96 134221888 2155937792 65672 3145752 2147651594 2181038081 2158493728 590336 8 8 5242880 0 2147483685 1072 0 1 0 0 66560 2416508928 527045 809762816 65540 4194336 285212673 66057 4096 131088 1610940928 268701965 0 99 2097664 50331648 201330697 1048576 4194358 0 2147483648 524544 8200 32768 268435456 32 0 8192 12 5245984 4194304 1073809408 543302960 2147625096 0 33554466 2148532224 8192 9 34605056 32768 262145 0 1280 9437184 82432 17956864 17899520 4096 2147483648 128 1048592 2147516416 2181038080 8388640
is_linear=0
shrinkage=0.05


Tree=68
num_leaves=31
num_cat=15
split_feature=0 9 2 9 9 10 11 9 9 9 9 7 7 9 5 1 5 1 0 7 9 6 10 9 6 9 9 2 7 6
split_gain=43327.6 13612.3 14137.8 16360.4 12086.5 15959.3 11837.3 12210.1 10048.5 9097.67 8253.86 8185.42 8093.25 8095.16 7984.44 6711.14 6707.94 6576.67 6390.29 6648.93 6249.63 6148.58 5955.42 5568.39 5467.01 6718.87 5089.3 5553.04 5501.32 5270.18
threshold=37.692947463019074 0 42.751288659793822 1 2 3 4 5 6 7 8 50.751798554017732 49.529928891491899 9 65.963148212298066 3.5000000000000004 29.266201378618621 8.5000000000000018 86.358822685579767 50.08646451795078 10 2.5000000000000004 11 12 50.500000000000007 13 14 16.751068376068378 50.328057860609896 76.500000000000014
decision_type=10 9 10 9 9 9 1 9 9 9 9 10 10 9 8 2 8 2 10 10 9 2 9 9 2 9 9 10 10 2
left_child=4 17 3 -3 11 15 7 22 -4 14 -8 -1 13 -9 26 -6 -11 -2 19 -10 -21 -16 -7 -14 -18 -26 28 -28 29 -5
right_child=1 2 8 9 5 6 10 12 18 16 -12 -13 23 -15 21 -17 24 -19 -20 20 -22 -23 -24 -25 25 -27 27 -29 -30 -31
leaf_value=-0.20680176961219809 0.076828567445505216 -0.19311040863211096 0.10916133499882019 -0.13187279637112762 0.34925937794119588 -0.028922752640242841 -0.0017233768248600359 0.34311562081729924 -0.089696832463042192 -0.21074724201502845 -0.1488018413817955 0.06396124147904847 -0.10189219766926627 0.0027711215327934241 0.051987055279830774 -0.051426455559622913 -0.016884725195786574 0.27737655079775098 0.088266431684421331 0.053087668212227962 -0.008680105135643856 0.17426921030771508 0.15049343023715275 -0.032410909100729635 -0.21626713826456145 0.17771248555781691 -0.30011567822451074 -0.029443560670190716 0.15673857300573973 0.70400844633579263
leaf_weight=1699 886 1055 5481 330 381 701 1293 260 1265 430 3714 334 3360 506 6084 144 17003 759 4355 10518 6704 1237 1355 20330 121 674 203 2847 735 20
leaf_count=1699 886 1055 5481 330 381 701 1293 260 1265 430 3714 334 3360 506 6084 144 17003 759 4355 10518 6704 1237 1355 20330 121 674 203 2847 735 20
internal_value=0.00156032 0.026888 0.022916 -0.000561976 -0.0435601 -0.0360144 -0.0405997 -0.0272965 0.0484047 0.00634431 -0.111121 -0.161524 -0.0371349 0.122808 0.0412416 0.234883 -0.0155986 0.168338 0.0337635 0.0209424 0.0290691 0.0726486 0.089477 -0.0423223 -0.0108926 0.117263 -0.0142646 -0.0473037 0.0783242 -0.0841082
internal_weight=94784 60707 59062 30739 34077 32044 31519 26512 28323 29684 5007 2033 24456 766 11456 525 18228 1645 22842 18487 17222 7321 2056 23690 17798 795 4135 3050 1085 350
internal_count=94784 60707 59062 30739 34077 32044 31519 26512 28323 29684 5007 2033 24456 766 11456 525 18228 1645 22842 18487 17222 7321 2056 23690 17798 795 4135 3050 1085 350
cat_boundaries=0 9 18 28 29 30 40 50 60 69 73 82 83 92 102 112
cat_threshold=1745256964 8454152 196632 1052672 19013641 335560704 34 524800 16777224 67633184 32832 1074266240 268501284 4722688 1073741824 2281701376 2151677952 51456 1073741824 881983488 268503040 9439232 403709960 2048 25214976 67193344 71303680 2 2 2 117440552 4194560 1075838992 134217992 3221293188 10485760 2359298 655360 1050880 8 272717824 4194816 528512 134217776 2148013056 134217728 2325758464 536940544 49152 1 17831104 4194304 256 1073761288 32868 2181038082 67715584 73984 131584 12 2818572300 262740 4194324 2163745 320 4 134217868 17830144 34 524288 0 2147746089 16388 36700160 1073774592 2281734176 1092747264 2048 1 17 16916480 8256 32 4224 1073792001 4194317 1073741937 0 2148540426 1375732864 16777474 50 16384 0 2147483648 0 0 1048576 2097152 0 0 17 16781312 0 256 16384 32768 0 66048 65536 131072 8
is_linear=0
shrinkage=0.05


Tree=69
num_leaves=31
num_cat=16
split_feature=0 9 9 9 0 10 1 9 9 9 9 1 9 9 10 1 0 9 9 7 9 4 9 2 7 9 2 7 4 4
split_gain=39438.2 14967.4 14501 11265.3 10538.7 10427.4 8555.93 16738.6 10171.6 8540.23 7677.43 8577.54 12699.7 12072.1 6705.26 6011.96 5941.58 5762.52 5364.43 5646.11 7443.78 5634.47 5333.7 5050.99 4543.21 6444.26 4382.04 4435.67 4381.73 4284.45
threshold=36.012483343906815 0 1 2 63.480483877733398 3 2.5000000000000004 4 5 6 7 5.5000000000000009 8 9 10 8.5000000000000018 95.031976712647477 11 12 50.06642149997959 13 115.50000000000001 14 12.404545454545456 50.289406324236005 15 24.251404494382026 50.449675812571265 567.50000000000011 20.500000000000004
decision_type=10 9 9 9 10 9 2 9 9 9 9 2 9 9 9 2 10 9 9 10 9 2 9 8 10 9 8 10 2 2
left_child=3 15 -3 5 9 -1 7 -6 -8 29 -5 13 -13 28 -15 17 -10 -2 -11 20 21 -20 -16 -7 -25 26 27 -26 -12 -4
right_child=1 2 4 10 6 23 8 -9 16 18 11 12 -14 14 22 -17 -18 -19 19 -21 -22 -23 -24 24 25 -27 -28 -29 -30 -31
leaf_value=-0.072496268216415 -0.22908598669494193 -0.22110481431563783 0.35681475208810542 -0.1361559190595388 0.10174331791356779 0.72281286324325367 0.16426014050003768 -0.15894584655260974 0.035340522729821293 -0.1060255105063259 0.10823155299727079 -0.17952980690364187 -0.053069411647180348 0.21560813740922177 -0.11733077491710307 0.30636030590352142 0.17113163877664095 0.14703336386785093 0.12629196858796918 -0.0015846324674335405 -0.036826052317635187 -0.40269867414091198 -0.030841478945130608 0.25897289125699746 -0.29168109076363702 0.17220318690018699 -0.26532061133378498 0.42107847826234224 -0.03047693041933355 0.054883590411686223
leaf_weight=837 110 624 121 2655 1057 38 1731 1450 26316 1471 2138 2389 11740 235 2261 577 831 723 61 21749 1056 288 8420 475 35 478 192 58 776 4056
leaf_count=837 110 624 121 2655 1057 38 1731 1450 26316 1471 2138 2389 11740 235 2261 577 831 723 61 21749 1056 288 8420 475 35 478 192 58 776 4056
internal_value=-0.00282537 0.0205453 0.0167918 -0.0472579 0.0192945 0.0642402 0.0393407 -0.0492624 0.0470326 -0.00254272 -0.0549566 -0.0472 -0.0746166 -0.0192248 -0.0433487 0.181025 0.0394827 0.0963807 -0.0137616 -0.00785677 -0.105004 -0.301597 -0.0492425 0.1538 0.137576 0.0620017 -0.124501 0.152836 0.0710496 0.063478
internal_weight=94948 62221 60811 32727 60187 2113 31385 2507 28878 28802 30614 27959 14129 13830 10916 1410 27147 833 24625 23154 1405 349 10681 1276 1238 763 285 93 2914 4177
internal_count=94948 62221 60811 32727 60187 2113 31385 2507 28878 28802 30614 27959 14129 13830 10916 1410 27147 833 24625 23154 1405 349 10681 1276 1238 763 285 93 2914 4177
cat_boundaries=0 9 18 27 28 37 47 57 67 76 85 86 92 101 110 120 128
cat_threshold=1744962120 8454152 16973840 1200136 2228233 2147483650 34078720 524800 520 67633152 524756 1075838976 65796 4194304 1207959552 67108872 4456448 18688 88081592 4202624 1074008072 2281701408 1073745924 76546050 2181038208 539492352 256 32 16793600 294912 2147745833 1342177280 1030 9 2376336 1179648 1122304 1115264 2147483648 128 2097168 36864 33554432 8454145 536936448 16777216 8 40931360 4194304 168296448 138412064 2164261920 3145728 134283314 2684428288 131072 12 1107296256 2979659784 65536 8390658 138543105 8 25199632 16859139 67108864 2 1052672 262144 2202009601 1078984960 2147485952 540673 4473344 1048832 1221184 269549568 2068 2197848065 1079050504 2304 0 67568128 269617152 1572928 2 134217736 0 0 8 0 2147483648 17408 2147483648 270345 0 4100 0 263296 67109120 1048576 0 0 2147483648 1073750016 557376 0 512 131072 16786432 537018372 67108865 1050624 301994497 33280 2298490884 403177506 4096 4456466 32 128 4194304 1073745928 32 0 1048576 0 536870912
is_linear=0
shrinkage=0.05


Tree=70
num_leaves=31
num_cat=6
split_feature=0 10 5 2 11 0 11 5 4 10 2 5 5 3 0 5 2 6 10 5 3 6 2 4 4 4 10 3 0 2
split_gain=35320.5 13240.6 10975.9 9291.96 8398.16 7962.49 7698.04 10941.4 7024.31 7176.6 5897.03 8636.75 5572 7865.6 5449.2 5096.86 5060.01 6394.1 5177.87 4698.32 4695.4 4705.73 4516.36 4300.79 4219.63 4152.99 5011.94 4467.96 4864.9 6206.84
threshold=54.908792307627401 0 14.108538026217998 19.002145922746784 1 90.668331359704027 2 53.371537626670246 44.500000000000007 3 47.668384879725089 48.148496619515221 47.046769517003348 46.076263226145592 66.235855265933665 36.061542677607562 35.001497005988035 16.500000000000004 4 78.246948375295247 78.236072169854978 110.50000000000001 15.704793028322442 358.50000000000006 3680.5000000000005 700.50000000000011 5 16.404977831131699 9.636880308549495 21.234471450617288
decision_type=10 9 8 10 1 10 1 8 2 9 10 8 10 10 10 8 8 2 9 10 10 2 10 2 2 2 9 10 10 10
left_child=2 3 -1 -2 8 6 10 23 9 -4 11 14 20 -14 -3 -11 17 -15 -18 -17 21 25 -9 -8 -6 26 -10 28 -27 -30
right_child=1 5 4 -5 24 -7 7 22 12 15 -12 -13 13 16 -16 19 18 -19 -20 -21 -22 -23 -24 -25 -26 27 -28 -29 29 -31
leaf_value=-0.11171296323659173 -0.59496417026966808 -0.038443184913497193 -0.012891371812811206 0.0035192613442570479 -0.083780337372539065 0.11359980234469252 0.3161649056456306 -0.68078875434398656 -0.04726880904594135 -0.22956292840686665 0.060534204224091052 0.029142851262785652 0.13597504764683824 0.0036769864806553802 -0.25942229534570987 0.11425691029845333 -0.21113296369480536 -0.13973162614890844 0.074646304384848788 0.79027537342447507 0.2314073228064859 0.26538381567574981 -0.0069733805875071041 -0.41616095011081317 0.15693755260634021 -0.15789911505490753 0.0052720418769054891 -0.063987014175811305 0.36109591920493767 -0.064695739337346625
leaf_weight=3546 144 980 2755 118 5755 3117 22 25 8181 108 16591 17031 1203 2490 390 2242 162 1130 2130 26 171 133 4722 226 188 142 10182 10476 211 144
leaf_count=3546 144 980 2755 118 5755 3117 22 25 8181 108 16591 17031 1203 2490 390 2242 162 1130 2130 26 171 133 4722 226 188 142 10182 10476 211 144
internal_value=0.00121269 0.0344415 -0.026836 -0.313454 -0.0205433 0.0366204 0.030629 -0.0274364 -0.0126514 0.0421504 0.0389176 0.0194274 -0.0203017 0.0194329 -0.10135 0.105582 -0.0042816 -0.0410887 0.0538518 0.122007 -0.0298399 -0.0313558 -0.010522 -0.351197 -0.0761655 -0.0327011 -0.0181586 -0.0570377 0.0894434 0.18838
internal_weight=94741 43366 51375 262 47829 43104 39987 4995 41886 5131 34992 18401 36755 7115 1370 2376 5912 3620 2292 2268 29640 29469 4747 248 5943 29336 18363 10973 497 355
internal_count=94741 43366 51375 262 47829 43104 39987 4995 41886 5131 34992 18401 36755 7115 1370 2376 5912 3620 2292 2268 29640 29469 4747 248 5943 29336 18363 10973 497 355
cat_boundaries=0 1 2 3 4 5 6
cat_threshold=96 2 2 48 32 36
is_linear=0
shrinkage=0.05


Tree=71
num_leaves=31
num_cat=2
split_feature=0 5 5 4 0 1 1 10 3 2 3 5 3 3 1 3 1 3 0 10 5 7 3 1 1 0 1 7 0 5
split_gain=34681 9988.35 9563.13 9112.1 8485.29 7791.45 8838.98 7307.26 6462.17 6325.69 5879.03 5827.13 5681.4 5477.2 5276.02 8678.75 8702.3 5176.2 5864.09 5618.08 5119.57 6457.62 5574.38 5465.08 4973.15 4909.34 4893.6 4729.29 4451.08 4447.76
threshold=54.591079007991091 63.222847595500703 89.653789790195233 71.500000000000014 33.397179521643693 10.500000000000002 212.50000000000003 0 89.488941011245188 75.191176470588246 61.625628524680799 3.2778654425476983 65.501821976194734 68.691291717074975 7.5000000000000009 42.540218014214112 202.50000000000003 68.691291717074975 8.7460586013203159 1 27.497049601651021 50.319155284902529 58.110244137732899 21.500000000000004 2.5000000000000004 46.138519243588995 1181.5000000000002 50.046651014032918 59.804624761969059 59.573907026589147
decision_type=10 10 10 2 10 2 2 9 8 10 10 8 10 10 2 10 2 10 10 9 8 10 10 2 2 10 2 10 10 8
left_child=1 3 5 7 11 9 -7 8 -1 13 26 -5 -4 24 17 -16 -17 18 19 -13 21 -6 -22 -24 -2 -25 -8 -3 -15 -19
right_child=2 27 12 4 20 6 10 -9 -10 -11 -12 14 -14 28 15 16 -18 29 -20 -21 22 -23 23 25 -26 -27 -28 -29 -30 -31
leaf_value=0.0028520944454609488 -0.09300620336474523 -0.22230023934290963 0.31338420851973658 -0.23390512405623062 -0.34168523953678054 0.054307242211158638 -0.17262420422198058 0.1282393701429225 -0.34377383606059708 0.062571563494736651 0.060006910487875313 0.23759214486784608 0.092816014797426766 0.33093929313019749 -0.057228435920590785 -0.17597252588112036 0.40542766483444154 -0.1946050240628181 -0.012681455439945047 -0.096634476654949175 0.0086009563817873325 -0.042992419686989261 -0.025787300661088156 -0.29233782752132392 -0.01080964393498958 -0.070220155444318852 -0.0088002204027692859 0.087483854159148111 0.039925241070057453 0.18665912887103114
leaf_weight=7255 2550 130 442 480 261 25653 929 1216 137 3085 972 121 860 144 7985 2592 66 93 6768 4239 12071 590 3259 409 6611 635 895 2356 1501 431
leaf_count=7255 2550 130 442 480 261 25653 929 1216 137 3085 972 121 860 144 7985 2592 66 93 6768 4239 12071 590 3259 409 6611 635 895 2356 1501 431
internal_value=0.00148944 -0.0264698 0.0342228 -0.0314693 -0.0415119 0.0301184 0.0451062 0.0151971 -0.00356729 -0.00057678 -0.0393124 -0.0615393 0.167694 -0.018605 -0.0578284 -0.0832784 -0.161536 -0.0345822 -0.0418138 -0.0870356 -0.0150316 -0.134601 -0.00881731 -0.0576799 -0.0336894 -0.157238 -0.0922391 0.0712844 0.0654 0.118992
internal_weight=94736 51094 43642 48608 40000 42340 28449 8608 7392 13891 2796 22775 1302 10806 22295 10643 2658 11652 11128 4360 17225 851 16374 4303 9161 1044 1824 2486 1645 524
internal_count=94736 51094 43642 48608 40000 42340 28449 8608 7392 13891 2796 22775 1302 10806 22295 10643 2658 11652 11128 4360 17225 851 16374 4303 9161 1044 1824 2486 1645 524
cat_boundaries=0 1 2
cat_threshold=56 2
is_linear=0
shrinkage=0.05


Tree=72
num_leaves=31
num_cat=5
split_feature=10 0 0 5 0 11 6 3 1 0 3 11 10 3 5 3 5 2 0 4 6 3 0 4 1 1 6 11 3 0
split_gain=35283.8 13890.5 10263.2 9869.16 8306.22 8628.6 6076.49 8306.71 6074.12 7607.78 6884.62 5794.17 6461.83 5441.36 5024.66 4992.3 4906.65 4741.27 4688.83 4518.06 5171.76 4481.99 14502.8 6743.24 6451.86 4475.31 5030.37 4371.65 4214.24 4002.66
threshold=0 21.581003653792607 90.219936349864909 47.046769517003348 28.667575192464021 1 23.500000000000004 61.275707834621947 250.50000000000003 69.050718893871633 52.03151958439468 2 3 70.788423794046253 60.795610024242087 17.791233202063367 83.632865569122529 16.576411960132894 64.558114076085886 1410.5000000000002 11.500000000000002 28.312121519385261 49.7392168426369 519.50000000000011 19.500000000000004 7.5000000000000009 101.50000000000001 4 85.782483708267591 57.69216164445983
decision_type=9 10 8 8 10 1 2 10 2 10 10 1 9 10 8 10 10 10 10 2 2 10 10 2 2 2 2 1 8 10
left_child=2 11 4 13 25 8 16 17 15 10 -10 12 -2 -3 -7 -6 21 -8 -9 -12 -21 22 -5 24 -23 -1 -27 -24 -14 -17
right_child=1 3 -4 6 5 14 7 18 9 -11 19 -13 28 -15 -16 29 -18 -19 -20 20 -22 23 27 -25 -26 26 -28 -29 -30 -31
leaf_value=-0.0044086352134149933 0.025906811975680316 -0.047813553880833602 0.1233936918401944 -0.035109227147487557 0.64702616930007939 -0.22933210809700585 -0.24677609168483239 -0.16038461731516676 -0.46165927780138988 -0.31509410678496902 0.2285233632803744 -0.11147229492042091 -0.053545118221825463 -0.37625533444806936 -0.018866244995062412 0.021405542547543538 0.1067075008575043 0.15641430118947006 0.043623723475342026 -0.095702593021506313 0.087895943601854043 0.020255464085822732 -0.38565544818145359 -0.017793741113064677 0.15848012185062688 -0.28522159987610535 0.35781885313265249 -1.0157211141501155 -0.30937269951668256 0.071362602482261381
leaf_weight=422 2887 8516 3751 2561 36 321 76 429 77 212 229 3669 12971 128 2433 5519 1054 1796 820 817 723 12018 129 17260 908 388 33 35 163 14660
leaf_count=422 2887 8516 3751 2561 36 321 76 429 77 212 229 3669 12971 128 2433 5519 1054 1796 820 817 723 12018 129 17260 908 388 33 35 163 14660
internal_value=0.000819842 -0.0196797 0.0460857 -0.00456471 0.0348942 0.040094 0.00664933 0.0734161 0.0504175 -0.031417 0.00116134 -0.0547944 -0.0418145 -0.0526771 -0.0433977 0.0587487 0.000514216 0.140045 -0.026448 0.0213067 -0.00950666 -0.00288671 -0.0642989 0.0026572 0.0299652 -0.119476 -0.234817 -0.520121 -0.0566769 0.0576992
internal_weight=95041 65420 29621 45730 25870 25027 37086 3121 22273 2058 1846 19690 16021 8644 2754 20215 33965 1872 1249 1769 1540 32911 2725 30186 12926 843 421 164 13134 20179
internal_count=95041 65420 29621 45730 25870 25027 37086 3121 22273 2058 1846 19690 16021 8644 2754 20215 33965 1872 1249 1769 1540 32911 2725 30186 12926 843 421 164 13134 20179
cat_boundaries=0 1 2 3 4 5
cat_threshold=6 2 2 8 2
is_linear=0
shrinkage=0.05


Tree=73
num_leaves=31
num_cat=17
split_feature=10 9 5 9 9 9 9 9 0 11 9 9 9 0 9 0 9 6 0 1 3 10 5 6 5 1 9 9 9 0
split_gain=31635 18744.5 13972.7 21997.6 15912.6 10923.8 10607.7 9376.32 10007.7 9598.38 10632.4 9989.27 8570.57 7801.53 20923.2 7694.7 7175.02 6599.65 6347.3 5824.92 5678.2 5511.98 5370.79 5103.71 5469.99 5077.94 11723.4 11559.3 4995.89 4970.25
threshold=0 1 56.645448309864769 2 3 4 5 6 95.031976712647477 7 8 9 10 6.8961020330981606 11 34.724070178262771 12 2.5000000000000004 64.356571060499959 3.5000000000000004 30.557181546531925 13 92.404083149672033 31.500000000000004 83.632865569122529 8.5000000000000018 14 15 16 40.855805495825827
decision_type=9 9 10 9 9 9 9 9 8 1 9 9 9 10 9 10 9 2 10 2 8 9 10 2 10 2 9 9 9 10
left_child=1 15 4 -4 17 -5 -6 18 9 10 -9 -11 -10 14 21 -1 -15 19 -3 -2 -14 -8 -17 24 -7 26 -18 -27 -28 -12
right_child=2 7 3 5 6 23 13 8 12 11 29 -13 20 16 -16 22 25 -19 -20 -21 -22 -23 -24 -25 -26 27 28 -29 -30 -31
leaf_value=0.48139913320136829 0.0060440234577076313 -0.10015586142443328 -0.056444926418246645 0.36501910286711031 -0.14003119377466303 0.041295648763794129 0.26115084203778122 0.09579024389855631 -0.1233627312002821 0.056054770644283526 -0.097389319143299721 -0.13448455798871667 1.0349134765920185 -0.077562270971763755 -0.12724248896612333 0.1469062489475095 0.085352264940512179 -0.073801781034062486 0.092038496913656898 0.13668265732819693 0.20575825919867216 0.030936868025045375 0.69031342065080681 0.19802484839096968 0.20647321223986112 -0.10658984516477098 -0.068574954412177425 -0.012981276091713441 0.0015500762031638179 0.02821249510675726
leaf_weight=221 1350 1988 4329 329 2420 5172 368 7112 212 1203 838 1587 21 5542 5245 1397 3485 754 548 2319 1232 864 47 726 555 4233 3525 14849 9029 13106
leaf_count=221 1350 1988 4329 329 2420 5172 368 7112 212 1203 838 1587 21 5542 5245 1397 3485 754 548 2319 1232 864 47 726 555 4233 3525 14849 9029 13106
internal_value=-2.10713e-05 0.0429108 -0.0194889 0.0315693 -0.0300015 0.0877034 -0.0381088 0.0331245 0.0423136 0.0345375 0.0460847 -0.0526084 0.169175 -0.0328478 -0.0838205 0.20541 -0.0247367 0.0607895 -0.0583946 0.0886145 0.217916 0.101251 0.164593 0.0730218 0.0573029 -0.0163743 0.00435843 -0.0338093 -0.018179 0.0206493
internal_weight=94606 29512 65094 11111 53983 6782 49560 27847 25311 23846 21056 2790 1465 47140 6477 1665 40663 4423 2536 3669 1253 1232 1444 6453 5727 35121 16039 19082 12554 13944
internal_count=94606 29512 65094 11111 53983 6782 49560 27847 25311 23846 21056 2790 1465 47140 6477 1665 40663 4423 2536 3669 1253 1232 1444 6453 5727 35121 16039 19082 12554 13944
cat_boundaries=0 1 10 20 29 39 49 58 59 69 79 89 99 108 109 119 129 139
cat_threshold=6 4330544 2151677952 134807688 2147483656 1074266112 136380416 36438048 0 2147516424 621941248 4456448 2416189440 285220864 524288 8404992 41959824 12288 73792 4 620790276 138412416 4112 134217728 16850948 52428802 2181038464 663552 134228032 167788616 1082130432 20 32 0 0 134217728 0 262400 1 36193280 1630535680 524297 256 134742016 2215641088 16908352 2051 603979776 35 67108928 0 131072 2099216 131081 1375748096 142639105 4215808 34 2 1050624 0 2147749924 268570912 2147523840 2224029696 16 68296704 1048640 13 18432 0 2147516416 1343226880 64 0 16384 17825792 65536 4 2048 0 2147483648 1056 2147516480 0 0 139264 16777216 9 1118240 2148042757 2147745952 268502016 4198400 402669568 786944 1048576 1048832 4 4198432 2148025344 558104704 1342177288 4200448 26624 1145049088 0 1541376 72 65664 8454148 3256877056 23138371 160 0 8422962 269549568 516 8 2415921152 528 2183135232 2162689 32 524289 10569217 1118208 516 8 1209008152 4160 1048576 1048580 33088 142610436 135004164 17072640 16777218 4
is_linear=0
shrinkage=0.05


Tree=74
num_leaves=31
num_cat=17
split_feature=0 11 9 9 9 9 5 9 9 9 10 9 9 1 9 9 9 9 1 0 5 5 10 2 0 2 5 2 9 6
split_gain=28118.9 11471.2 18067.5 12085.3 8850.71 8140.87 7946.17 12215.6 8214.88 7837.03 8498.69 7012.17 5968.78 5793.71 12969.3 7831.28 5321.19 5277.57 4748.75 4725.52 4697.52 4388.96 4376.85 4073.43 3992.65 3817.73 3635.56 7147.93 6595.06 5492.58
threshold=62.067593938237486 0 1 2 3 4 36.809319862670712 5 6 7 8 9 10 8.5000000000000018 11 12 13 14 250.50000000000003 56.079481474605821 4.7423507869229882 31.491293060044274 15 13.98648648648649 55.520394700283909 34.28063864697716 61.769839193746655 52.975250531430312 16 12.500000000000002
decision_type=10 1 9 9 9 9 8 9 9 9 9 9 9 2 9 9 9 9 2 8 10 8 9 10 8 10 8 10 9 2
left_child=1 3 -3 12 -5 -4 7 20 18 23 -11 -9 19 14 -12 21 -10 -15 -8 -1 -6 -16 -17 -2 -7 -24 27 28 -19 -28
right_child=9 2 5 4 6 24 8 11 16 10 13 -13 -14 17 15 22 -18 26 -20 -21 -22 -23 25 -25 -26 -27 29 -29 -30 -31
leaf_value=0.51655937444499078 0.41649738683992504 0.07076663507011674 -0.22882264114274331 -0.13451862731697733 -0.12788745863405479 -0.067444114615926573 0.055264238949537185 -0.23144398588884063 -0.066922175603924827 -0.40035128124758734 0.050528685245104378 -0.076059176581177321 0.059113657902817196 0.12787280986705526 -0.66170400822604147 -0.032874113870407805 -0.0080636610954986088 -0.44590287570629211 -0.40756142698228359 0.061825189702020791 0.048221639382039744 -0.020256041247687519 -0.34439895673970544 0.090357217845910595 -0.19402176920957914 -0.12559764315992331 0.026788512068396737 0.069201313510384457 -0.052973462432219912 0.094042164184523283
leaf_weight=139 98 1549 1350 1639 440 3753 5372 832 4419 107 3825 5696 3023 1556 27 336 28947 104 56 97 2716 2164 484 4151 747 339 13496 1476 1885 3917
leaf_count=139 98 1549 1350 1639 440 3753 5372 832 4419 107 3825 5696 3023 1556 27 336 28947 104 56 97 2716 2164 484 4151 747 339 13496 1476 1885 3917
internal_value=-0.00223886 -0.0226025 -0.0809468 -0.0145148 -0.0205844 -0.121033 -0.0167054 -0.0572253 -0.00659488 0.0341987 0.0250847 -0.0961868 0.078645 0.0267568 -0.0123434 -0.0840301 -0.0158766 0.039274 0.0503965 0.316255 0.0235943 -0.0280327 -0.188743 0.0976496 -0.0882599 -0.251221 0.032594 -0.0141635 -0.076027 0.041917
internal_weight=94740 60775 7399 53376 50117 5850 48478 9684 38794 33965 29716 6528 3259 29609 7175 3350 33366 22434 5428 236 3156 2191 1159 4249 4500 823 20878 3465 1989 17413
internal_count=94740 60775 7399 53376 50117 5850 48478 9684 38794 33965 29716 6528 3259 29609 7175 3350 33366 22434 5428 236 3156 2191 1159 4249 4500 823 20878 3465 1989 17413
cat_boundaries=0 1 11 20 28 37 47 56 66 67 76 82 91 100 109 118 119 129
cat_threshold=2 2684358660 4194897 5275664 1057841 2097184 33554432 8388737 6400 258 1 50366512 138412320 134217744 2147483656 16973954 3145730 2214592514 536880128 26880 2147483776 547012608 0 1115685376 134217729 1141383180 1073905664 337660419 34080768 262148 1074004129 268435466 32768 8388608 67310148 537001984 16850944 536870976 2164261504 537395488 4218882 34816 268435456 2117676 18087936 82 10 7406600 3093 1073741956 1048612 557316 16384 16781632 2147483648 5373952 134416096 2160132096 32 1074790424 4104 9 787488 590336 2148548608 8 96 5246976 268435457 3221487617 2098176 524544 16384 327744 0 65536 33554432 134217728 134217744 2147483648 16973826 2097152 117456896 294912 2147745801 151003168 1030 135266304 2183218048 1191936 16777216 5246976 0 557056 2098176 2147485984 2097152 8388609 83886080 8200 604110852 2147487744 272773120 4194307 0 285212672 545801220 22315008 545259570 1048576 0 4224 268435456 2147516672 2181038080 41943040 536870912 16777280 2 0 0 2147483649 8192 0 0 0 1048576 0 4
is_linear=0
shrinkage=0.05


Tree=75
num_leaves=31
num_cat=18
split_feature=10 9 10 9 9 9 4 9 5 9 11 9 9 9 4 9 7 5 7 9 1 10 6 9 2 5 9 2 5 9
split_gain=26556.4 17589.9 12559.9 13023.2 11201.1 10893.5 8642.23 17393.5 8932.07 7667.16 6624.03 10222.7 6460.16 6413.28 6234.69 6092.03 6019.93 5302.11 5962.88 5198.78 6751.27 5119.56 5082.16 6265.88 4698.69 4499.64 5059.96 4449.66 4416.04 5713.68
threshold=0 1 2 3 4 5 519.50000000000011 6 89.653789790195233 7 8 9 10 11 2138.5000000000005 12 50.400324347059481 54.467510358037927 50.598712666763085 13 300.50000000000006 14 22.500000000000004 15 13.340000000000002 59.140379541574205 16 37.360555555555564 53.371537626670246 17
decision_type=9 9 9 9 9 9 2 9 10 9 1 9 9 9 2 9 10 8 10 9 2 9 2 9 10 10 9 8 10 9
left_child=1 -1 4 -4 27 -5 7 -7 12 17 14 -12 -8 -6 19 -13 -16 18 -3 -11 21 24 -14 -24 -21 26 -25 -2 -9 -30
right_child=2 9 3 5 13 6 8 28 -10 10 11 15 22 -15 16 -17 -18 -19 -20 20 -22 -23 23 25 -26 -27 -28 -29 29 -31
leaf_value=0.18000607491003173 -0.13508609414027209 -0.2084063115616385 -0.12078793550510836 0.068147141173155276 0.011475707638741461 0.098274874889061392 -0.068793998704286041 -0.025816359721876892 0.23914840927154263 0.091514316562122125 0.2082042832983062 -0.22430113277468267 -0.02353058090728985 -0.061980499299938353 -0.045242249230542209 -0.029446158049440993 0.066607328580172404 -0.0096158577140148319 0.29799085338599979 0.39233476154506208 -0.33041178625822071 0.0013472549342757533 0.27205179144653518 -0.352738404676743 0.07384447713512525 0.12211138603304406 -0.0020814052538664367 -0.3309640285508107 0.22579891382114506 0.00095207249308055868
leaf_weight=2044 1395 634 2322 5238 4112 4937 7493 9856 312 8271 375 494 15073 10718 2970 2016 2022 3139 64 120 125 3968 286 104 3312 727 1067 366 403 905
leaf_count=2044 1395 634 2322 5238 4112 4937 7493 9856 312 8271 375 494 15073 10718 2970 2016 2022 3139 64 120 125 3968 286 104 3312 727 1067 366 403 905
internal_value=-0.00049519 0.0388241 -0.0182899 -0.00549054 -0.0558522 0.000303958 -0.00834356 0.0202376 -0.0267088 0.0282726 0.0389015 -0.0320787 -0.0300602 -0.0416189 0.048771 -0.068534 6.22072e-05 -0.0372348 -0.161974 0.0641644 0.0339364 0.0401368 -0.0131944 0.0580808 0.0847336 0.0242773 -0.0362544 -0.174804 -0.0143476 0.0719618
internal_weight=94868 29554 65314 48723 16591 46401 41163 16101 25062 27510 23673 2885 24750 14830 20788 2510 4992 3837 698 15796 7525 7400 17257 2184 3432 1898 1171 1761 11164 1308
internal_count=94868 29554 65314 48723 16591 46401 41163 16101 25062 27510 23673 2885 24750 14830 20788 2510 4992 3837 698 15796 7525 7400 17257 2184 3432 1898 1171 1761 11164 1308
cat_boundaries=0 1 10 11 21 31 40 49 59 60 70 79 88 98 108 109 116 121 130
cat_threshold=6 4330528 2151677952 589960 135432 2060 2283864064 36438304 0 32776 96 20480 2097152 35131392 16777219 134742016 2215649284 131136 270534673 604242994 1 5245960 537001984 1074331776 270533632 4195392 167772169 8650896 17838080 66048 2 202506312 4292608 134349312 134219792 16785602 301989888 2181563392 524544 1067072 4196352 0 2147746177 9216 34816 8388608 142623361 1187840 32768 100663440 0 33685504 2099216 1074266114 302006272 8421889 6312960 537919970 16 2 16384 0 2147516416 1074790400 0 0 0 553648128 0 4 4259840 2147483648 2147745924 1073750016 32768 8388608 134234112 1191936 16883712 537722880 302277029 2432696368 65536 69632 4096 536870913 0 138559510 1048576 0 32 8192 32768 9437184 16 131072 16777216 1 17825792 1074003968 2147749920 268436480 2147488001 9437193 134217874 68296704 2147508224 9 2 2048 0 256 0 2048 0 8389120 0 262144 32 0 2147483648 0 8388608 4 32 264 0 2162688 536870912 16777216
is_linear=0
shrinkage=0.05


Tree=76
num_leaves=31
num_cat=16
split_feature=0 9 9 11 9 9 9 9 10 1 5 9 4 9 3 5 4 9 9 10 5 9 9 9 0 5 3 5 3 1
split_gain=23564.1 10176 8015.02 7486.05 19185.8 8366.27 7507.15 7485.8 7637.26 8896.13 7197.56 13944.9 6674.82 8509.06 8261.97 6350.72 6167.67 16711.2 11512.7 6277.36 6273.62 7850.07 6682.65 6118.99 5119.07 4959.45 7399.69 4893.41 4871.48 4810.62
threshold=63.480483877733398 0 1 2 3 4 5 6 7 2.5000000000000004 36.809319862670712 8 10.500000000000002 9 44.399551162202698 6.0048140616166146 700.50000000000011 10 11 12 50.32960078307611 13 14 15 54.591079007991091 51.969516696494857 58.738202047772781 64.42841230596386 68.359665484774467 47.500000000000007
decision_type=10 9 9 1 9 9 9 9 9 2 8 9 2 9 10 8 2 9 9 9 10 9 9 9 8 10 10 10 10 2
left_child=1 -1 24 5 25 15 -6 -2 9 -9 11 -7 14 -14 -12 -4 17 28 19 -18 22 -22 -19 29 -3 -5 -27 -20 -15 -10
right_child=7 2 3 4 6 10 -8 8 23 -11 12 -13 13 16 -16 -17 18 20 27 -21 21 -23 -24 -25 -26 26 -28 -29 -30 -31
leaf_value=0.15860412949987582 -0.20440688428733453 -0.093832374254530046 -0.19185361767547174 0.062660629257227804 -0.2178760995382133 -0.16773893592031758 -0.076822648520876599 -0.71743702838818235 0.1081078518111625 0.26389902067535065 0.020231331834374231 -0.023047434335748657 -0.11572674831064221 0.066117031780760671 0.32986532208521535 0.049027722363430254 0.097692286367992612 0.0076609087833225944 -0.014753991157211621 -0.11278200347049611 0.19807190632066421 -0.021560722460868348 -0.073468941954641084 0.029355117085515969 -0.34150922747172474 0.71413796614659464 0.031281438936670146 0.083198840356079537 0.21609893247048167 -0.049910779189442145
leaf_weight=797 314 1024 285 1369 1190 2210 4657 72 4325 34 677 6707 1887 5460 316 6856 381 4737 10513 4284 679 995 5463 26670 262 76 83 1451 601 542
leaf_count=797 314 1024 285 1369 1190 2210 4657 72 4325 34 677 6707 1887 5460 316 6856 381 4737 10513 4284 679 995 5463 26670 262 76 83 1451 601 542
internal_value=-8.38417e-05 -0.0178329 -0.0201173 -0.0174945 -0.0647226 -0.0109876 -0.105853 0.0348843 0.0373117 -0.367956 -0.018747 -0.0591219 -0.00913702 -0.0126213 0.118765 0.0393589 -0.00695688 0.0133788 -0.0288938 -0.0954199 -0.0211146 0.0685801 -0.0358558 0.03879 -0.143179 0.0927524 0.357678 -0.00287182 0.0808556 0.090325
internal_weight=94917 62960 62163 60877 7375 53502 5847 31957 31643 106 46361 8917 37444 36451 993 7141 34564 17935 16629 4665 11874 1674 10200 31537 1286 1528 159 11964 6061 4867
internal_count=94917 62960 62163 60877 7375 53502 5847 31957 31643 106 46361 8917 37444 36451 993 7141 34564 17935 16629 4665 11874 1674 10200 31537 1286 1528 159 11964 6061 4867
cat_boundaries=0 9 19 20 30 39 48 58 59 69 78 88 98 99 108 118 128
cat_threshold=33726576 134217760 402653200 2281832448 16850946 3223322624 2147483904 0 4210688 0 556924928 2232320 41945600 134218240 0 1090683904 73418757 75497988 34 2 2685407240 533 0 1074799664 526368 33554432 142606465 12544 2147483906 5 2052 37756936 1050752 811614220 2097292 134221824 69730306 538574848 10240 4196352 0 1074528417 0 0 1 67179104 537001984 16850944 128 0 34078724 0 532515 0 258 0 33088 1 32 5308424 575505 3221487621 1296 524608 1 134545472 256 66624 1 623379584 8929536 33554440 2 4198433 68683784 302268416 66048 536870928 69632 262784 3221225729 1073819904 1073776896 8388611 138412672 8192 98368 1 65536 2147745792 2147483904 1073750016 35072 8388609 142606976 0 32768 1 4 1207975944 2147483649 589828 1048624 2147483648 0 65536 0 17039616 273940992 2053 303136 1025 655424 268451840 8392797 256 525312 8 136768 2160132096 65536 3145752 2147516676 167772169 10765312 67699200 0 8
is_linear=0
shrinkage=0.05


Tree=77
num_leaves=31
num_cat=18
split_feature=10 9 9 9 0 9 9 9 5 11 9 9 5 2 10 0 9 9 3 9 9 0 6 9 9 9 2 3 2 0
split_gain=21105.5 15058.8 14811.6 11675.1 9338.25 10164.5 8268.99 6902.04 6870.55 6209.13 14254.4 8466.37 7097.36 7979.89 6734.34 6199.51 12790.5 6595.23 5896.77 5773.95 5458.12 5294.61 4415.65 8169.83 6927.72 4354.62 4443.63 6625.75 4267.98 4257.1
threshold=0 1 2 3 63.480483877733398 4 5 6 67.669448499526069 7 8 9 64.42841230596386 36.754310344827594 10 7.3788602437753985 11 12 30.557181546531925 13 14 52.972753869873884 4.5000000000000009 15 16 17 45.008196721311485 61.275707834621947 18.00746268656717 62.852618218946795
decision_type=9 9 9 9 8 9 9 9 10 1 9 9 8 8 9 10 9 9 10 9 9 8 2 9 9 9 8 10 8 8
left_child=2 21 29 -4 5 -5 -3 8 -6 11 12 18 -11 14 -14 16 -8 -17 -9 -7 -18 -2 24 -24 -19 -15 27 -27 -23 -1
right_child=1 6 3 4 7 19 15 9 -10 10 -12 -13 13 25 -16 17 20 22 -20 -21 -22 28 23 -25 -26 26 -28 -29 -30 -31
leaf_value=-0.092402194056184508 -0.12140505483896402 0.03915389524491171 0.14021017133146096 -0.059782723728669218 -0.16365113847319193 0.099212222523043347 0.072757450597851561 0.54616556303345998 0.27968778074532746 -0.19082630658113775 -0.1143965364353417 0.033746146674032536 0.54759091343506272 0.31602028337776239 0.1223234473696368 0.016586697253516931 -0.27761840723940862 0.021313537242347039 0.094366422773678196 0.0056715239732505352 -0.097548123987139315 -0.80246323004719755 -0.14613123066846428 -0.024153898647396359 -0.054910215972412982 -0.97201429208119716 0.047203002923509818 -0.031247608290343988 -0.27324614844534822 -0.30067744063398827
leaf_weight=1191 1190 4889 2082 6013 693 1833 1100 73 100 228 1904 18182 156 131 258 8183 473 5431 6768 15771 3858 42 2313 3390 6590 27 1304 61 410 309
leaf_count=1191 1190 4889 2082 6013 693 1833 1100 73 100 228 1904 18182 156 131 258 8183 473 5431 6768 15771 3858 42 2313 3390 6590 27 1304 61 410 309
internal_value=0.000923205 -0.0280147 0.0201217 0.0243154 0.0197801 -0.00371431 -0.0212755 0.0383534 -0.106403 0.0423212 -0.014947 0.0516506 0.072706 0.104101 0.298751 -0.0307125 -0.0792939 -0.0205401 0.0990428 0.0154622 -0.117808 -0.17567 -0.0376693 -0.0739236 -0.0205008 0.0511892 0.0238247 -0.319892 -0.322421 -0.134411
internal_weight=94953 37869 57084 55584 53502 23617 36227 29885 793 29092 4069 25023 2165 1937 414 31338 5431 25907 6841 17604 4331 1642 17724 5703 12021 1523 1392 88 452 1500
internal_count=94953 37869 57084 55584 53502 23617 36227 29885 793 29092 4069 25023 2165 1937 414 31338 5431 25907 6841 17604 4331 1642 17724 5703 12021 1523 1392 88 452 1500
cat_boundaries=0 1 11 20 29 38 47 57 58 67 77 78 88 98 108 118 127 136 140
cat_threshold=14 1607364 8912896 528512 1075841024 268963840 2147483648 131152 2050 536888896 1 67108864 1073741824 1111621632 4194310 1208090624 606208 4227078 2153792512 8916018 1218116 8454144 528896 2148536320 12300 2097152 2147876864 537395712 2147500040 524288 2147778560 2147745832 1342193720 16777536 34603008 10503040 84082688 1146880 620832768 4194432 1074208788 4194368 16842816 2621444 84410370 16908288 138412034 0 0 134283264 134217984 524321 67108864 134217761 0 16777536 5 2 18432 4227072 2147516417 1342186512 2147483904 2181038081 16384 16777216 65536 128 2151972864 262152 538968088 34816 168820737 44040960 1122560 1081344 8 8 2415923200 67110993 2181038081 269493260 2151677956 268435456 1346634241 0 1245184 4 1245708288 5640 32800 33574962 2098048 33574920 2292187136 8192 36 8 37748760 0 136380416 136445952 524321 2214592514 524336 0 256 12 0 294912 0 33554432 33152 16384 671105024 1049344 0 8 0 278544 2183135233 73988 2147485696 0 132 537989120 16818432 2359296 278805 2197815297 134292741 2147517440 0 65676 1147136 40960 16384 0 32768 1073741824
is_linear=0
shrinkage=0.05


Tree=78
num_leaves=31
num_cat=16
split_feature=10 9 9 9 9 2 9 9 9 6 3 4 9 9 9 7 9 9 9 3 4 3 2 4 4 4 4 5 9 9
split_gain=17550.2 16487.3 10533.1 8305.7 7445.39 7226.58 11432.6 11201.7 9479.67 8093.4 7167.08 6340.02 23429.5 7537.67 6655.3 6266.01 7944.73 6953.88 5399.93 5655.74 5352.06 5146.9 4345.92 6292.39 4228.67 5276.9 4199.89 4398.07 8593.17 5179.24
threshold=0 1 2 3 4 29.566132167152578 5 6 7 61.500000000000007 16.808321715279313 223.50000000000003 8 9 10 50.557987721372932 11 12 13 77.311278236377248 35.500000000000007 65.613561096121813 14.251262626262628 1085.5000000000002 17.500000000000004 897.50000000000011 7401.5000000000009 56.407469600951856 14 15
decision_type=9 9 9 9 9 10 9 9 9 2 10 2 9 9 9 10 9 9 9 10 2 8 10 2 2 2 2 8 9 9
left_child=1 10 -2 -4 -3 6 -5 -7 9 -9 -1 12 14 -13 20 17 24 -6 -14 21 -8 -20 23 -12 -17 -26 27 28 -10 -29
right_child=2 4 3 5 15 7 11 8 26 -11 22 13 18 -15 -16 16 -18 -19 19 -21 -22 -23 -24 -25 25 -27 -28 29 -30 -31
leaf_value=0.68690677694976332 -0.11904731858234781 -0.045814265611370357 0.070404405141010429 0.037562467671282844 0.064060688972014931 -0.097722465623867993 -0.20857681788149335 0.12659944060027858 -0.14649061534064273 0.89787319302558899 0.17398088677040557 -0.03117025084817478 -0.12161203928123035 -0.095500646866964523 0.1346756555341537 0.46997991475191986 0.11468099654171532 -0.0065389042840117532 -0.018440852874410895 0.51193526004041945 0.65721073766559868 -0.25692001145570836 0.10757878832008248 0.65745675592275155 -0.0981749090537338 0.081307642082642781 0.29495211455225945 0.046457748938909138 0.00017866470004775179 -0.008000389974340846
leaf_weight=59 2392 3942 2883 4994 4866 2503 21 1207 1299 35 276 9612 1778 8701 1321 44 3835 12251 6075 49 119 235 2589 89 1025 682 125 7937 4222 9688
leaf_count=59 2392 3942 2883 4994 4866 2503 21 1207 1299 35 276 9612 1778 8701 1321 44 3835 12251 6075 49 119 235 2589 89 1025 682 125 7937 4222 9688
internal_value=-0.00177663 0.0301052 -0.0162819 -0.0123496 0.0175419 -0.0163423 -0.0320785 0.00281816 0.0131188 0.147149 0.140781 -0.0445366 -0.0116358 -0.0618045 0.172047 0.0285579 0.0745525 0.0135647 -0.0447725 -0.0231307 0.492186 -0.0273224 0.13035 0.29187 -0.0139116 -0.026466 0.00590528 0.00434683 -0.0345952 0.0165454
internal_weight=94854 29658 65196 62804 26645 59921 32905 27016 24513 1242 3013 27911 9598 18313 1461 22703 5586 17117 8137 6359 140 6310 2954 365 1751 1707 23271 23146 5521 17625
internal_count=94854 29658 65196 62804 26645 59921 32905 27016 24513 1242 3013 27911 9598 18313 1461 22703 5586 17117 8137 6359 140 6310 2954 365 1751 1707 23271 23146 5521 17625
cat_boundaries=0 1 11 21 30 40 49 59 68 78 87 91 101 111 121 131 141
cat_threshold=6 5379248 2151677952 856072 2147487752 2147614720 2283798528 2900256 0 32776 8 1028 556269568 1244135424 4136 150995456 2215649282 268566528 2097152 604505088 32 637698048 134222880 528 1310736 2170882 18890752 2181038336 536871424 138428416 67125312 1073741824 33554432 2099216 3 1375748096 98819 6312960 17827042 16 268439752 2453668228 268566568 1073741888 256 301993984 566231554 2415927296 2048 2166362240 2304 12 1073741824 68 176160776 4195874 34816 100614 4 1207959552 8421888 65792 0 528392 0 262160 131328 18087936 65536 0 2147483905 268461060 2147483648 0 65536 1179648 1146880 12 135268352 32768 537133061 25602 2147483712 8388608 136314921 131328 8192 0 0 2147483648 1028 16779264 0 2147483652 1073750016 8192 1 8388624 554835968 0 1 16777216 0 2147483781 1476395264 1074272256 67108865 16 554704896 2147491840 5 1074809344 8684032 65540 167772672 558088 526336 69206112 16842752 16777808 1 0 1077936256 1 268452864 2147483648 1 134217728 1056768 131072 8 5324864 1077936156 2147483777 150995972 4194304 1 134299721 16846848 131072 8
is_linear=0
shrinkage=0.05


Tree=79
num_leaves=31
num_cat=14
split_feature=10 9 9 9 10 0 9 0 9 0 6 9 0 9 9 7 4 9 7 1 6 0 6 0 9 1 2 4 9 9
split_gain=16989.2 15845 10354.8 8947.5 7993.88 10016.3 7533.17 7308.51 6665.16 6625.8 5263.9 5244.22 5141.39 8605.04 5571.4 4944.4 4848.06 6974.99 4645.07 4568.35 6940.8 5437.54 4383.57 4315.69 4048.37 3901.91 4725.71 3847.23 10688.6 6969.9
threshold=0 1 2 3 4 66.421964173705646 5 27.342953913219812 6 44.638752879576735 69.500000000000014 7 94.028306344772901 8 9 50.551597168066706 463.50000000000006 10 50.142985505019929 50.500000000000007 12.500000000000002 35.18047155743664 17.500000000000004 33.875743648267651 11 4.5000000000000009 12.404545454545456 543.50000000000011 12 13
decision_type=9 9 9 9 9 10 9 8 9 10 2 9 8 9 9 10 2 9 10 2 2 10 2 10 9 2 10 2 9 9
left_child=1 11 -2 19 5 6 9 -3 10 -5 -6 22 14 -14 16 -16 17 -9 24 21 -21 23 -1 -4 -18 26 -23 28 -10 -29
right_child=2 7 3 4 8 -7 -8 12 27 -11 -12 -13 13 -15 15 -17 18 -19 -20 20 -22 25 -24 -25 -26 -27 -28 29 -30 -31
leaf_value=0.14031824867627882 -0.12171496701013736 -0.13682428226287882 0.018470908401926098 -0.11055267415188047 0.029051636961347112 -0.55782026036789545 -0.025968858888826843 -0.074690585727347047 0.093490091056887006 -0.92827932929992674 0.51090305123412827 0.28822372734498281 -0.18181405766462178 0.14712459427984309 -0.016184284258383325 0.051198380096936329 -0.1162362542933007 0.071865391367559803 0.093259403027218732 -0.54556320353349053 0.0086325924404323361 0.61672842856496579 -0.062601782419510837 -0.37255163780992501 0.095412934127742627 0.15809575490020528 -0.0042974226024765595 -0.090255091563736248 -0.016126971720700305 -0.014303662125397871
leaf_weight=1919 2115 716 1520 2717 10062 95 12276 1592 2752 25 57 529 220 1578 11315 3585 535 1636 5260 75 229 32 309 74 377 1795 717 3742 11405 15563
leaf_count=1919 2115 716 1520 2717 10062 95 12276 1592 2752 25 57 529 220 1578 11315 3585 535 1636 5260 75 229 32 309 74 377 1795 717 3742 11405 15563
internal_value=0.00109913 0.0325313 -0.0131485 -0.00949294 -0.0146744 -0.0459978 -0.0427908 0.020766 -0.00380397 -0.117579 0.0317345 0.146469 0.0250975 0.106683 0.0190608 2.82372e-05 0.0491771 -0.000422517 0.0751977 0.0588505 -0.128093 0.0727267 0.111674 0.000318042 -0.0289736 0.118096 0.0222351 -0.0145572 0.0052363 -0.0290799
internal_weight=94822 29571 65251 63136 58694 15113 15018 26814 43581 2742 10119 2757 26098 1798 24300 14900 9400 3228 6172 4442 304 4138 2228 1594 912 2544 749 33462 14157 19305
internal_count=94822 29571 65251 63136 58694 15113 15018 26814 43581 2742 10119 2757 26098 1798 24300 14900 9400 3228 6172 4442 304 4138 2228 1594 912 2544 749 33462 14157 19305
cat_boundaries=0 1 11 21 30 31 41 50 60 70 80 90 98 107 116
cat_threshold=6 4329568 2151677952 786568 4136 657412 136380424 2883616 67108864 49160 8 21504 271597568 2621440 25170432 134742528 2215649288 822214912 538968065 1024 3 539099208 138477728 131600 134219792 16855048 33570816 2214592514 524288 138430464 96 5769220 0 392 270550024 2147486048 134217729 540816 16787456 1122816 4 184550020 0 1073746184 2367524 2147483748 2097152 525952 17171200 17825792 0 2151677952 786560 4128 526336 8 524320 67108864 0 8 2048 0 4 2098176 32832 0 8421376 8192 16777216 1 17827840 0 2147581956 287440896 2147516681 2215641089 41992208 554835968 65536 1 1050624 0 32772 0 2147516416 0 8388608 139264 65536 1 0 0 2147516416 0 256 0 8405008 16908288 2048 0 2147745824 1024 32768 1 142606336 1056768 8192 5310464 0 262272 1073741824 33024 8388608 134234112 1048576 98304
is_linear=0
shrinkage=0.05


Tree=80
num_leaves=31
num_cat=3
split_feature=10 5 0 2 0 11 4 10 2 2 7 0 4 0 5 2 0 3 1 2 2 7 0 1 4 2 0 3 0 3
split_gain=15506.9 9391.38 7937.83 7888.85 6923.67 6987.92 6620.37 8909.4 7803.37 5260.17 4774.28 4355.5 4248.92 4226.55 4061.3 4671.74 4072.03 3985.36 3777.38 5123.44 4392.49 3882.09 6232.16 4718.2 4655.93 6359.83 3808.67 3612.88 3619.18 3456.62
threshold=0 81.957446079134584 67.860614535135738 13.340000000000002 90.668331359704027 1 1567.5000000000002 2 30.400087565674259 22.968629343629349 51.634196594811101 4.4405176701480249 762.50000000000011 23.203577540874075 32.594828321823805 19.504385964912284 50.721663217001058 51.658696014795517 60.500000000000007 18.671171171171178 19.504385964912284 50.437375463475739 60.317955901339168 19.500000000000004 127.50000000000001 11.980000000000002 47.683470174757623 70.402164552793764 51.389293459458095 23.31020293341593
decision_type=9 10 10 10 10 1 2 9 8 8 10 10 2 8 10 10 10 10 2 10 10 10 10 2 2 10 10 10 10 8
left_child=2 4 11 -3 5 6 7 9 -8 18 -9 12 -1 -11 -13 16 -16 -14 21 -20 -21 23 24 -2 -23 -26 -25 -5 -29 -7
right_child=1 3 -4 27 -6 29 8 10 -10 13 -12 14 17 -15 15 -17 -18 -19 19 20 -22 22 -24 26 25 -27 -28 28 -30 -31
leaf_value=-0.067882316933618278 0.039252016353196806 0.49500754377116335 -0.49939096748828887 0.11535153312611374 0.088111846944390823 -0.10866672738312828 -0.080060362990018924 0.0069998359056804953 0.0011084131631301675 -0.44385198676908344 0.21345349485186715 -0.042566416687480284 -0.11394910465008939 0.092196661118079559 -0.014935890577805883 0.10358131171948713 -0.45697496668608101 -0.3934152367923941 -0.86716414534527331 0.32423152116672049 -0.16438696324589783 0.22562674074655487 0.16192279137097873 0.92221390352799348 0.57923830226063733 -0.30006953840129197 0.25568227806723998 0.66422008162453061 0.0029441181653859019 -0.024850049731889978
leaf_weight=2410 374 115 95 2141 2460 1478 3990 40056 11482 37 282 10971 325 5969 1480 1127 54 210 23 53 348 63 221 26 22 315 122 21 1407 7333
leaf_count=2410 374 115 95 2141 2460 1478 3990 40056 11482 37 282 10971 325 5969 1480 1127 54 210 23 53 348 63 221 26 22 315 122 21 1407 7333
internal_value=0.000147806 0.00946768 -0.0436237 0.0874008 0.00562314 0.00281234 0.00861223 0.0177951 -0.0198238 0.06752 0.00844105 -0.0410381 -0.096179 0.0888943 -0.0291257 0.0262888 -0.0304966 -0.223646 -0.0139728 -0.141432 -0.0998065 0.0333087 -0.0511743 0.133814 -0.16891 -0.242667 0.372776 0.0742669 0.0126688 -0.0389099
internal_weight=95010 78338 16672 3684 74654 72194 63383 47911 15472 7573 40338 16577 2945 6006 13632 2661 1534 535 1567 424 401 1143 621 522 400 337 148 3569 1428 8811
internal_count=95010 78338 16672 3684 74654 72194 63383 47911 15472 7573 40338 16577 2945 6006 13632 2661 1534 535 1567 424 401 1143 621 522 400 337 148 3569 1428 8811
cat_boundaries=0 1 2 3
cat_threshold=96 2 2
is_linear=0
shrinkage=0.05


Tree=81
num_leaves=31
num_cat=1
split_feature=0 7 5 11 2 5 4 5 7 3 5 3 0 2 1 2 4 2 3 5 3 6 7 6 7 3 3 4 4 3
split_gain=14999.4 8185.3 6369.2 5660.31 6195.86 5204 4634.39 5898.32 4850.79 4556.26 4475.17 4725.39 4296.33 4293.4 4268.72 6043.19 4288.97 5431.15 6055.63 4009.84 4883.58 3724.57 3763.06 3363.62 5208.1 3289.73 3257.23 3235.62 3203.16 3174.94
threshold=58.70700851707776 49.953826078376224 12.856483864525586 0 93.840798442064269 89.653789790195233 740.50000000000011 78.577697037788013 50.126399808238837 62.877226159090689 15.857893867631695 61.355855965348482 23.621225375341169 81.837458745874599 7.5000000000000009 51.063508064516135 2429.5000000000005 23.715838509316772 61.717467852742793 46.416688465660265 26.155988167454844 57.500000000000007 50.055848134040104 40.500000000000007 50.289406324236005 26.60366253320759 64.064612321799913 6210.5000000000009 300.50000000000006 54.593240856307581
decision_type=10 10 8 1 8 10 2 10 10 10 10 10 8 10 2 10 2 10 10 8 10 2 10 2 10 10 10 2 2 10
left_child=1 -1 12 6 9 14 7 -4 -9 10 11 13 -3 -5 15 19 25 18 -18 -2 -21 23 -23 -8 26 -16 -25 29 -11 -12
right_child=5 2 3 4 -6 -7 21 8 -10 28 27 -13 -14 -15 16 -17 17 -19 -20 20 -22 22 -24 24 -26 -27 -28 -29 -30 -31
leaf_value=0.090449823694906839 -0.21005536184335749 -0.061296979224273809 0.0022516205630941058 -0.070331770259401127 -0.23155186892340868 0.12533211586433821 -0.028706203763633899 -0.49754784286022186 0.31500779579083127 0.088928544961038192 0.078418378858551602 0.23375147677519742 -0.21724275050677755 0.51109082673210648 0.396817264774671 0.044803157785232722 1.1847362733772024 -0.011049198952553324 0.075660048215650033 -0.54193573710711107 -0.024544485422295793 -0.2020099418220066 0.11910282597758665 -0.25877862896418796 -0.027209201943608527 0.040586190852865855 -0.92050565242767335 0.42824477055845289 -0.31700580714574422 -0.18585885643286815
leaf_weight=1774 324 2701 27389 4081 484 1257 16191 20 225 61 781 136 528 32 65 3420 20 5802 32 46 5351 105 696 265 412 22088 20 57 239 133
leaf_count=1774 324 2701 27389 4081 484 1257 16191 20 225 61 781 136 528 32 65 3420 20 5802 32 46 5351 105 696 265 412 22088 20 57 239 133
internal_value=0.00118068 -0.015247 -0.0186839 -0.0143989 -0.060019 0.0252757 -0.00835556 0.0044364 0.248677 -0.0449788 -0.0340888 -0.05622 -0.0867969 -0.0658082 0.0218901 -0.00777789 0.0315732 -0.00648985 0.502228 -0.0392107 -0.0289543 -0.0283393 0.0770094 -0.033336 -0.140885 0.0416314 -0.305216 0.0627554 -0.234466 0.0399623
internal_weight=94735 56330 54556 51327 6004 38405 45323 27634 245 5520 5220 4249 3229 4113 37148 9141 28007 5854 52 5721 5397 17689 801 16888 697 22153 285 971 300 914
internal_count=94735 56330 54556 51327 6004 38405 45323 27634 245 5520 5220 4249 3229 4113 37148 9141 28007 5854 52 5721 5397 17689 801 16888 697 22153 285 971 300 914
cat_boundaries=0 1
cat_threshold=2
is_linear=0
shrinkage=0.05


Tree=82
num_leaves=31
num_cat=16
split_feature=10 9 9 9 0 10 9 0 9 11 0 9 6 7 11 9 9 3 2 1 9 9 7 9 2 9 0 3 6 7
split_gain=14166.6 11458.2 9107.07 8033.9 7436.73 7258.97 8332.58 8272 6806.41 4888.3 4853.43 5104.44 5963.96 4772.78 4722.09 8483.11 4697.17 4612.77 4427.01 4880.69 6051.5 4331.49 4207.13 9615.09 5446.35 5130.1 8483.17 6936.09 4169.02 4147.1
threshold=0 1 2 3 51.389293459458095 4 5 48.029791748577416 6 7 89.779441208724876 8 70.500000000000014 50.435702750472508 9 10 11 57.488052557017802 19.183014354066991 82.500000000000014 12 13 50.671027177339383 14 13.007352941176473 15 53.285274543301504 70.100111956920188 60.500000000000007 49.994823756876009
decision_type=9 9 9 9 10 9 9 10 9 1 10 9 2 10 1 9 9 10 8 2 9 9 10 9 8 9 10 10 2 10
left_child=1 18 -2 -4 13 8 7 -7 -5 -6 11 12 14 -3 -10 -16 -11 -14 -1 20 -20 -12 25 24 -24 26 -8 -27 -22 -13
right_child=2 4 3 5 9 6 22 -9 10 16 21 29 17 -15 15 -17 -18 -19 19 -21 28 -23 23 -25 -26 27 -28 -29 -30 -31
leaf_value=-0.12608549577570932 0.098723727445012038 0.39977473167960942 -0.12348504278370581 -0.043941215096560439 0.10521266114965472 -0.11494019984041715 -0.073159172496322672 -0.92450050562620167 0.041707587598180912 0.15233597694064627 0.209431310280354 0.08597728819774289 0.79744453516271385 0.087916947944013751 -0.19142731648056185 0.052598004877970519 -0.12474384490705244 0.054507579100437659 -0.091780050809029498 -0.015926832462397081 0.077548957108033514 0.038956131162756889 0.81957425438627907 -0.029483058301077503 0.23415798201890931 -0.013177288176661041 -0.94677343581404017 0.55517303187538081 0.65073620388284326 -0.0078933792851441555
leaf_weight=544 1965 328 1519 7629 4191 2263 3672 32 10104 214 500 1214 45 196 627 803 476 39 570 4414 3671 1442 49 582 210 9094 28 54 32 38181
leaf_count=544 1965 328 1519 7629 4191 2263 3672 32 10104 214 500 1214 45 196 627 803 476 39 570 4414 3671 1442 49 582 210 9094 28 54 32 38181
internal_value=0.000955642 0.0461685 -0.00731553 -0.00999622 0.103934 -0.00772894 -0.0376904 -0.125681 0.000180775 0.0849097 0.00654434 0.00359215 0.032701 0.283126 0.029672 -0.0553685 -0.0384091 0.45251 0.0122694 0.0209477 0.0590389 0.0841268 -0.0228576 0.0854677 0.33209 -0.0299661 -0.0795553 -0.00981163 0.08228 -0.00499938
internal_weight=94688 14636 80052 78087 5405 76568 15984 2295 60584 4881 52955 51013 11618 524 11534 1430 690 84 9231 8687 4273 1942 13689 841 259 12848 3700 9148 3703 39395
internal_count=94688 14636 80052 78087 5405 76568 15984 2295 60584 4881 52955 51013 11618 524 11534 1430 690 84 9231 8687 4273 1942 13689 841 259 12848 3700 9148 3703 39395
cat_boundaries=0 1 11 20 30 31 41 51 52 62 63 72 81 89 96 105 115
cat_threshold=2 50333824 262144 98304 9216 1073746240 1107296256 8421521 71458816 2172650496 16 1644298468 142680096 33554448 2148794368 69665 3221229568 2181038336 524288 8 0 606208000 2097152 8389120 134349312 77070340 1342341120 73400336 67112448 2 28 5245960 0 1074528640 270532608 2147486784 134217737 327888 16782080 1122304 4 67633168 0 155191332 54528003 1077936192 8193 576 268435457 553713778 1 2 152049672 32768 525184 402657304 8324 33570818 8978432 17170944 1048576 8 2 2048 0 384 8 0 0 8388608 131072 1048576 16384 4194304 2147483648 0 2147483648 0 0 16777216 8192 2176 0 98304 0 1073741824 1073741824 17 4210688 17408 2151677952 0 32 2147483648 0 2097184 0 0 32 45 256 0 8389120 0 32768 2113536 18382848 4194305 25647 256 33554432 75515424 40960 134250500 32
is_linear=0
shrinkage=0.05


Tree=83
num_leaves=31
num_cat=10
split_feature=10 9 9 9 1 0 0 5 9 6 4 9 9 0 10 9 9 2 7 1 5 4 0 0 0 4 5 4 5 2
split_gain=13248.6 9207.31 8578.16 7491.93 7229.6 7727.33 5983.46 5934.24 8640.17 6062.45 5473.17 7205.89 5350.31 10507.5 5321.71 9589.79 5753.73 4947.3 5485.53 5971.57 5085.68 4807.51 4750.29 4692.96 4606.01 4502.54 4297.28 4195.37 6014.23 4813.3
threshold=0 1 2 3 1.5000000000000002 30.401939523056221 51.389293459458095 82.500893055543855 4 76.500000000000014 50.500000000000007 5 6 48.029791748577416 7 8 9 61.907486631016049 50.480881478311623 53.500000000000007 61.306533651671607 2488.5000000000005 30.897253480231701 20.703156423952461 65.625690887458134 1.0000000180025095e-35 50.32960078307611 365.50000000000006 23.658518062224175 19.504385964912284
decision_type=9 9 9 9 2 8 10 10 9 2 2 9 9 10 9 9 9 10 10 2 10 2 8 8 10 2 8 2 10 10
left_child=1 6 4 -4 5 -2 -1 14 -9 24 11 -7 21 -14 16 -16 -5 18 19 27 -21 -3 -17 -23 -10 -18 -20 29 -29 -6
right_child=2 12 3 7 17 10 -8 8 9 -11 -12 -13 13 -15 15 22 25 -19 26 20 -22 23 -24 -25 -26 -27 -28 28 -30 -31
leaf_value=-0.14008059127477399 0.9881836721783176 0.015149879487325324 -0.11001637251915869 0.031003413680801253 -0.19065936110611703 -0.21447611147666287 -0.90453652601975676 0.1842319748591521 -0.19279330570267456 -0.85208647072315213 0.56365802989582003 0.25224554126093268 -0.038122040042162679 -0.35283591087688421 0.11659559830969977 -0.10261930357156437 -0.50395390289895081 0.19863091100377558 -0.48716962121304919 -0.69100778085844861 -0.044244397186484687 0.015046990376252395 0.017002288280574439 0.95620568625766933 0.047117507874482052 -0.014245612555764599 -0.0496018097363745 0.41418241445020199 -0.0025630435689275428 0.12989557635262378
leaf_weight=1651 34 3990 1368 8445 148 106 26 1134 223 20 89 297 10642 272 2439 861 47 493 61 35 231 26 22998 27 1945 35482 700 248 133 561
leaf_count=1651 34 3990 1368 8445 148 106 26 1134 223 20 89 297 10642 272 2439 861 47 493 61 35 231 26 22998 27 1945 35482 700 248 133 561
internal_value=0.000259611 -0.0402427 0.00889018 0.00549484 0.0897759 0.259171 -0.151032 0.00765667 0.0729591 0.0143808 0.208792 0.130422 -0.0277283 -0.0459233 0.00457069 0.0223584 -0.00607073 0.0559812 0.0227614 0.0830564 -0.129345 0.0213809 0.0126802 0.494505 0.0224403 -0.0148892 -0.0846762 0.13489 0.268704 0.0629814
internal_weight=94732 16634 78098 74962 3136 526 1677 73594 3322 2188 492 403 14957 10914 70272 26298 43974 2610 2117 1356 266 4043 23859 53 2168 35529 761 1090 381 709
internal_count=94732 16634 78098 74962 3136 526 1677 73594 3322 2188 492 403 14957 10914 70272 26298 43974 2610 2117 1356 266 4043 23859 53 2168 35529 761 1090 381 709
cat_boundaries=0 1 11 20 29 39 45 54 55 65 75
cat_threshold=96 5245964 18382848 557056 278922240 1048640 167772161 82064 16777216 17900032 4 201459208 138477568 2097664 2281832456 16785543 3221225472 2181038336 2148270080 136 2097168 77594624 138414080 574623745 134217728 268443652 131076 6307840 612386866 37752832 2147745792 32896 9232 2147485952 1048576 10485792 17825792 1048576 4 0 4194304 0 134217736 1 2147483648 2684428800 2416206125 16777272 0 2162688 16781312 606076937 0 4210706 24 5242912 2147483648 790664 1090519072 6144 203423752 2883584 1048576 2147516416 8 100480 1073774592 3222405120 3409968 1096 33570818 8422400 537010432 1048832 4
is_linear=0
shrinkage=0.05


Tree=84
num_leaves=31
num_cat=15
split_feature=5 9 9 9 11 9 9 9 5 6 9 9 2 9 9 9 4 4 4 9 2 0 4 0 4 0 7 9 0 9
split_gain=11060.6 15157.4 11486.4 8672.05 7776.64 21553.3 9278.73 7527.9 7168.38 7982.96 9894.55 7302.03 5858.61 10820 7902.85 7146.06 6012.89 5629.34 4800.94 4720.36 4666.41 6152.37 6120.51 5507.13 5069.3 4448.95 4435.72 5327.62 4299.79 4280.45
threshold=62.958585469510624 0 1 2 3 4 5 6 93.454676376360354 6.5000000000000009 7 8 31.637626262626267 9 10 11 7401.5000000000009 38.500000000000007 850.50000000000011 12 29.751344086021508 52.351060319332689 2860.5000000000005 52.351060319332689 2429.5000000000005 64.165038059453494 50.378192272185238 13 70.011616754003299 14
decision_type=10 9 9 9 1 9 9 9 10 2 9 9 10 9 9 9 2 2 2 9 8 8 2 10 2 8 10 9 10 9
left_child=2 -2 -1 -4 6 19 18 -7 9 11 -11 -3 15 -14 16 17 -15 -8 -5 20 23 -22 -23 -6 -25 -20 27 -12 -24 -17
right_child=1 8 3 4 5 7 12 -9 -10 10 26 -13 13 14 -16 29 -18 -19 25 -21 21 22 28 24 -26 -27 -28 -29 -30 -31
leaf_value=0.087161843597372418 -0.022712202400453619 -0.087864180563283364 -0.11870319008360564 0.065020038995741603 0.066806913720387412 -0.23369016825052324 0.19192506419736652 -0.080797901774226966 0.36108418337073744 0.38993069877670639 -0.098307640732679127 0.063888293300249185 0.13771191898880594 -0.065664992718682494 0.014595022142540541 -0.085531972226715686 0.27881830880275138 0.0095603428895343866 -0.059587914919737223 0.0092429860728631043 0.43192922199802108 0.14991070002315274 -0.18469420180743618 0.36381654666002955 1.0652781888842584 0.043827983232620965 0.13857173757983171 0.079500894064411479 0.5722404903173447 -0.029058291097238228
leaf_weight=2965 6411 1218 1882 6591 132 937 462 5789 217 284 504 2227 1464 4951 16348 3993 130 5035 1915 2108 107 432 303 132 32 2276 2580 2371 20 21081
leaf_count=2965 6411 1218 1882 6591 132 937 462 5789 217 284 504 2227 1464 4951 16348 3993 130 5035 1915 2108 107 432 303 132 32 2276 2580 2371 20 21081
internal_value=-0.00159218 0.0365834 -0.00922489 -0.0129891 -0.0102935 -0.0513294 -0.00391288 -0.102413 0.0769623 0.0703329 0.10645 0.0101657 -0.0124467 0.00667766 -0.00233759 -0.026772 -0.0567395 0.0248421 0.0383792 0.0540196 0.134753 0.0771001 0.0268131 0.3072 0.500687 -0.003426 0.09081 0.0482649 -0.137825 -0.0380822
internal_weight=94897 15812 79085 76120 74238 9992 64246 6726 9401 9184 5739 3445 53464 22893 21429 30571 5081 5497 10782 3266 1158 862 755 296 164 4191 5455 2875 323 25074
internal_count=94897 15812 79085 76120 74238 9992 64246 6726 9401 9184 5739 3445 53464 22893 21429 30571 5081 5497 10782 3266 1158 862 755 296 164 4191 5455 2875 323 25074
cat_boundaries=0 10 19 29 30 39 49 58 68 78 88 97 106 114 123 133
cat_threshold=83902464 4489216 2148143137 17825792 524544 68157441 17296 1048576 2164335616 24 553682004 138412192 131600 134217728 16912427 1073741824 2149581056 524288 2147483784 33558528 548421632 167774208 8390912 1212154368 6144 196608 2422226960 67649536 16 2 2282766344 33301 2151710721 1343226928 64 2181038080 134234136 83890432 16 262176 1107304448 2147483648 541065216 2138244 212885508 4194944 1180160 8464384 8 2048 0 262304 2097152 0 8388608 67109440 537001984 17833984 2048 2147483648 4 32 32768 0 32 536870912 0 4 33560576 2147483648 294912 268436512 32768 8388608 0 8192 0 5 1207959552 0 590208 3149824 526336 0 262144 536870912 17039360 5 69223040 272 16777252 1342178344 0 33554440 33555490 297218 1126 268435584 256 17039392 1073823785 0 301989890 905969698 41218 132614 2148548608 33297 0 1049600 0 0 16400 67113216 537919488 0 0 16 66 2097152 8388608 131072 1048576 1077936128 67633665 1074339968 269488208 1575936 0 16 620822528 262416 4
is_linear=0
shrinkage=0.05


Tree=85
num_leaves=31
num_cat=17
split_feature=10 9 9 9 5 9 9 9 5 11 9 2 9 5 10 1 2 9 9 6 9 4 2 9 3 2 9 5 4 9
split_gain=12524 13083.3 12073.3 8875.45 5690.8 10284.6 6392.17 5212.28 5571.25 4614.18 4477.61 6768.08 3942.66 5387.16 4194.93 3847.62 3612.64 3492.02 3393.89 3375.53 3399.78 3369.25 3457.55 6927.85 3247.04 2889.11 2590.04 3359.23 4517.28 3114.44
threshold=0 1 2 3 77.335597955898876 4 5 6 83.12666481023625 7 8 25.818926974664681 9 6.0048140616166146 10 26.500000000000004 18.00746268656717 11 12 2.5000000000000004 13 12.500000000000002 39.334770114942536 14 22.497148946981202 31.336158192090398 15 35.337077868450997 103.50000000000001 16
decision_type=9 9 9 9 10 9 9 9 10 1 9 8 9 8 9 2 8 9 9 2 9 2 8 9 10 10 9 8 2 9
left_child=2 -2 15 16 6 19 9 25 10 24 11 -9 -12 -14 26 -1 -4 -16 -11 20 -6 -7 23 -23 -5 -3 -15 28 -28 -30
right_child=1 7 3 4 5 21 -8 8 -10 18 12 -13 13 14 17 -17 -18 -19 -20 -21 -22 22 -24 -25 -26 -27 27 -29 29 -31
leaf_value=0.14244418352817984 -0.16317637355608358 -0.10586320181106219 -0.39162018265567 0.45937480024841371 -0.12920011723398922 0.63414716973657848 -0.0018191497971143283 0.34642338840699782 0.19398320781715817 -0.20077420857399148 -0.047846275502018469 -0.14266368183134884 -0.12930352886422197 0.050994392695545857 -0.057015871082911264 0.79398605460705962 -0.096001225814041621 -0.0016764680555313403 -0.0054031484660584921 0.29036143449289026 0.21462944443779866 -0.42393820436082336 0.048941433157604686 -0.0037284356987604276 0.051345507052119377 0.0084628162063056303 0.34374083662242222 0.014256177365895802 -0.36498766967036705 -0.076981283043512427
leaf_weight=1530 1586 2366 114 49 113 23 37850 205 328 259 7103 108 852 4215 4508 23 1106 7738 1297 587 169 107 3309 619 9870 721 57 7086 101 761
leaf_count=1530 1586 2366 114 49 113 23 37850 205 328 259 7103 108 852 4215 4508 23 1106 7738 1297 587 169 107 3309 619 9870 721 57 7086 101 761
internal_value=-0.000719393 -0.0230614 0.0140665 0.010203 0.0132119 0.0644522 0.00809623 -0.0168705 -0.0110562 0.0407679 -0.0131141 0.172164 -0.0149513 -0.00570736 -0.0014056 0.15112 -0.12262 -0.0220779 -0.0392482 0.219533 0.0798832 0.030626 0.0272618 -0.0715509 0.0533612 -0.0789056 0.019313 0.00258843 -0.0873482 -0.115854
internal_weight=94760 37735 57025 55472 54252 4927 49325 36149 33062 11475 32734 313 32421 25318 24466 1553 1220 12246 1556 869 282 4058 4035 726 9919 3087 12220 8005 919 862
internal_count=94760 37735 57025 55472 54252 4927 49325 36149 33062 11475 32734 313 32421 25318 24466 1553 1220 12246 1556 869 282 4058 4035 726 9919 3087 12220 8005 919 862
cat_boundaries=0 1 11 20 29 39 49 59 60 69 78 79 88 97 107 116 124 130
cat_threshold=14 1086080 545980416 524416 276824064 1572864 8388608 537002048 536873492 83887616 5 165088 8454144 134746632 135266304 8204 81922 2150105088 768 16392 4 1073741824 1077944320 2151678212 1208483840 1074266112 4325382 2483045376 8388658 5246976 2147483648 128 16778256 2304 2148532224 8388656 8192 1048576 12 1048576 4194304 67585 270536745 2147489794 209715200 33899392 524288 554698240 1 541760 1048576 0 53477632 2560 167774209 2432729216 4098 537944064 34 2 117440512 32 16 4194304 65536 524290 2 524288 4194304 2080 2164523520 555745281 9217 2415923328 12296 278580 269517056 134217764 16 1214251020 49152 2147778824 65544 1124 0 10556928 17178624 98304 0 0 0 8 2048 67108864 0 0 17825792 0 0 128 1024 2048 0 0 8192 0 4 16384 262144 2147483648 0 0 8388608 0 0 1024 134217736 0 1079124228 16414 16778304 2097156 11011072 17244160 0 4194304 2181300224 0 0 268435456
is_linear=0
shrinkage=0.05


Tree=86
num_leaves=31
num_cat=13
split_feature=0 9 9 5 9 9 9 9 4 9 9 4 9 5 1 9 2 1 5 1 1 1 6 9 11 9 2 2 5 7
split_gain=10086.9 10343.9 8453.42 7856.11 14086.5 6764.9 6239.1 6237.47 6035.33 21412.4 10031.3 5314.59 10412.8 10207.9 5203.17 12122.5 5088.14 5137.54 4816.67 7877.49 4635.74 4579.33 5648.52 4489.12 4173.75 5681.68 4637.57 4523.11 4089.62 5186.61
threshold=63.480483877733398 0 1 56.645448309864769 2 3 4 5 720.50000000000011 6 7 87.500000000000014 8 28.773047801037709 4.5000000000000009 9 23.006024096385545 11.500000000000002 46.416688465660265 47.500000000000007 51.500000000000007 289.50000000000006 56.500000000000007 10 11 12 30.738612836438929 27.61986863711002 38.910193725846177 50.328057860609896
decision_type=10 9 9 10 9 9 9 9 2 9 9 2 9 8 2 9 10 2 8 2 2 2 2 9 1 9 10 10 10 10
left_child=1 11 16 6 -5 -4 -3 -6 9 -8 21 12 13 -1 15 -7 17 -2 -13 -20 -18 22 -10 -16 -25 -26 27 -27 29 -15
right_child=2 3 5 4 7 14 8 -9 10 -11 -12 18 -14 28 23 -17 20 -19 19 -21 -22 -23 -24 24 25 26 -28 -29 -30 -31
leaf_value=1.4025707509782581 0.15339475258846175 -0.17044092284916726 -0.25295103325392621 -0.053870756719013882 0.29515982848295774 0.051167931960686489 0.06671741656485268 0.073883029943482628 -0.024980357062071495 -0.02929647044619273 -0.1008530798935796 -0.078033641407022347 0.08566268004246369 0.77296904395608346 0.049270283110123998 -0.12535936816132251 0.09279621340415839 0.53028106436158851 0.071656846629553336 1.071821074485779 -0.25689918860943634 -0.359288729644484 0.12446504483479855 0.0181241253338719 -0.23429939107659781 -0.060018351794250552 -0.057434581399972699 0.34398133784152901 0.77930388669172923 0.066395812881263824
leaf_weight=27 308 691 223 2699 342 1958 7552 3769 13646 25010 5296 672 846 34 11295 1916 2219 128 1259 20 99 99 663 11722 369 124 1359 157 45 110
leaf_count=27 308 691 223 2699 342 1958 7552 3769 13646 25010 5296 672 846 34 11295 1916 2219 128 1259 20 99 99 663 11722 369 124 1359 157 45 110
internal_value=0.000467942 -0.0111626 0.0233737 -0.0157227 0.0348259 0.0154286 -0.0222259 0.0929629 -0.0202299 -0.00701679 -0.0420756 0.0790816 0.16935 0.471339 0.0175862 -0.0363303 0.106948 0.26404 0.0303505 0.0872966 0.077861 -0.0203864 -0.0180559 0.0259395 0.00670699 -0.0598757 -0.0190853 0.165704 0.363244 0.233226
internal_weight=94657 62780 31877 59767 6810 29123 52957 4111 52266 32562 19704 3013 1062 216 28900 3874 2754 436 1951 1279 2318 14408 14309 25026 13731 2009 1640 281 189 144
internal_count=94657 62780 31877 59767 6810 29123 52957 4111 52266 32562 19704 3013 1062 216 28900 3874 2754 436 1951 1279 2318 14408 14309 25026 13731 2009 1640 281 189 144
cat_boundaries=0 10 20 30 40 49 58 68 77 84 93 103 104 114
cat_threshold=33726492 134226944 167772176 2281766912 12 2217738240 386 2148139008 2151694336 4 134419520 2155937792 65544 19922952 2147618816 33554441 2150123008 590336 16384 8 553648640 1078198272 2416836736 268435472 557376 8388609 33570832 16781312 74752 8 128 0 33554432 0 524322 2097152 2 4194304 64 1 1024 94502912 268435456 25298944 1207959552 4096 553783296 73416720 612370432 65536 32768 65536 2080 0 0 134283296 536870912 1442048 620822528 4456448 3221225473 1342186496 21137664 150994945 1216348688 1056768 8192 8 134234112 262144 33061 17424 2147483712 0 41 16781312 16842752 8192 0 167772160 2147549184 0 2097152 128 71319584 4489216 2147778592 1207967776 33796 1048576 33816960 1052672 1056768 17844224 4456448 36997 268435472 2369 8388608 42205217 553648128 16850944 4 2 0 0 262144 0 0 68157440 0 1179648 1048576 16
is_linear=0
shrinkage=0.05


Tree=87
num_leaves=31
num_cat=15
split_feature=10 9 9 9 5 9 6 5 10 9 9 2 7 9 4 9 9 9 9 6 5 2 7 9 2 2 2 5 9 5
split_gain=11164.5 9321.56 8639.8 8351.61 5637.86 5498.85 4932.66 4902.66 4702.91 8175.24 5875.84 5098.32 4677.85 4278.84 4089.35 20052.6 7116.33 6786.92 5297.48 4836.25 5355.41 4690.81 4240.67 4042.33 3860.2 3798.15 4784.74 7052.99 3399.15 3826.32
threshold=0 1 2 3 89.653789790195233 4 45.500000000000007 57.996020277283201 5 6 7 19.183014354066991 50.035818846688564 8 218.50000000000003 9 10 11 12 72.500000000000014 47.342468283636322 15.005747126436782 50.08646451795078 13 11.980000000000002 69.004385964912288 25.25105042016807 66.937396103183801 14 76.771783523336197
decision_type=9 9 9 9 10 9 2 10 9 9 9 8 10 9 2 9 9 9 9 2 10 8 10 9 8 8 10 10 9 10
left_child=2 6 -1 -3 8 -6 -2 13 9 -5 -10 -11 -9 -4 15 -12 19 24 21 28 -21 -18 23 -20 -17 26 27 -23 29 -16
right_child=1 3 7 4 5 -7 -8 12 10 11 14 -13 -14 -15 16 17 18 -19 22 20 -22 25 -24 -25 -26 -27 -28 -29 -30 -31
leaf_value=-0.13816302979408474 0.11106290932774482 -0.10613161756293132 -0.08155257769062263 0.093061481888534858 0.31624173873239753 0.05910942949498732 -0.64094340421936735 -0.4276249710842967 -0.040997341983276092 -0.1334014722967849 0.16601489085725921 0.017450437976944878 0.12756301159610714 -0.015143126475612676 -0.099036411948378977 0.324107351988554 -0.04827645868733841 0.018328471434774393 0.037995939089504306 0.33430570718822084 -0.1565301197161898 0.022829434608349637 0.016846825318152289 -0.13871301630704566 -0.12372643276954404 0.1181381838741126 0.92244277599644153 1.0830355700992402 -0.020493475190765428 0.13133584690693112
leaf_weight=1832 2474 1615 3121 3986 251 1105 22 40 7486 595 2251 9549 737 10836 2542 50 118 6038 514 182 80 62 25368 860 1279 108 47 21 11656 194
leaf_count=1832 2474 1615 3121 3986 251 1105 22 40 7486 595 2251 9549 737 10836 2542 50 118 6038 514 182 80 62 25368 860 1279 108 47 21 11656 194
internal_value=0.00125887 0.00913536 -0.0360262 0.00600417 0.00845415 0.109474 0.104018 -0.0232416 0.00657847 0.0324706 0.000356785 0.00859369 0.0989819 -0.0300626 0.00639001 0.0357839 -0.000379646 -0.00422803 0.0147992 -0.0284388 0.184432 0.20376 0.0122084 -0.0733409 -0.10608 0.337281 0.519338 0.291074 -0.0323338 -0.0824004
internal_weight=95019 78453 16566 75957 74342 1356 2496 14734 72986 14130 58856 10144 777 13957 51370 9618 41752 7367 27098 14654 262 356 26742 1374 1329 238 130 83 14392 2736
internal_count=95019 78453 16566 75957 74342 1356 2496 14734 72986 14130 58856 10144 777 13957 51370 9618 41752 7367 27098 14654 262 356 26742 1374 1329 238 130 83 14392 2736
cat_boundaries=0 1 10 20 29 38 39 49 59 69 79 89 98 101 109 119
cat_threshold=96 134348876 134742016 2097664 2148794380 1090519182 2097154 2181562368 2416181248 1048584 1050628 558080 1074266504 270533632 2147483744 167772169 278672 8448 152044032 4 524304 69206016 150994944 33556481 134742016 4 272761860 73419795 537135378 0 262144 0 9232 2147483648 0 32 0 2147483648 2 22038528 4194304 2181300228 2097152 166912 76546048 0 554696704 8396864 13 4096 0 37814276 2097186 173057 76554240 32866 536936448 67733088 1 1077953544 2702573569 21233665 8413704 4196352 4096 1075904576 0 458752 2 0 32768 2147746081 1073742848 0 134217728 8471168 1179648 0 12 4276224 294912 262433 1073758208 0 402653184 2441361 1052672 16777216 12 33556480 4194304 1074266240 16 256 0 0 16777216 8192 33554432 0 1074266112 2048 4194304 0 1024 2147483904 33554432 134217728 16908544 16384 32768 256 1073741824 0 134217728 344064 0 0 12
is_linear=0
shrinkage=0.05


Tree=88
num_leaves=31
num_cat=15
split_feature=10 9 9 9 0 9 0 0 0 9 9 0 9 2 9 9 0 9 5 6 2 9 9 5 7 9 2 9 5 1
split_gain=10271.1 12743.7 9355.44 7816.67 7284.35 6688.63 5953.88 6294.34 5635.48 12847.2 7955.69 5489.05 5456.94 5126.75 8862.24 6748.08 5281.5 10408.1 5361.14 10077.2 5489.51 5105.91 5039.3 4706.03 4508.75 7772.01 4402.43 4323.06 6960.3 4212.16
threshold=0 1 2 3 44.968849813500348 4 62.588027939981053 43.273803542099934 87.267420560248226 5 6 94.028306344772901 7 25.25105042016807 8 9 49.074316285113973 10 68.955090493311886 7.5000000000000009 18.801639344262298 11 12 93.454676376360354 50.275624279421415 13 75.191176470588246 14 80.218693129238503 262.50000000000006
decision_type=9 9 9 9 8 9 8 10 8 9 9 8 9 10 9 9 10 9 10 2 10 9 9 10 10 9 10 9 8 2
left_child=1 4 -2 -4 -1 6 7 -3 10 11 -5 29 -11 15 -15 -7 21 -18 -19 20 -20 -17 -16 -12 25 -24 -26 28 -8 -10
right_child=2 5 3 8 -6 13 27 -9 9 12 23 -13 -14 14 22 16 17 18 19 -21 -22 -23 24 -25 26 -27 -28 -29 -30 -31
leaf_value=-0.077030443218981171 0.10411138952580323 0.038137342381246352 -0.10422293596085715 -0.037496115112100513 -0.2891856996294519 0.013272571120202987 -0.15275688986987512 0.20182443183507048 0.087546841217264693 0.028734678529993049 0.013004161828000297 0.22391640868778309 -0.10308469744355959 -0.15551384469892554 0.10385688992275138 -0.10705178326002587 -0.035660690338365185 -0.31896235444115362 -0.96511397957801826 0.7053542651628194 0.13964608855869459 -0.028989110088960393 -0.1826042797858968 0.29365066121518613 0.0083723075079882997 0.016572601933793851 0.15145910508910784 -0.16494790609492893 0.11884564569169925 -0.62553549643073769
leaf_weight=1100 2579 2248 1530 9388 640 4664 376 795 1496 3769 35795 1112 981 813 1372 2598 1168 707 22 38 23 10801 815 150 6630 1208 585 469 633 21
leaf_count=1100 2579 2248 1530 9388 640 4664 376 795 1496 3769 35795 1112 981 813 1372 2598 1168 707 22 38 23 10801 815 150 6630 1208 585 469 633 21
internal_value=-0.002174 -0.0224034 0.0112517 0.00681818 -0.154178 -0.015987 0.0408223 0.0809015 0.0100604 0.0505841 0.00346642 0.139003 0.00135114 -0.0241654 0.00255548 -0.039423 -0.0553995 -0.132141 -0.270904 0.105817 -0.400459 -0.0442266 0.0148003 0.0141714 0.00147587 -0.0644899 0.0199739 -0.041419 0.0174609 0.0776756
internal_weight=94526 37705 56821 54242 1740 35965 4521 3043 52712 7379 45333 2629 4750 31444 11423 20021 15357 1958 790 83 45 13399 10610 35945 9238 2023 7215 1478 1009 1517
internal_count=94526 37705 56821 54242 1740 35965 4521 3043 52712 7379 45333 2629 4750 31444 11423 20021 15357 1958 790 83 45 13399 10610 35945 9238 2023 7215 1478 1009 1517
cat_boundaries=0 1 11 21 30 39 48 58 67 76 85 95 105 114 124 133
cat_threshold=112 35160192 8388608 34078720 270536704 529416 2214602760 131152 536873472 541065792 5 1081380 8454144 134742536 3145760 16785422 2216689672 2148007936 2686976512 536870920 8 16 136314880 1077944320 2168586754 134742016 1343750144 33030 71320576 2354 620761160 4194664 139284 4194304 65728 2621446 2285895686 139264 134217730 16798720 2151972864 262177 1073766408 256 33554432 44384256 17825792 2148532224 84427776 294912 262181 1073741837 1073775872 134234112 136708288 65536 2147516480 4 0 0 2147516548 268436496 40000 134217729 640 131072 16777216 2147483648 524288 2162697 32 36 16384 67175936 2 260 2550398976 16404 17109032 16448 2129924 20480 335611392 294914 67125252 0 2147483648 2147483649 1073751072 2147485952 0 10748033 16777216 0 8 1077952512 2969606657 0 142607392 256 167772161 17088640 17367040 32 42 138414080 335544320 3221225472 6 256 1 160 65792 18087936 268517376 32785 262432 1073766416 2147516416 33554432 8404992 0 131072 8 83886088 4194368 139268 0 0 0 4194304 8192 2
is_linear=0
shrinkage=0.05


Tree=89
num_leaves=31
num_cat=17
split_feature=0 9 9 9 10 1 9 9 0 9 9 9 9 0 9 10 4 9 9 0 4 9 4 10 4 4 3 7 9 0
split_gain=9640.83 10833.1 8736.22 7641.75 6500.42 5960.45 13775.4 12160.4 8052.67 11009.5 6818 4877.02 4810.54 4691.65 4217.48 4108.19 4085.59 4065 3728.92 3636.46 3467.6 6762.93 3235.81 3159 3481.3 3395.61 3203.88 3157.76 8389.76 4667.3
threshold=38.536735021077725 0 1 2 3 7.5000000000000009 4 5 5.7784279972209811 6 7 8 9 97.201463845755896 10 11 14.500000000000002 12 13 50.091200911579669 23.500000000000004 14 543.50000000000011 15 288.50000000000006 1630.5000000000002 55.929873365277508 50.08646451795078 16 40.855805495825827
decision_type=10 9 9 9 9 2 9 9 10 9 9 9 9 10 9 9 2 9 9 10 2 9 2 9 2 2 8 10 9 10
left_child=2 -2 4 16 -1 6 20 -7 9 -8 -10 15 -11 27 -12 22 19 -18 -9 -3 21 -4 -5 24 26 -25 -14 28 -13 -30
right_child=1 3 5 11 -6 7 8 18 10 12 14 13 23 -15 -16 -17 17 -19 -20 -21 -22 -23 -24 25 -26 -27 -28 -29 29 -31
leaf_value=-0.031987070322077905 0.16227794209940294 0.67868594114597025 -0.14603117734193802 0.036728558744383522 0.16142377094571037 -0.14819328061433712 -0.22754630268365902 -0.00029438252937558172 -0.14023376186746389 0.046831570061722207 0.10402068244132615 -0.14961618739064436 0.40480345811162677 0.2122313590505642 -0.00080781359721482534 0.027293086298052577 -0.43537216861385941 -0.11688199510571945 -0.058002456659995351 6.393616246740992e-05 0.060022764292262998 0.30280202939349388 0.16991155099460678 -0.090891781995320053 0.53016143764623191 0.12282135850388785 -0.16985893856875506 0.0063223265033859836 0.48717657877848702 0.0067372406080987435
leaf_weight=714 1168 26 105 842 1101 2638 974 5642 787 1119 1091 1186 35 269 7472 10492 111 798 5556 82 3180 364 995 3594 44 196 79 42628 52 1814
leaf_count=714 1168 26 105 842 1101 2638 974 5642 787 1119 1091 1186 35 269 7472 10492 111 798 5556 82 3180 364 995 3594 44 196 79 42628 52 1814
internal_value=7.65261e-05 0.0121318 -0.0209346 0.0091453 0.0855798 -0.0268329 -0.0086925 -0.0518156 -0.0294028 -0.0744162 -0.000351187 0.0115261 -0.0444441 0.00402994 0.012654 0.0394375 -0.126066 -0.161849 -0.028953 0.163436 0.078526 0.20566 0.108277 -0.0703678 0.143312 -0.0796295 0.0065725 0.00280477 -0.0463258 0.0200184
internal_weight=95154 60463 34691 59295 1815 32876 19040 13836 15391 6041 9350 58278 5067 45949 8563 12329 1017 909 11198 108 3649 469 1837 3948 158 3790 114 45680 3052 1866
internal_count=95154 60463 34691 59295 1815 32876 19040 13836 15391 6041 9350 58278 5067 45949 8563 12329 1017 909 11198 108 3649 469 1837 3948 158 3790 114 45680 3052 1866
cat_boundaries=0 9 18 27 28 37 46 56 66 75 84 94 95 104 114 118 119 129
cat_threshold=1744961640 8454152 33620496 1054720 19013642 2097152 33554432 524800 520 83886200 1073750016 2149715968 2415919104 1073809415 69206016 2216820864 524288 1067264 524416 1073741824 1075847168 4260100 4718593 1073750016 1282 541065216 537135360 32 2415984640 2147485972 1090781185 1079063817 256 268976128 266752 1048576 524292 4196352 262144 1124139025 1078986001 2147483904 268435457 12599824 17893376 16908288 33947780 8421376 33619984 184549376 134217856 2147483648 713064496 536952832 50 10 1073742848 273748104 1048584 512 4136 184557580 1091043328 0 8192 4 2170372 138412032 134348928 270532664 2147483648 33570818 2156658704 16842752 16916544 1577984 88146113 541106308 2097152 45088 134217728 1074282508 258 131072 4194948 0 33554432 66 2282226240 4096 16 807536640 20972032 8 34 524288 0 2097152 65540 1 0 0 4194304 536872960 704905216 1050832 537952256 24586 32768 184549376 134221868 536875008 270354 32 0 0 16777216 4198665 2 1048576 2147483648 819200 1090527232 36128 0 16896 139264 2147484672 9
is_linear=0
shrinkage=0.05


Tree=90
num_leaves=31
num_cat=13
split_feature=10 9 9 9 0 9 0 9 5 9 4 9 7 0 1 9 9 0 4 4 4 0 5 9 2 7 4 9 0 9
split_gain=9024.05 11154.2 9689.18 6797.83 5800.99 5713.85 6139.48 6452.69 5608.09 4982.79 6795.46 8732.62 6803.4 6481.22 5544.55 5319.36 4639.1 4290.66 4153.08 6346.82 4129.46 4022.14 3908.03 3924.98 3890.43 3890.28 4701.68 5023.44 4684.18 17055.7
threshold=0 1 2 3 40.855805495825827 4 95.031976712647477 5 41.808567773857 6 463.50000000000006 7 50.08646451795078 52.034659776652539 202.50000000000003 8 9 71.313227629310234 575.50000000000011 20.500000000000004 2138.5000000000005 64.558114076085886 82.500893055543855 10 11.025000000000002 49.990081222148213 2.5000000000000004 11 4.4405176701480249 12
decision_type=9 9 9 9 10 9 8 9 10 9 2 9 10 10 2 9 9 10 2 2 2 10 10 9 8 10 2 9 10 9
left_child=1 4 17 8 -1 -3 9 18 16 13 11 21 -12 14 15 -7 -4 24 19 -8 -10 -11 25 -24 -2 26 -5 -28 29 -27
right_child=2 5 3 22 -6 6 7 -9 20 10 12 -13 -14 -15 -16 -17 -18 -19 -20 -21 -22 -23 23 -25 -26 28 27 -29 -30 -31
leaf_value=0.42986698079218222 0.19225571044134324 -0.092829740704740926 -0.055437805280684621 -0.22173302439582901 0.12844014420870295 -0.18173442446395074 0.14341574466817983 0.16993992541081304 0.15817836692460019 -0.037531840376889176 -0.09008629046165785 0.060651616027352931 0.089309302684223102 0.011422419652111557 0.32522947736728341 -0.02341861814354794 0.0711019483227045 -0.62962226149363398 0.19535355496406556 -0.38390703836541162 -0.2922753012405252 -0.19362386000851373 0.18821191393624578 0.0077265194970394541 -0.11502860292213538 0.11457280181317603 -0.015485668332453391 0.17749046178314365 -0.01044637208345774 -0.11315405834441564
leaf_weight=205 108 1115 1273 129 721 975 91 1242 1271 1347 579 2172 6059 12913 81 1175 1655 39 100 153 53 595 472 818 2227 1051 600 768 51090 3673
leaf_count=205 108 1115 1273 129 721 975 91 1242 1271 1347 579 2172 6059 12913 81 1175 1655 39 100 153 53 595 472 818 2227 1051 600 768 51090 3673
internal_value=0.000281271 0.0232125 -0.0100999 -0.00634593 0.193086 0.0176463 0.0221606 0.117663 0.0546251 0.0163202 0.0423291 -0.00812342 0.0736615 -0.00217224 -0.0808677 -0.0961672 0.01614 -0.109044 -0.0738745 -0.187242 0.140147 -0.0849188 -0.0107785 0.0752835 -0.100816 -0.0127175 0.0668255 0.0940361 -0.0148509 -0.0624862
internal_weight=94750 29523 65227 62853 926 28597 27482 1586 4252 25896 10752 4114 6638 15144 2231 2150 2928 2374 344 244 1324 1942 58601 1290 2335 57311 1497 1368 55814 4724
internal_count=94750 29523 65227 62853 926 28597 27482 1586 4252 25896 10752 4114 6638 15144 2231 2150 2928 2374 344 244 1324 1942 58601 1290 2335 57311 1497 1368 55814 4724
cat_boundaries=0 1 10 20 29 38 48 58 68 75 80 88 98 107
cat_threshold=6 4199600 2147483648 589832 16777224 5 2162696 170655744 0 49160 1152 337641472 2625536 8389121 4719104 2224562180 131138 3 604504128 3 35782724 134283296 528 1050672 16846922 33570816 2148009216 2416443392 135266560 67108864 0 167772160 2230272 1073750026 33579008 32770 73421824 8389794 2048 0 2147483652 1056 2147516736 0 8388608 139264 16850944 9 33570880 1074036736 4129 138421264 4160 1 8471425 553779200 2148532288 16 1050624 0 32772 0 2147516416 8388608 32 8192 16850944 1 16384 0 32 9232 0 0 8454656 33554432 0 0 48 72 4194304 2147745792 294912 1024 2147483648 0 0 17833984 138479616 262144 2148564996 136314888 256 134217728 8 16777216 0 8 69632 2148008064 3762290688 1361125388 32 419430401 304415232 131072 49152
is_linear=0
shrinkage=0.05


Tree=91
num_leaves=31
num_cat=16
split_feature=11 9 9 9 9 9 10 9 9 0 2 9 5 2 7 9 6 9 7 9 5 9 9 4 5 9 5 4 4 1
split_gain=7190.24 24371.9 10396 8936.74 7173.9 6235.03 5875.89 9692.78 7757.69 5698.16 5249.98 8737.98 4382.22 4806.16 4235.55 4820.21 4161.33 4093.15 5033.42 5100.18 4363.24 5315.29 5090.39 4073.13 5363.44 4044.21 4031.79 3865.92 4257.52 4472.95
threshold=0 1 2 3 4 5 6 7 8 23.203577540874075 29.751344086021508 9 71.02427230037047 76.243067277550054 49.953826078376224 10 34.500000000000007 11 50.706875230106881 12 62.958585469510624 13 14 87.500000000000014 65.963148212298066 15 12.856483864525586 159.50000000000003 183.50000000000003 11.500000000000002
decision_type=1 9 9 9 9 9 9 9 9 8 8 9 10 10 10 9 2 9 10 9 10 9 9 2 8 9 8 2 2 2
left_child=4 3 -3 -2 -1 -6 7 16 -8 -9 11 -5 -12 -14 15 -10 -7 18 23 27 21 -19 -22 24 -16 -11 -25 -20 -29 -30
right_child=1 2 -4 10 5 6 8 9 14 25 12 -13 13 -15 17 -17 -18 20 19 -21 22 -23 -24 26 -26 -27 -28 28 29 -31
leaf_value=0.087326527586173083 0.37389963936371107 -0.18567130914220253 -0.051458001533525415 0.3860815361992917 -0.089006200802300928 0.11364240483989996 0.037554208527498877 -0.18674323403902648 -0.01843851439631047 0.040396678799120497 0.0013801506883076003 -0.009224017799081068 0.42038728555115007 0.019050292217213174 0.33012714576348667 0.20917243049516002 -0.13240340257382524 -0.068598416222892242 0.10726603122235373 -0.003968285879954664 0.12035127001849295 -0.018754243714021387 -0.0069390395537197759 -0.12597530114639929 0.036438598213744032 -0.0034469848575313464 8.920323266971133e-05 0.83678307696467358 0.17042538233243737 0.8190196656621993
leaf_weight=2586 230 1831 6816 279 1795 3398 9072 354 482 9255 2216 279 139 161 200 443 181 7224 290 461 995 20631 3596 690 698 12170 7848 42 157 32
leaf_count=2586 230 1831 6816 279 1795 3398 9072 354 482 9255 2216 279 139 161 200 443 181 7224 290 461 995 20631 3596 690 698 12170 7848 42 157 32
internal_value=0.00027998 -0.0359691 -0.0800593 0.0794228 0.00552468 0.00286962 0.00498913 0.0247704 -0.00450305 0.0122164 0.0562488 0.195182 0.0256595 0.205003 -0.0132229 0.0926307 0.100917 -0.0155103 0.0117554 0.119499 -0.024261 -0.0317123 0.0208954 0.000554968 0.101848 0.0155095 -0.0100987 0.224515 0.38143 0.28024
internal_weight=94551 11951 8647 3304 82600 80014 78219 25358 52861 21779 3074 558 2516 300 43789 925 3579 42864 10418 982 32446 27855 4591 9436 898 21425 8538 521 231 189
internal_count=94551 11951 8647 3304 82600 80014 78219 25358 52861 21779 3074 558 2516 300 43789 925 3579 42864 10418 982 32446 27855 4591 9436 898 21425 8538 521 231 189
cat_boundaries=0 1 10 19 27 36 45 46 55 64 69 76 85 93 103 113 123
cat_threshold=2 537941120 8421893 2164293632 1225786416 2147483648 33554433 8404993 16781568 258 34146304 0 1074004128 2097160 34816 2148532228 67109440 537001984 17932292 536892544 8389120 0 16777216 0 0 0 4352 112 4263968 2228752 2684356608 16973954 69206016 2214662466 524288 138412040 536904704 545932288 0 41943616 1213202433 8 268435456 69225987 338 6 5378048 2147483648 135069704 264 2148047108 1207959553 36175888 1048576 16826368 170133512 1342177288 269484032 137379856 8264 20480 25199104 537001984 1714176 0 0 0 1024 2147483648 4260356 67403776 557057 32 256 0 8 1073823876 262272 1124073728 69636 2099712 268437508 134366336 269586432 262176 0 0 256 4 0 0 134235136 1048576 2152726528 134217984 134545549 268436776 557312 2156920832 524288 2147483648 0 5 5242880 0 262148 268436512 524288 0 0 0 16777216 1 2048 262144 2147520673 1347428384 1024 2156929024 8667168 4333568 1057792 28
is_linear=0
shrinkage=0.05


Tree=92
num_leaves=31
num_cat=18
split_feature=10 0 9 9 9 9 5 11 9 9 9 9 9 5 9 9 0 0 0 9 9 0 9 5 5 7 5 9 0 9
split_gain=8227.29 8449.32 12620.7 7279.75 6864.58 6791.55 6128.16 5993.69 20726.4 8286.69 8190.14 5858.81 5566.33 3684.1 7408.66 3936.91 3662.12 3552.69 3482.38 3737.35 3447.46 5980.78 6307.68 3732.76 3594.51 3920.03 3548.88 8450.32 5106.57 3732.25
threshold=0 50.721663217001058 1 2 3 4 89.653789790195233 5 6 7 8 9 10 40.877831511400757 11 12 9.1895162311087137 87.766278222664781 17.47359107177515 13 14 26.490902874497305 15 47.342468283636322 55.432376658201498 51.634196594811101 36.061542677607562 16 46.424754930423383 17
decision_type=9 10 9 9 9 9 10 1 9 9 9 9 9 10 9 9 8 8 8 9 9 10 9 8 10 10 8 9 8 9
left_child=1 4 -3 -2 18 17 7 9 10 -7 -9 -10 -8 15 -15 -6 -11 -5 -1 -20 21 22 -18 -23 25 -24 27 -22 -29 -28
right_child=3 2 -4 5 13 6 12 8 11 16 -12 -13 -14 14 -16 -17 20 -19 19 -21 26 23 24 -25 -26 -27 29 28 -30 -31
leaf_value=-0.060827622489873757 0.11771413176034334 0.062654054803804982 -0.51781713519678563 -0.064478827664090951 0.018647239539727193 0.048362116941323585 0.28309475049003957 0.31901549743013985 -0.17605100560984582 -0.15232545430445441 0.031046707776372265 -0.061497890793777765 0.051120572421274116 0.23192802968153281 -0.013014346057803609 -0.041793802566438339 0.022931626713623223 -0.2715530235915124 -0.07672874092586883 -0.29147934732211023 0.0066836641680066023 -0.065100751756653572 0.14541524364937877 0.018574635301578421 0.63266358621742425 0.52400382661819467 0.0088378634289816311 -0.08520866228203762 -0.30354084042440355 -0.028787163091750015
leaf_weight=1505 1422 169 205 1597 3936 11349 340 255 1767 385 3742 3112 1049 433 1022 8511 1157 238 429 421 1939 1484 774 13084 46 75 24156 730 423 9053
leaf_count=1505 1422 169 205 1597 3936 11349 340 255 1767 385 3742 3112 1049 433 1022 8511 1157 238 429 421 1939 1484 774 13084 46 75 24156 730 423 9053
internal_value=-0.000779368 -0.0327025 -0.267689 0.00601522 -0.0273166 0.00393077 0.00626382 0.00429925 -0.0342286 0.00958844 0.0501688 -0.10326 0.110309 -0.0138894 0.0613837 -0.0226997 0.00132409 -0.0908414 -0.106071 -0.187425 0.00244214 0.021295 0.101226 0.0100509 0.199949 0.178859 -0.0061936 -0.05743 -0.163887 -0.00142498
internal_weight=94808 16631 374 78177 16257 76755 74920 73531 8876 64655 3997 4879 1389 13902 1455 12447 53306 1835 2355 850 52921 16620 2052 14568 895 849 36301 3092 1153 33209
internal_count=94808 16631 374 78177 16257 76755 74920 73531 8876 64655 3997 4879 1389 13902 1455 12447 53306 1835 2355 850 52921 16620 2052 14568 895 849 36301 3092 1153 33209
cat_boundaries=0 1 6 15 25 34 35 45 54 62 71 80 89 98 107 116 125 135 145
cat_threshold=96 65536 0 2147483696 0 2097152 134218764 134217728 1075970560 2689859585 16785541 2097160 2147483904 262144 8 5244940 786432 524416 278938640 2148535360 134217729 278672 256 1122304 6 131072 1075838976 0 50335744 134348800 2147500032 272760836 2149663760 612371634 2 1593984 8388608 2152759552 1476396084 2147483680 33554432 142622720 83900672 0 4 18907168 4259840 262528 2115848 33792 210763780 33555536 810033152 73728 16512 8388608 0 48 0 0 0 4352 2048 0 262304 2105352 34816 76546048 96 537001984 17866752 0 2151940096 0 1040 2147485696 0 32 131072 2147483648 3221307392 2147486833 0 8192 0 0 8454656 0 262144 805371904 15252 2164293681 0 66048 16777216 134217729 1180160 4325398 4 524288 128 16400 0 1 16384 0 65536 33622096 557056 34078729 402792450 6400 268435456 869024 16908544 17825792 2048 32768 34078720 134217730 2304 0 606208 16908288 16777216 540672 0 40960 0 2147483712 524288 10485760 1053184 33088 12 72351744 262144 2147592228 1073742900 1074266184 1073750017 134250496 1052672 557568 1
is_linear=0
shrinkage=0.05


Tree=93
num_leaves=31
num_cat=1
split_feature=10 0 7 6 0 3 1 2 2 4 0 3 3 2 0 2 5 4 1 4 5 1 0 1 3 4 3 2 5 2
split_gain=7764.91 4861.21 5405.34 4157.43 3875.16 5420.44 5435.64 4704.38 3789.1 4179.59 5830.58 3147.8 4436.54 3684.71 3523.08 4039.81 2986.34 3215.54 2874.13 2794.43 2931.39 2738.98 5118.49 3071.81 2650.49 3054.07 2628.03 2820.76 3046.48 2499.66
threshold=0 89.250050792195992 50.532634354429739 156.50000000000003 29.099436354179652 49.069201331543333 48.500000000000007 13.340000000000002 15.287593984962408 372.50000000000006 82.354507810097999 50.976425168389056 54.593240856307581 23.006024096385545 39.784434121412495 14.008620689655174 89.653789790195233 551.50000000000011 91.500000000000014 12.500000000000002 36.061542677607562 119.50000000000001 25.22762368467686 15.500000000000002 78.236072169854978 23.500000000000004 42.810839667185839 28.059262510974545 9.1409835344265407 13.98648648648649
decision_type=9 8 10 2 10 10 2 10 10 2 10 10 10 10 10 10 10 2 2 2 10 2 10 2 10 2 10 10 10 8
left_child=1 2 3 4 21 6 -6 -8 9 24 -11 13 -13 14 15 -4 19 -18 -9 20 -10 23 -23 -1 29 -26 27 -15 -29 -2
right_child=8 -3 11 -5 5 -7 7 18 16 10 -12 12 -14 26 -16 -17 17 -19 -20 -21 -22 22 -24 -25 25 -27 -28 28 -30 -31
leaf_value=-0.095764307922954817 0.028790356718321482 0.069166768141828941 0.26597409626868157 0.48273291052742445 0.050218031929998665 -0.010736716182475264 1.0345815528522839 0.13919554805263468 0.062116370414714184 -0.059896502279144274 -0.60745094056640359 0.18706055869818897 0.049584503558471299 0.7435513646706291 -0.24418026410572363 -0.13457554623865606 -0.17846033363275127 0.19067017111959295 0.76571430943228991 -0.0068633745720990099 0.40775727613696033 0.81927850388345258 -0.12280619400350944 -0.3697909504229176 -0.16884484220492213 0.36073870511027056 0.0066697625024057438 0.040243149862674604 0.69650392503965475 -0.031878419028134618
leaf_weight=395 2427 4289 98 44 2291 15203 22 109 496 6237 49 667 4884 23 277 176 71 349 22 49897 70 21 46 138 38 96 748 112 21 5651
leaf_count=395 2427 4289 98 44 2291 15203 22 109 496 6237 49 667 4884 23 277 176 71 349 22 49897 70 21 46 138 38 96 748 112 21 5651
internal_value=-0.00131132 0.0199385 0.0115999 -0.00270428 -0.00387484 0.00037389 0.0694879 0.358032 -0.0109286 -0.0334802 -0.0641647 0.0489447 0.0661034 -0.0165177 -0.118435 0.00868673 -0.00450516 0.12827 0.244412 -0.00561023 0.104863 -0.128837 0.172474 -0.166713 -0.0099922 0.210558 0.0456023 0.232279 0.143863 -0.0136507
internal_weight=94967 29586 25297 18291 18247 17647 2444 153 65381 14498 6286 7006 5551 1455 551 274 50883 420 131 50463 566 600 67 533 8212 134 904 156 133 8078
internal_count=94967 29586 25297 18291 18247 17647 2444 153 65381 14498 6286 7006 5551 1455 551 274 50883 420 131 50463 566 600 67 533 8212 134 904 156 133 8078
cat_boundaries=0 1
cat_threshold=6
is_linear=0
shrinkage=0.05


Tree=94
num_leaves=31
num_cat=10
split_feature=9 5 9 6 9 0 0 9 7 9 0 9 6 9 9 7 2 0 9 4 2 2 4 9 2 0 0 7 0 2
split_gain=6348.4 5019.02 4312.14 4325.29 4233.49 4046.27 3824.79 7770.8 6064.06 6584.4 6684.81 5360.82 5926.8 4596.28 4238.58 3760.27 3604.63 3515.54 3456.41 3418.93 3964.14 7376.51 3708.83 3535.62 3725.81 3404.51 3355.77 3220.44 3250.8 3145.24
threshold=0 15.265342975520435 1 114.50000000000001 2 24.857254681626873 36.012483343906815 3 49.953826078376224 4 28.257300674512759 5 60.500000000000007 6 7 50.35353248338982 12.020833333333334 43.936456667959767 8 35.500000000000007 12.584770114942531 15.880831643002031 131.50000000000003 9 17.834039548022602 29.099436354179652 56.079481474605821 50.113676018504314 50.400292809707452 43.505102040816332
decision_type=9 8 9 2 9 8 10 9 10 9 10 9 2 9 9 10 8 8 9 2 10 10 2 9 8 8 10 10 10 10
left_child=17 4 3 19 5 -2 7 25 9 -9 -11 12 -8 -13 16 -14 -10 -1 -19 20 -3 26 23 -21 -25 -4 -22 28 -20 -15
right_child=1 2 6 -5 -6 -7 11 8 14 10 -12 13 15 29 -16 -17 -18 18 27 22 21 -23 -24 24 -26 -27 -28 -29 -30 -31
leaf_value=-0.04057963567517775 -0.088203758830353585 0.0071229052483836146 -0.038940366230993562 0.80532700777053834 -0.028978600379698329 -0.34644155479229405 0.056000957342518067 -0.085020054308963686 0.10356211000574277 0.1451928821061905 0.83105847245535347 -0.12915238965114084 0.24043891033474007 -0.0049621870593822247 0.0037716668522772543 0.95675553503845423 -0.055792731923784845 -0.016271175428068843 -0.34920298700982877 -0.15552159845781735 0.90071771983747129 0.14965601043192434 0.12323419522271298 -0.24803160036545854 0.11677100304167401 -0.13915228777139521 0.23389710557871851 -0.21255719702504083 -1.1053149385111671 0.018837202011013073
leaf_weight=1167 504 299 1873 20 2968 217 3957 340 379 892 37 622 53 28940 16113 28 5574 222 44 384 54 399 527 86 376 1548 29 379 21 26681
leaf_count=1167 504 299 1873 20 2968 217 3957 340 379 892 37 622 53 28940 16113 28 5574 222 44 384 54 399 527 86 376 1548 29 379 21 26681
internal_value=-0.000494614 0.00132828 0.00369171 0.0730837 -0.0558229 -0.163656 0.00194983 -0.0137826 -0.00344501 0.10284 0.170672 0.00893306 0.064508 0.00493068 -0.00955896 0.488055 -0.0455708 -0.0923858 -0.184551 0.0666241 0.150146 0.238868 0.0191144 -0.0457451 0.0478288 -0.0840405 0.667732 -0.262413 -0.593485 0.00645305
internal_weight=94733 92900 89211 2174 3689 721 87037 26756 23335 1269 929 60281 4038 56243 22066 81 5953 1833 666 2154 781 482 1373 846 462 3421 83 444 65 55621
internal_count=94733 92900 89211 2174 3689 721 87037 26756 23335 1269 929 60281 4038 56243 22066 81 5953 1833 666 2154 781 482 1373 846 462 3421 83 444 65 55621
cat_boundaries=0 9 18 27 37 44 54 63 73 81 90
cat_threshold=33808 1611268096 137363456 4610 1048576 1207967744 1090650112 2220903938 75497600 84017156 176161792 133648 134481984 16977922 81924 0 536870912 4475146 262144 264256 3225452576 0 0 1 142623296 4096 16777216 1073811456 352387080 69760 16 2098408 2419064832 524338 17367040 1536 4 134219776 262144 524288 3145737 2147483904 1 8 1745945224 66056 73984 147456 2098312 301989888 8912930 589824 164352 8 268959776 340 1073741824 4259844 524292 67108864 2147484928 0 2147483648 941097152 4113 50364717 1049632 0 50331648 75546688 40960 16 8 1024 0 136314880 0 0 8192 1073741824 67109376 67108864 8388608 0 0 131074 16384 0 536870912 258
is_linear=0
shrinkage=0.05


Tree=95
num_leaves=31
num_cat=10
split_feature=9 5 9 11 9 9 9 9 1 2 2 9 1 9 0 7 1 3 7 1 1 1 9 2 6 7 7 6 5 2
split_gain=6256.11 4951.27 4914.14 4168.87 19466.1 8836.82 7769.67 6653.65 4545.02 4426.65 4051.02 6175.8 4103.01 3636.47 3599.43 3555.97 4132.51 3521.28 3953.74 3603.59 8927.81 3434.63 3252.56 3732.77 3313.96 3159.36 3052.31 3043.23 3840.12 3279.24
threshold=0 15.265342975520435 1 2 3 4 5 6 9.5000000000000018 19.183014354066991 29.751344086021508 7 221.50000000000003 8 49.410436161066734 50.778660259946982 20.500000000000004 66.861856985264737 50.417911733056393 45.500000000000007 26.500000000000004 39.500000000000007 9 24.997835497835499 5.5000000000000009 50.695256832981087 50.466605395671472 26.500000000000004 40.877831511400757 24.005617977528093
decision_type=9 8 9 1 9 9 9 9 2 10 10 9 2 9 8 10 2 10 10 2 2 2 9 8 2 10 10 2 8 10
left_child=27 22 -3 6 7 8 -4 9 -6 -5 11 14 15 -8 -9 -12 -17 18 21 20 -20 -16 24 -24 -2 -10 -21 28 -1 -29
right_child=1 2 3 4 5 -7 13 10 25 -11 12 -13 -14 -15 17 16 -18 -19 19 26 -22 -23 23 -25 -26 -27 -28 29 -30 -31
leaf_value=0.81144603009407335 0.085348035063614075 -0.095698568876762119 0.049740256802940204 -0.016208225343285539 -0.31641543859962928 -0.045339102437426511 -0.042299664029026796 -0.17787055164181556 -0.13608339580797657 0.40820762537799926 0.060998204931779057 0.045235069076264255 -0.17124699956578454 0.0030953475449010011 1.2181127498226783 -0.74609154868870986 0.077098725135287927 -0.16844330669513771 0.4810000115462269 0.1688362962525824 -0.77636510610580445 0.43042690287623558 -0.05373454817697168 -0.18900800606726947 -0.070332836816823494 0.40636977404356006 0.88539642063634738 -0.66587126765932358 0.18449755834031933 0.19831938328950302
leaf_weight=26 669 1309 8841 82 467 7157 4727 26 649 245 1650 441 246 64229 31 30 31 21 48 23 20 25 1908 696 699 28 42 21 403 23
leaf_count=26 669 1309 8841 82 467 7157 4727 26 649 245 1650 441 246 64229 31 30 31 21 48 23 20 25 1908 696 699 28 42 21 403 23
internal_value=-0.00137817 -0.00229673 0.000104497 0.0015232 -0.0269091 -0.0661354 0.00563929 0.0830028 -0.194719 0.292824 0.0559453 0.161583 0.0196871 -2.22063e-05 0.361751 0.0471387 -0.327749 0.445788 0.514036 0.365643 0.111187 0.866467 -0.0569335 -0.0895467 0.00575848 -0.113648 0.631844 0.178112 0.222494 -0.214135
internal_weight=94813 94340 90368 89059 11262 8301 77797 2961 1144 327 2634 677 1957 68956 236 1711 61 210 189 133 68 56 3972 2604 1368 677 65 473 429 44
internal_count=94813 94340 90368 89059 11262 8301 77797 2961 1144 327 2634 677 1957 68956 236 1711 61 210 189 133 68 56 3972 2604 1368 677 65 473 429 44
cat_boundaries=0 9 19 20 30 39 48 56 60 69 78
cat_threshold=40960 134217760 131600 0 16842754 2162688 0 524288 4194312 16 824180992 167780352 2692745217 134349440 6 1879179264 6292481 545783808 32 2 2685424132 8421392 32768 1091634208 524576 33554440 16396 16791808 2 4 33556480 0 160 8 2048 68157440 67109440 537001984 17866752 4194308 4202624 264320 147466 2107393 2281721856 34082898 0 2147772416 536891392 8388608 0 17891360 32 8 0 4352 0 0 0 1024 2751465096 2155921408 1095761920 50332256 0 285212672 17412 2816 1554 134299656 553648256 536870912 65560 0 285212672 4132 262912 426000
is_linear=0
shrinkage=0.05


Tree=96
num_leaves=31
num_cat=2
split_feature=10 0 4 6 11 7 5 4 0 5 7 5 4 4 7 0 4 0 5 7 5 5 4 6 0 4 2 0 7 2
split_gain=5938.26 4946.8 4635.83 4628.92 4321.04 3837.72 3528.82 3453.2 4124.69 3171.77 3155.57 3153.83 3078.85 4197.66 2970.35 3414.12 2881.42 2712.28 3831.93 3089.04 5119.1 4562.99 3885.47 3782.55 3653.69 2762.04 2683.05 2976.08 2529.28 2516.41
threshold=0 97.201463845755896 7401.5000000000009 23.500000000000004 1 50.442727731116364 5.3847030133241081 1567.5000000000002 33.875743648267651 83.632865569122529 51.022929515028089 44.554482731875616 10.500000000000002 795.50000000000011 50.080538711441513 43.590252052621373 495.50000000000006 59.528616352580343 31.853603584598385 50.055848134040104 38.581922392636109 40.552835459465456 65.500000000000014 73.500000000000014 41.690153324276217 17.500000000000004 17.008928571428573 66.809402297906658 50.426788246026568 15.503731343283585
decision_type=9 8 2 2 1 10 8 2 10 10 8 10 2 2 10 10 2 10 8 10 10 10 2 2 10 2 10 10 10 10
left_child=1 4 6 5 7 16 -2 17 -9 10 -8 -4 -7 -14 15 -10 28 19 -19 21 22 -1 25 -24 -22 -21 27 -20 -3 -6
right_child=2 3 11 -5 29 12 9 8 14 -11 -12 -13 13 -15 -16 -17 -18 18 26 20 24 -23 23 -25 -26 -27 -28 -29 -30 -31
leaf_value=-0.012247289897929324 -0.099837907013369837 0.11361621331128091 -0.33690914824604989 -0.31874813932483481 -0.5994113808870315 0.28930142205641712 -0.010804041451005058 -0.29931158710177208 -0.56608402269917568 0.072273197871244518 0.0493962439050495 0.33151658224624891 -0.1534029006954426 0.21048727327336869 0.0083753993355382469 -0.073115624703407683 0.33952127829486251 0.35523510652780538 0.47943360767110371 -0.055617313121242087 0.23970888220494793 -0.42250407342159868 -0.049472219517983043 0.31230720060097206 0.050616318517821252 0.1887170285302826 0.041264201221916513 0.084175958397397166 0.67337961651030043 -0.036780070514079687
leaf_weight=202 1042 517 20 59 20 86 60539 119 37 1235 2258 150 260 114 6411 692 255 100 73 174 310 102 3055 74 1452 345 11748 137 21 3142
leaf_count=202 1042 517 20 59 20 86 60539 119 37 1235 2258 150 260 114 6411 692 255 100 73 174 310 102 3055 74 1452 345 11748 137 21 3142
internal_value=0.000535924 0.0191459 -0.00788172 0.114057 0.0147359 0.134437 -0.00856414 0.0216931 -0.00736527 -0.00707883 -0.00863941 0.252878 0.019545 -0.0424845 -0.0024995 -0.098136 0.201083 0.033562 0.0470083 0.00518697 0.0139016 -0.149899 -0.0199005 -0.0409162 0.0838846 0.106801 0.0444307 0.221575 0.135466 -0.0403388
internal_weight=94749 29505 65244 1312 28193 1253 65074 25031 7259 64032 62797 170 460 374 7140 729 793 17772 12058 5714 5410 304 3648 3129 1762 519 11958 210 538 3162
internal_count=94749 29505 65244 1312 28193 1253 65074 25031 7259 64032 62797 170 460 374 7140 729 793 17772 12058 5714 5410 304 3648 3129 1762 519 11958 210 538 3162
cat_boundaries=0 1 2
cat_threshold=6 2
is_linear=0
shrinkage=0.05


Tree=97
num_leaves=31
num_cat=8
split_feature=5 9 9 9 0 5 9 7 3 1 9 0 4 9 6 0 2 3 0 9 2 9 6 2 4 1 5 2 1 5
split_gain=5342.71 14356.4 8729.67 8430.49 8259.06 7950.53 7791.5 4709.56 4403.89 4385.07 5351.82 4138.48 3884.27 3703.52 3395.3 3345.76 3890.5 3256.27 3221.59 4016.84 4630.4 3617.79 4206.37 3599.94 3773.4 3194.74 3164.06 3151.84 3134.27 5305.75
threshold=45.795608963871182 0 1 2 77.733131845096096 11.845924713308078 3 51.634196594811101 70.100111956920188 13.500000000000002 4 94.028306344772901 17.500000000000004 5 36.500000000000007 50.721663217001058 18.974596774193554 55.701513393974089 50.400292809707452 6 15.704793028322442 7 2.5000000000000004 44.013888888888893 1899.5000000000002 184.50000000000003 44.212246929247392 20.877500000000001 12.500000000000002 28.773047801037709
decision_type=8 9 9 9 8 10 9 8 10 2 9 10 2 9 2 8 10 10 8 9 8 9 2 8 2 2 10 10 2 10
left_child=1 4 9 5 8 -3 17 11 27 12 -11 13 15 14 -8 16 -2 -4 21 20 -20 22 -5 24 28 -24 -25 -1 -21 -30
right_child=2 3 6 18 -6 -7 7 -9 -10 10 -12 -13 -14 -15 -16 -17 -18 -19 19 23 -22 -23 25 26 -26 -27 -28 -29 29 -31
leaf_value=-0.19010289829689322 0.089890872924885859 -0.072131992153135774 -0.070615503928215556 0.051845015228873984 -0.4516447815975469 0.11054840388343555 -0.031596970272893668 0.18341556567396666 -0.55994108219472871 0.52321052981555005 0.12399681293302112 0.092304363372906775 0.024278648812720117 0.0062938633346404068 -0.38449613499468654 0.11469248297913322 0.68703079196122985 -0.33527420825386023 -0.75362985687596462 -0.17563377015884951 -0.16073360840691325 0.009524422761420806 -0.094646927019129662 -0.00063946090824179179 -0.36336293743680353 0.24310161550011902 0.36003159237178894 -0.062262140116199106 0.79523668662489699 -0.0098156406658051684
leaf_weight=677 47 791 2454 711 190 2411 5585 370 53 119 305 1320 1175 65854 69 290 65 122 35 239 557 5819 2539 773 138 72 66 1675 24 139
leaf_count=677 47 791 2454 711 190 2411 5585 370 53 119 305 1320 1175 65854 69 290 65 122 35 239 557 5819 2539 773 138 72 66 1675 24 139
internal_value=-0.000339978 -0.0258126 0.005198 -0.00614262 -0.133773 0.0652166 0.00246822 0.00548089 -0.109216 0.108018 0.251305 0.00457766 0.0701776 0.00295827 -0.0358403 0.204335 0.436445 -0.0828283 -0.0267454 -0.0847474 -0.192534 -0.0142682 -0.0558053 -0.0368117 -0.137776 -0.0853333 0.0277328 -0.0990598 -0.0603362 0.10872
internal_weight=94684 16909 77775 14314 2595 3202 75774 73198 2405 2001 424 72828 1577 71508 5654 402 112 2576 11112 1971 592 9141 3322 1379 540 2611 839 2352 402 163
internal_count=94684 16909 77775 14314 2595 3202 75774 73198 2405 2001 424 72828 1577 71508 5654 402 112 2576 11112 1971 592 9141 3322 1379 540 2611 839 2352 402 163
cat_boundaries=0 10 20 29 39 46 55 65 74
cat_threshold=1111560200 281034761 2147549188 18877744 524288 0 262208 131072 8392192 12 2147651624 411058197 0 2164326656 65666 1073815552 2147483650 67633152 536872968 1 537397248 2147745920 1073877248 4222984 32772 285745152 2097284 553648640 134218054 512 555745408 33689600 4342275 8192 268976128 805437444 6308880 4194564 2 4104 4 0 65536 0 0 2 525312 1141901568 6299904 1107296256 512 67112960 1075889696 100865 2147483698 16384 0 532512 2 256 1 134218272 12288 16785408 1 1064976 1074268436 54788097 1114116 2147483904 8404993 134283280 69632 1343488
is_linear=0
shrinkage=0.05


Tree=98
num_leaves=31
num_cat=13
split_feature=9 10 9 0 4 9 9 1 1 4 9 9 4 9 9 5 9 9 3 0 2 5 4 9 0 3 2 3 0 9
split_gain=6131.56 5094.44 8631.9 10547.7 5708.47 6102.06 5592.17 6137.36 5073.46 4570.13 4411.28 4093.63 3774.5 10324.3 9174.73 4311.37 6759.53 4459.03 5348.33 3918.41 3674.25 3658.81 3645.59 4122.84 4377.36 3853.6 3459.44 5768.44 5393.45 5278.48
threshold=0 1 2 53.953294367046304 421.50000000000006 3 4 71.500000000000014 218.50000000000003 8.5000000000000018 5 6 720.50000000000011 7 8 45.481174107858614 9 10 1.0000000180025095e-35 68.086552626471558 21.530330882352946 89.653789790195233 2029.5000000000002 11 23.203577540874075 46.244504088170778 21.995305164319252 63.921446302941128 46.424754930423383 12
decision_type=9 9 9 10 2 9 9 2 2 2 9 9 2 9 9 10 9 9 10 10 8 10 2 9 8 10 10 10 8 9
left_child=-1 2 9 -4 5 -5 7 -3 11 -2 -8 -6 14 21 -12 17 -17 26 -19 -15 -11 -14 23 24 -22 -26 27 28 -16 -28
right_child=1 6 3 4 8 -7 10 -9 -10 20 12 -13 13 19 15 16 -18 18 -20 -21 22 -23 -24 -25 25 -27 29 -29 -30 -31
leaf_value=-0.10313571634459839 0.33746432899826706 0.059903434053686956 0.27083532670468796 0.10591470711693143 0.031307958264099905 -0.098096417112663245 -0.045617320469643452 -0.81823293089866633 -0.22951319015632243 -0.098760298760981996 0.04784809890587563 0.15040138885918347 0.006111824967593495 -0.069134122537257078 -0.019296921399221307 -0.060289079858817429 0.086919436902260297 -0.38886871075426993 0.0020597231980836353 -0.010336894384166512 -0.43580066074024554 0.21747463173390444 -0.035834091959005825 -0.043194191179512224 0.25580074829928368 0.052066259583940303 0.14776189992142905 -0.3525451168337384 -0.14386656234468545 -0.035407295318147278
leaf_weight=1398 99 3881 635 566 1199 1000 6435 20 118 921 10575 1877 18834 8567 2296 1109 2581 88 15126 4234 44 207 3121 1309 249 3420 445 185 1398 2895
leaf_count=1398 99 3881 635 566 1199 1000 6435 20 118 921 10575 1877 18834 8567 2296 1109 2581 88 15126 4234 44 207 3121 1309 249 3420 445 185 1398 2895
internal_value=0.000427865 0.00198825 0.0291537 0.0792759 0.0538877 -0.0243107 -0.00302869 0.0552597 0.092228 -0.000411516 -0.00606843 0.10457 -0.0023492 -0.014946 0.00858012 -0.00733168 0.0427493 -0.0155728 -0.000201332 -0.0496478 -0.00410236 0.00840519 0.00660376 0.0329774 0.0597867 0.0658929 -0.0479013 -0.0800856 -0.0664405 -0.0106666
internal_weight=94832 93434 14558 5395 4760 1566 78876 3901 3194 9163 74975 3076 68540 31842 36698 26123 3690 22433 15214 12801 9064 19041 8143 5022 3713 3669 7219 3879 3694 3340
internal_count=94832 93434 14558 5395 4760 1566 78876 3901 3194 9163 74975 3076 68540 31842 36698 26123 3690 22433 15214 12801 9064 19041 8143 5022 3713 3669 7219 3879 3694 3340
cat_boundaries=0 10 11 21 31 40 50 58 67 77 85 95 104 113
cat_threshold=32768 1614413824 134217728 8391168 402653312 67174400 268571652 337658880 612369536 2 2 50331776 262144 98304 140288 4416 1108344833 8437905 4333568 16777216 16 4194304 4194304 2147745793 17825792 134144 2147483648 33554432 536870912 0 12 2248286276 134225952 131216 2147483664 16842762 1075838976 2684354832 2151677952 138428680 1032 8388608 36708356 38010884 1073882624 9961472 819202 1048578 590400 32 0 0 2147745797 0 0 0 0 16777216 134236160 4456448 32800 1024 2147483712 0 41 16912384 16777216 553713840 4456448 2147778592 135267328 256 4097 159384192 665600 1089536 8 2560 33028 268959745 285220864 2048 268435456 33570816 70144 1079007232 2432699413 595968 32 557120 2147485696 65568 537137152 17039360 1 16777216 0 0 9216 64 1108344833 8388736 139264 16777216 16384 0 589824 0 524288 0 0 0 17039360
is_linear=0
shrinkage=0.05


Tree=99
num_leaves=31
num_cat=15
split_feature=11 9 9 9 10 9 9 4 0 2 0 6 2 9 9 9 9 4 9 9 6 4 4 3 10 9 1 1 3 0
split_gain=7705.6 15163.4 8157.12 7389.24 5008.49 7291.16 7131.12 4911.18 8613.36 6016.3 4660.73 4241.55 3942.9 10893.9 7599.52 6495.33 4894.73 5332.89 13537.9 4628.73 4612.38 4811.42 4254.49 4005.48 3781.67 3701.87 4580.66 3467.37 3411.89 3369.84
threshold=0 1 2 3 4 5 6 3540.5000000000005 71.968849941353682 24.005617977528093 50.721663217001058 110.50000000000001 29.566132167152578 7 8 9 10 223.50000000000003 11 12 37.500000000000007 10.500000000000002 7401.5000000000009 69.819064776536308 13 14 3.5000000000000004 98.500000000000014 69.605450241439357 63.480483877733398
decision_type=1 9 9 9 9 9 9 2 10 10 10 2 8 9 9 9 9 2 9 9 2 2 2 10 9 9 2 2 10 8
left_child=3 24 7 -1 5 -5 11 -3 9 -9 -11 -6 13 23 -14 20 -15 18 28 -19 21 -16 -17 27 -2 26 -7 -8 -18 -27
right_child=1 2 -4 4 6 25 12 8 -10 10 -12 -13 14 16 15 22 17 19 -20 -21 -22 -23 -24 -25 -26 29 -28 -29 -30 -31
leaf_value=0.070984738743395587 -0.090378662203680807 0.13873910569411271 -0.029503428643782179 0.16546105719540405 -0.085492413460076577 0.21493477309871484 0.044393271879240068 0.67432527368267381 0.8956904245459516 0.44142665378749374 -0.18578591712323955 0.36156814724758823 -0.078148558161303325 -0.073586730032562428 0.39377018634850786 0.0097352667620997767 0.16796345972105603 -0.089688827851538422 -0.017159726250473985 -0.017062646313786831 0.50371336827383328 0.068358010077673018 0.27754430359841992 0.54983585916459565 -0.21080787747931004 -0.074131589158458397 0.038365394022609661 0.59268933154385672 0.57622738574390053 0.013784669929823698
leaf_weight=4092 1701 1329 7332 924 3034 398 5047 24 23 32 398 54 2231 4907 120 31511 978 2863 3595 9351 68 2127 149 40 1114 1380 4764 29 54 5186
leaf_count=4092 1701 1329 7332 924 3034 398 5047 24 23 32 398 54 2231 4907 120 31511 978 2863 3595 9351 68 2127 149 40 1114 1380 4764 29 54 5186
internal_value=0.000146973 -0.0373838 -0.00604092 0.00555824 0.00215187 0.0309622 -0.00336164 0.0888501 -0.0482861 -0.0961087 -0.13911 -0.0774239 0.000276256 -0.0142372 0.011045 0.01692 -0.0296765 -0.0168462 0.0288575 -0.0341739 0.0975924 0.0857365 0.0109922 0.0513528 -0.138614 0.0202336 0.0518787 0.0475258 0.187509 -0.00468587
internal_weight=94855 11953 9138 82902 78810 12652 66158 1806 477 454 430 3088 63070 26864 36206 33975 21748 16841 4627 12214 2315 2247 31660 5116 2815 11728 5162 5076 1032 6566
internal_count=94855 11953 9138 82902 78810 12652 66158 1806 477 454 430 3088 63070 26864 36206 33975 21748 16841 4627 12214 2315 2247 31660 5116 2815 11728 5162 5076 1032 6566
cat_boundaries=0 1 11 21 31 32 42 51 60 70 79 88 98 108 109 118
cat_threshold=2 33622016 0 786592 2115592 34816 9437188 67310144 537010176 18128896 33 2684376576 5 0 1224746032 524544 100663296 8404992 4352 2 4 2785280 138420264 528 2147500032 196736 134823936 71303426 2148007936 2152726536 16 2 4210688 0 33554432 2097160 527360 67108864 0 68157440 8256 9 536887440 8536576 169869312 4608 1095238146 110108672 805306368 69206017 16448 33822824 16781312 16781344 1077936162 12 268439554 41944612 536879104 133122 33559112 1073807360 20971520 4196386 8 2147483658 167805984 805306368 534 9 3288335360 524432 1073742216 17826060 4096 18874368 2156134400 458752 553910272 3226468352 526416 1073782916 269485056 2103296 16777216 3240382464 196608 537133088 65536 262144 2147483905 65556 2147483648 1 65553 1048576 32768 12 0 1 2151678208 2162688 0 1 65552 1048576 32768 12 50 17827840 0 262149 8192 2147516481 2190475265 0 553656320 16843776
is_linear=0
shrinkage=0.05


Tree=100
num_leaves=31
num_cat=13
split_feature=9 9 11 9 9 2 2 0 3 9 9 5 9 9 4 4 9 9 9 2 5 6 0 4 9 5 3 5 4 1
split_gain=5070.27 4532.43 4121.7 13256.1 5998.03 5841.9 5686.5 12054.1 5831.65 5589.44 5157.03 5058.14 5013.41 4858.62 4690.09 4446.46 4944.52 4742.34 4144.94 3955.82 3602.21 4857.71 4444.74 3547.51 3336.74 4408.42 3553.12 3271.89 3269.52 3222.31
threshold=0 1 2 3 4 42.751288659793822 29.751344086021508 41.245453855046541 49.069201331543333 5 6 76.472064941311501 7 8 2376.5000000000005 1461.5000000000002 9 10 11 14.251262626262628 56.407469600951856 29.500000000000004 46.999730862001051 218.50000000000003 12 62.505106424589471 49.848433795382142 4.7423507869229882 1478.5000000000002 391.50000000000006
decision_type=9 9 1 9 9 10 8 10 10 9 9 10 9 9 2 2 9 9 9 8 10 2 8 2 9 8 8 8 2 2
left_child=-1 -2 4 6 14 12 7 -4 -9 -5 11 -8 -6 -7 27 16 23 19 -15 -17 22 28 -19 24 25 -14 -27 -3 -22 -25
right_child=1 2 3 9 5 13 10 8 -10 -11 -12 -13 15 18 -16 17 -18 20 -20 -21 21 -23 -24 29 -26 26 -28 -29 -30 -31
leaf_value=-0.10426384605809147 0.063701468113433884 -0.14736928972360411 0.029458146675721431 -0.11884943738378946 -0.062653819718827428 -0.11403602174384993 -0.032802294653822263 1.2446834105253222 0.36164629818930027 -0.033000975318658581 0.19328157096421958 0.35103594319687947 0.59888520707045834 0.12746928142582578 -0.45398424899764356 0.05009623920009202 -0.0082078511579347663 0.0034406036784254881 0.016022246927075556 -0.16727029080208183 -0.63409940217222482 0.15185359465453366 -0.081522329895057866 0.014994277850966973 0.018510528048401555 -0.29307494156244324 0.18842063501055362 0.033866214993735953 -0.0061817065944747797 0.32342823079262661
leaf_weight=1167 2715 253 561 2847 4980 682 1852 20 287 5719 341 90 62 861 50 259 22099 2784 20183 1091 21 602 3443 3176 461 41 585 15871 1618 87
leaf_count=1167 2715 253 561 2847 4980 682 1852 20 287 5719 341 90 62 861 50 259 22099 2784 20183 1091 21 602 3443 3176 461 41 585 15871 1618 87
internal_value=-0.00113393 0.000162445 -0.00174159 -0.0294203 0.00235257 -0.00461833 0.058177 0.167295 0.419173 -0.0616389 0.0169449 -0.0149368 -0.0156579 0.0163698 0.0295049 -0.0091959 0.00144665 -0.0379428 0.0206404 -0.124645 -0.0239449 0.0303872 -0.0435367 0.0497104 0.125378 0.193898 0.156885 0.0310225 -0.014227 0.0232179
internal_weight=94808 93641 90926 11717 79209 63035 3151 868 307 8566 2283 1942 41309 21726 16174 36329 26511 9818 21044 1350 8468 2241 6227 4412 1149 688 626 16124 1639 3263
internal_count=94808 93641 90926 11717 79209 63035 3151 868 307 8566 2283 1942 41309 21726 16174 36329 26511 9818 21044 1350 8468 2241 6227 4412 1149 688 626 16124 1639 3263
cat_boundaries=0 10 20 21 30 39 49 58 68 78 86 94 104 111
cat_threshold=128 2097152 136316936 545259520 1207960064 69218312 1342177282 6308867 2214609024 2 168040 134283296 302121488 18874368 16982022 1090584580 536871168 524288 134217736 4 2 537936384 8421893 2152759296 1074857008 2147483680 33554432 134234113 4352 16 2052 4194688 262144 134236172 35264 143671296 83886176 269617152 1049092 302057476 0 262177 134234120 34816 9437184 75567680 605159424 17867264 32 0 5 2147516416 1049616 2147483648 0 134234113 0 16 536887296 1417675784 22618240 1049089 524289 1 2183184384 16777728 537133072 1 16777728 0 4 32 40 33554432 66560 256 2 8 352322048 0 2147516417 1073751040 8 0 66688 8192 0 0 2147483648 8192 0 0 8388736 8192 0 8389185 17305728 1048576 524288 0 2183135232 536870912 294912 1 0 0 2147516417 1073751040 0 0 65664
is_linear=0
shrinkage=0.05


Tree=101
num_leaves=31
num_cat=12
split_feature=9 9 7 9 0 7 9 9 0 0 9 9 9 3 6 3 9 5 9 0 6 7 5 3 4 6 9 0 9 4
split_gain=5615.84 4797.88 4355.76 5781.05 3712.45 3694.24 15374.1 6149.04 3864.5 3634.3 8243.02 7190.56 5412.02 4358.07 4286.28 4249.76 3935.72 4333.03 8815.27 4200.24 4134.88 4215.59 3877.24 4512 3854.53 3441.78 3201.09 5607.75 6624.58 3863.76
threshold=0 1 49.953826078376224 2 67.605199405453092 50.08646451795078 3 4 66.992076082572865 33.397179521643693 5 6 7 17.315759227860799 21.500000000000004 15.754851117370576 8 54.939230031418688 9 27.782181643278459 8.5000000000000018 50.406032221939505 61.769839193746655 60.388335060749306 1366.5000000000002 29.500000000000004 10 4.4405176701480249 11 173.50000000000003
decision_type=9 9 10 9 10 10 9 9 10 10 9 9 9 10 2 10 9 10 9 8 2 10 10 10 2 2 9 10 9 2
left_child=25 4 3 -3 -2 6 -4 8 -8 11 -11 14 13 15 22 -12 19 26 20 -13 21 -19 -7 -24 -22 -1 -18 28 29 -28
right_child=1 2 5 -5 -6 9 7 -9 -10 10 12 16 -14 -15 -16 -17 17 18 -20 -21 24 -23 23 -25 -26 -27 27 -29 -30 -31
leaf_value=0.10018526209141676 -0.069797637142485436 -0.048634307940872451 0.095451364557061977 0.1276970190215084 -0.55651602864265448 0.042354122383609714 -0.31998567741681289 -0.068609395487480004 -0.054252500754872757 -0.19837229259111622 0.20131340348318721 -0.016996667449770932 0.0057024716999810893 0.065161008972835985 0.3739089771698822 0.88944256057341908 0.011917662423810163 -0.12172590307891369 -0.015782521914773352 -0.17384475670983732 0.80633960342214961 0.34095445144630504 -0.029739607665045509 0.80829330057733595 0.24652083032443875 -0.3477177861739289 0.090982290598157364 -0.019320909196127445 -0.16108872283460304 -0.081099030311986564
leaf_weight=1700 1907 685 1367 1423 40 2118 470 2640 193 473 89 837 55345 2525 110 30 4991 80 765 871 62 128 29 36 61 44 543 12509 1678 817
leaf_count=1700 1907 685 1367 1423 40 2118 470 2640 193 473 89 837 55345 2525 110 30 4991 80 765 871 62 128 29 36 61 44 543 12509 1678 817
internal_value=-0.00025539 -0.00193001 -0.00026189 0.0707728 -0.0793892 -0.00194882 -0.0452339 -0.103435 -0.239025 0.00045485 0.00733773 -0.0152419 0.00904829 0.0787987 0.0690717 0.374791 -0.023544 -0.0177487 0.079109 -0.0964173 0.290132 0.163 0.0540275 0.434402 0.528706 0.0883782 -0.0229262 -0.0340977 -0.0950534 -0.0123026
internal_weight=94566 92822 90875 2108 1947 88767 4670 3303 663 84097 58462 25635 57989 2644 2293 119 23342 21634 1096 1708 331 208 2183 65 123 1744 20538 15547 3038 1360
internal_count=94566 92822 90875 2108 1947 88767 4670 3303 663 84097 58462 25635 57989 2644 2293 119 23342 21634 1096 1708 331 208 2183 65 123 1744 20538 15547 3038 1360
cat_boundaries=0 9 19 27 37 47 55 64 73 83 92 102 111
cat_threshold=25296964 134217728 2097688 541327360 18948102 1143013378 2148007936 525312 134217736 48 537412608 709885952 8389120 135266304 268437504 553648128 2214610962 612371584 2 138741888 65536 557060 137363465 256 134217728 0 16785408 138414080 4194324 1073750304 82994 2148014080 2189426688 98336 256 17891328 16 269484040 2147483649 0 1090519040 320 1048576 8405504 8192 32834 8 2147483656 80 1073741824 65804 1077940224 16793600 0 262144 373293064 4264064 143360 2105608 1073745984 1703937 302383106 268435456 16642 2015657984 8388616 17301504 17979393 132104 0 209716224 69632 512 0 276824072 65568 6144 689288 2147483648 32784 555753472 4202496 9 0 0 2147745796 32 2147483648 0 10551328 1048576 262144 2147484160 2147747840 1073741952 1342242884 4195104 184549380 4741 131072 17956932 4 134828032 512 2164293632 17424 0 16392 82952 1409280 360960
is_linear=0
shrinkage=0.05


Tree=102
num_leaves=31
num_cat=12
split_feature=5 9 10 9 9 9 0 0 3 7 0 5 3 7 9 2 9 3 9 0 9 6 7 11 3 9 0 5 9 0
split_gain=4914.45 5222.42 3997.72 6583.96 5222.29 4257.78 4152.38 3807.69 4159.13 4357.03 3621.58 3446.76 3331.9 3181.88 8866.61 5391.67 3346.33 4841.24 3129.45 2977.99 3873.38 3960.35 3355.21 3586.32 3721.29 3297.16 3040.11 2965.82 10566.9 3944.96
threshold=83.632865569122529 0 1 2 3 4 44.968849813500348 58.188405185628987 58.641833333918278 50.299983685339924 45.851906481394302 1.3358493591095892 64.674564579882954 50.671027177339383 5 13.007352941176473 6 70.100111956920188 7 91.84349373894743 8 170.50000000000003 50.564763596954528 9 15.904169539288441 10 16.591805785355536 42.427067982942333 11 66.635617484301534
decision_type=10 9 9 9 9 9 10 10 10 10 8 8 10 10 9 8 9 10 9 10 9 2 10 1 8 9 8 8 9 8
left_child=2 10 3 6 -4 12 -1 13 9 -9 -2 -7 -6 16 15 -15 -5 -18 -16 20 22 27 -13 24 26 -26 -24 28 -22 -30
right_child=1 -3 4 7 5 11 -8 8 -10 -11 -12 19 -14 14 18 -17 17 -19 -20 -21 21 -23 23 -25 25 -27 -28 -29 29 -31
leaf_value=-0.11343050169465599 0.88019666552543652 0.034487028562034276 0.16177917128170521 -0.055229700400399651 -0.055319225625853834 -0.38504579332575467 -0.82132280403304669 -0.55814808088501822 -0.62706357342004782 0.065106594619976588 0.19171909289324984 0.012314805463841828 -0.37653871167983333 1.2134098628292913 0.14422780647873878 0.34713571976597718 -0.0041964692156840544 0.44262632337078212 -0.059947964299569223 0.065922900886339203 0.0084310828736159256 0.52836572210171395 0.06144715696573258 -0.039756725542247295 0.34124653823072876 0.074615171769028626 0.86857323540108544 0.00049452314424948862 -0.093756211932292569 -0.26751918742898856
leaf_weight=1531 20 2762 502 4085 2073 57 21 38 50 107 425 9856 84 23 295 82 9768 61 479 1886 4589 35 20 596 114 2475 28 50609 1781 400
leaf_count=1531 20 2762 502 4085 2073 57 21 38 50 107 425 9856 84 23 295 82 9768 61 479 1886 4589 35 20 596 114 2475 28 50609 1781 400
internal_value=-0.000134469 0.0607055 -0.00226349 -0.0245084 0.00263832 0.00154593 -0.122221 -0.0143155 -0.233828 -0.0982291 0.217768 0.00361119 -0.0675155 -0.0114316 0.0808288 0.490205 -0.0172601 -0.00142198 0.018718 0.00391772 0.00225904 -0.0033382 0.026793 0.0710137 0.0960494 0.0879619 0.532271 -0.00366311 -0.0347434 -0.125051
internal_weight=94852 3207 91645 16540 75105 74603 1552 14988 195 145 445 72446 2157 14793 879 105 13914 9829 774 72389 70503 57414 13089 3233 2637 2589 48 57379 6770 2181
internal_count=94852 3207 91645 16540 75105 74603 1552 14988 195 145 445 72446 2157 14793 879 105 13914 9829 774 72389 70503 57414 13089 3233 2637 2589 48 57379 6770 2181
cat_boundaries=0 8 9 18 27 36 43 53 62 71 72 80 90
cat_threshold=4198400 2147745792 128 8192 2147485696 0 8388640 1048576 96 5262348 16777216 128 278922240 2147483712 167772169 279696 16789760 17899520 134414336 65536 512 2147483648 16777216 0 2147483906 2147745792 2147483784 1048592 2097152 150996992 570425345 1208090632 1140858890 268435460 6833152 297042 0 0 0 45 256 0 8388608 1073741824 2685566976 557353 8237 256 16777216 1082131040 262144 32772 38 65536 0 32 0 0 0 512 262144 32772 25166024 134742016 1076367616 2114560 8388 271056896 525328 67109377 538443776 2 192 0 1073745920 0 0 0 1024 67108864 540672 2147745792 33595393 5255178 2148042752 8388608 144719904 553652480 256 13
is_linear=0
shrinkage=0.05


Tree=103
num_leaves=31
num_cat=15
split_feature=9 11 9 9 9 9 9 2 9 5 3 5 9 5 4 9 4 4 4 2 9 9 4 9 5 9 4 9 3 3
split_gain=5748.68 5157.56 14155.3 7351.15 6214.82 6034.2 5377.89 4718.79 9151.9 5598.01 4056.46 3685.24 3397.22 4148.92 3221.06 3016.12 4329.02 4708.67 3885.28 3612.11 4089.69 3367.08 3939.75 6728.35 4239.18 3245.44 3007.24 5405.04 3172.52 2929.79
threshold=0 1 2 3 4 5 6 29.751344086021508 7 88.864370881045019 15.754851117370576 6.0048140616166146 8 51.969516696494857 168.50000000000003 9 2323.5000000000005 1033.5000000000002 1394.5000000000002 42.408249158249163 10 11 38.500000000000007 12 43.348430255110884 13 56.500000000000007 14 29.810846539056879 89.488941011245188
decision_type=9 1 9 9 9 9 9 8 9 10 10 8 9 8 2 9 2 2 2 10 9 9 2 9 8 9 2 9 10 10
left_child=10 5 3 -3 -4 11 -7 8 -5 12 -1 -2 13 -9 -12 16 17 26 -19 21 -21 22 23 -17 -25 -26 27 28 -8 -23
right_child=1 2 4 7 -6 6 15 9 -10 -11 14 -13 -14 -15 -16 19 -18 18 -20 20 -22 29 -24 24 25 -27 -28 -29 -30 -31
leaf_value=0.59795597638839337 -0.11928657438648721 0.30512237207436899 -0.16875532917343308 0.3407346939423731 -0.049857752545242204 -0.087548119364352445 0.65641209948807955 -0.40244794241760085 -0.010508083689445733 0.72656272810239064 0.10453511834805006 0.046352877832269559 0.038453447848813757 -0.049804328126709783 -0.14792135986063978 0.46305895876922032 -0.32837836038363116 0.10588607536188893 0.017939725078201959 0.10095320553246308 0.0050391751433479914 -0.028336315727571504 -0.0015570894947524038 0.71624183246622919 -0.20731622551369375 0.081153166635011487 -0.008854488414605172 0.018508594863953794 0.20309573181911944 0.22144869886086149
leaf_weight=39 349 255 1302 314 7023 1818 48 92 441 26 1388 8877 1418 893 139 109 89 2445 2582 1169 19444 22838 11087 23 112 479 8653 889 197 118
leaf_count=39 349 255 1302 314 7023 1818 48 92 441 26 1388 8877 1418 893 139 109 89 2445 2582 1169 19444 22838 11087 23 112 479 8653 889 197 118
internal_value=-0.000880096 -0.00248293 -0.0334273 0.0518463 -0.0686331 0.00199294 -0.00288123 0.0306702 0.139946 -0.00316934 0.093816 0.0400437 -0.0110649 -0.08191 0.0815545 -0.000678986 0.0192802 0.0213819 0.0607145 -0.00605269 0.0105301 -0.0158865 0.00581264 0.118906 0.049463 0.0243508 0.00117901 0.0777397 0.280461 -0.0270406
internal_weight=94656 93090 11764 3439 8325 81326 72100 3184 755 2429 1566 9226 2403 985 1527 70282 14903 14814 5027 55379 20613 34766 11810 723 614 591 9787 1134 245 22956
internal_count=94656 93090 11764 3439 8325 81326 72100 3184 755 2429 1566 9226 2403 985 1527 70282 14903 14814 5027 55379 20613 34766 11810 723 614 591 9787 1134 245 22956
cat_boundaries=0 9 10 19 27 37 47 56 61 66 75 84 94 101 111 120
cat_threshold=8556548 402661408 2228752 2147745792 65546 2214658048 3221225734 524288 2147483656 2 536888840 8421905 2164293632 1074857008 2147483648 8 134217728 83892480 262162 536888320 8388609 0 1048608 0 8 0 67109120 2048 4 1074004000 134217728 34816 1048576 67113537 537001984 17891328 33 272105504 4260864 1610612736 537020430 384 9457664 117440512 537001984 1154 1 67110096 25706500 138412040 9441792 134218240 1093140480 268566528 6308370 536870912 0 0 32768 1024 2147483648 0 16 0 1024 2147483648 20973568 1107300808 1310980 33554448 2153779300 134217732 4751392 0 74240 65536 32769 17301632 134217728 557056 8192 10485768 262144 17072128 1207959552 2049 33554433 1075905537 1 301989898 537199624 268738560 8552516 40 0 1 33554432 1073741825 0 0 1024 1073741824 0 0 65536 0 0 0 0 64 8 0 256 262400 0 0 134217728 524288 0 66048
is_linear=0
shrinkage=0.05


Tree=104
num_leaves=31
num_cat=10
split_feature=9 9 2 0 4 5 9 0 9 5 9 4 0 4 4 3 0 9 9 3 2 5 5 9 4 0 5 5 9 9
split_gain=5523.51 4352.24 6431.74 3038.32 2934.62 2693.35 3345.92 2680.54 2606.33 3160.02 5316.71 3668.8 3686.22 3589.59 3507.21 4159.5 3872.62 5698.05 3654.24 3515.88 2876.39 3918.96 2865.86 3947.98 2734.4 2524.14 2496.59 2429.58 9438.53 4787.28
threshold=0 1 11.025000000000002 46.424754930423383 246.50000000000003 14.108538026217998 2 24.857254681626873 3 53.127671384922984 4 44.500000000000007 42.495912437561465 365.50000000000006 213.50000000000003 31.279308451672819 48.380580893955639 5 6 60.98342952966069 30.572035769485542 24.240822422786362 89.653789790195233 7 2376.5000000000005 64.558114076085886 69.703758709049552 39.24035078096653 8 9
decision_type=9 9 8 8 2 8 9 8 9 8 9 2 10 2 2 8 8 9 9 10 8 10 10 9 2 10 10 8 9 9
left_child=3 2 -2 -1 -4 6 7 -3 9 10 20 12 -12 -13 16 -16 17 -11 -18 -19 -7 -22 27 25 -17 -24 -5 28 -10 -30
right_child=1 5 4 26 -6 8 -8 -9 22 14 11 13 -14 -15 15 24 18 19 -20 -21 21 -23 23 -25 -26 -27 -28 -29 29 -31
leaf_value=-0.025607013877664432 0.88253034090995797 -0.079193950053725523 0.082858275054711356 -0.21431703541202879 -0.47459965807696181 0.13533664822373268 -0.011975023799986783 -0.28474542519068397 0.06348690488528437 -0.0059726434469952244 0.95780946195125594 -0.11538705456248942 0.0093299195879981631 0.064745265226035062 -0.061850036997880491 0.03561471685574065 -0.18078861360896439 0.17186991200514132 0.03247792616018539 0.82606258661974052 -0.0004847859247372701 0.62034197662995294 0.51212307974912119 0.029009558682808873 -0.35741737087567649 0.15854119756358101 0.13862432246858422 0.001297643076610018 -0.023952438601772055 -0.1188166300051775
leaf_weight=610 25 752 1447 563 24 892 2595 201 2033 672 20 470 21 672 2344 2667 242 934 981 21 39 73 69 1114 45 188 55 69540 3316 2230
leaf_count=610 25 752 1447 563 24 892 2595 201 2033 672 20 470 21 672 2344 2667 242 934 981 21 39 73 69 1114 45 188 55 69540 3316 2230
internal_value=0.000999129 0.00238612 0.0866991 -0.103923 0.0737631 0.0010078 -0.0417087 -0.121275 0.00271884 0.0266225 0.0798424 0.00723304 0.472003 -0.00938975 0.0119342 -0.0130688 0.0562903 0.106823 -0.0109347 0.184325 0.163695 0.404161 -0.00035827 0.0712976 0.0290932 0.243978 -0.182906 -0.00163219 -0.0285145 -0.0622417
internal_weight=94855 93627 1496 1228 1471 92131 3548 953 88583 10093 2187 1183 41 1142 7906 5056 2850 1627 1223 955 1004 112 78490 1371 2712 257 618 77119 7579 5546
internal_count=94855 93627 1496 1228 1471 92131 3548 953 88583 10093 2187 1183 41 1142 7906 5056 2850 1627 1223 955 1004 112 78490 1371 2712 257 618 77119 7579 5546
cat_boundaries=0 10 19 28 37 46 55 64 72 82 92
cat_threshold=67108880 565186560 2162688 570558464 1091043840 8192 268566528 71320578 8914944 32 143392 288 134353424 2285899776 196746 1073807360 2147483650 2148007952 2147483656 262144 264192 3225419776 4 256 16384 142656000 4352 17039360 32896 201400336 1048832 344326 65 304627714 671350808 256 258 0 0 256 16390 64 268959744 0 0 2 0 67174400 1048576 2 0 302530560 262152 0 2 32768 0 256 65538 1 540674 134217728 0 2 0 262144 0 9216 2147483648 0 8388640 131072 671105024 262272 1112276992 8264 34816 0 75514880 17899520 18227268 10 1310720 3221260356 40992 0 2147483908 0 2130468 397312 16 5
is_linear=0
shrinkage=0.05


Tree=105
num_leaves=31
num_cat=13
split_feature=9 5 9 11 9 9 4 9 9 5 10 9 1 5 9 1 2 2 2 10 4 9 6 3 1 5 5 9 4 6
split_gain=5419.1 5117.61 5752.46 4239.28 12671.7 5951.82 5475.2 4657.19 4167.88 5901.15 3907.68 6270.22 5238.77 4374.91 3793.91 3780.71 3367.46 3331.44 3268.06 3890.32 3111.69 4338.87 4275.3 3809.8 5121.58 3845.19 3606.37 3894.32 3988.52 3310.94
threshold=0 89.653789790195233 1 2 3 4 10.500000000000002 5 6 32.196239563103973 7 8 262.50000000000006 73.44603137856592 9 105.50000000000001 23.006024096385545 208.76804915514597 29.751344086021508 10 2224.5000000000005 11 22.500000000000004 58.513268400965934 51.500000000000007 71.02427230037047 46.416688465660265 12 10.500000000000002 42.500000000000007
decision_type=9 10 9 1 9 9 2 9 9 8 9 9 2 10 9 2 8 10 10 9 2 9 2 10 2 10 10 9 2 2
left_child=-1 3 -3 5 8 6 -2 -6 9 -5 11 -7 14 -14 -12 17 -13 20 19 -10 21 26 -22 -24 25 29 27 28 -16 -25
right_child=1 2 -4 4 7 10 -8 -9 18 -11 12 16 13 -15 15 -17 -18 -19 -20 -21 22 -23 23 24 -26 -27 -28 -29 -30 -31
leaf_value=-0.072232940700685602 0.30514099245874199 0.021272858592568847 0.23057949455024823 -0.42849821987850911 -0.12272928694808423 0.08761620619758137 0.049819258006788304 -0.037820416653156289 0.023523124445655713 0.32561748913390853 0.026552025584261774 -0.074311889284803215 -0.157060151642512 -0.81165614690760091 0.33874913487169478 0.055290233397180123 0.017794814927015689 0.14767740803216431 0.0024444657340566265 0.2285866043568372 -0.063804193649706492 -0.017815910632536874 0.11031962740837074 -0.14508815216216839 0.1575075221199965 0.069003007095307115 0.058191937484030176 0.028509176565204783 -0.036026986688622885 -0.51140220163539907
leaf_weight=2496 222 941 501 29 2246 3198 3876 5806 541 246 9571 1135 213 29 72 2286 7895 331 2108 407 5283 29263 758 212 194 136 3694 6006 5070 87
leaf_count=2496 222 941 501 29 2246 3198 3876 5806 541 246 9571 1135 213 29 72 2286 7895 331 2108 407 5283 29263 758 212 194 136 3694 6006 5070 87
internal_value=0.00031589 0.00228416 0.0957397 0.000802098 -0.027737 0.00488681 0.0634958 -0.0616275 0.0542084 0.237458 0.00169415 0.0275551 -0.00331262 -0.235503 -0.00242071 -0.00761788 0.00621085 -0.0104333 0.0369976 0.114221 -0.011464 -0.00665049 -0.0432931 0.0348323 -0.0561364 -0.151417 0.0153653 0.00118804 -0.0307195 -0.251675
internal_weight=94852 92356 1442 90914 11383 79531 4098 8052 3331 275 75433 12228 63205 242 62963 53392 9030 51106 3056 948 50775 44105 6670 1387 629 435 14842 11148 5142 299
internal_count=94852 92356 1442 90914 11383 79531 4098 8052 3331 275 75433 12228 63205 242 62963 53392 9030 51106 3056 948 50775 44105 6670 1387 629 435 14842 11148 5142 299
cat_boundaries=0 10 19 20 29 38 48 56 57 67 76 77 87 95
cat_threshold=0 2097408 541073408 12716032 1209532416 1073825796 1627521024 67128577 536871168 6 16384 0 2147745793 8192 64 1 640 16785408 65536 2 671110664 33281 1081472 1090520097 2147483904 2181038080 142606341 16781312 524338 557088 1207959584 1342177808 2684370944 2164898 218107904 790528 2148007936 138414088 2148075520 2048 1074528288 16392 0 76546048 67174976 537001984 17899520 1 536892936 0 0 16777248 0 0 0 4096 2 22036480 4194304 33816708 2097152 2147648512 9437184 0 1048576 16843840 9 33619984 4198400 134418688 151064608 5 270671872 2214593793 4325376 1089536 48 1480591360 2147747856 17858561 268436492 16778312 0 276857538 553910272 0 8 1212155904 2147485712 1 268435464 1096 0 512 553648128
is_linear=0
shrinkage=0.05


Tree=106
num_leaves=31
num_cat=11
split_feature=9 9 2 5 1 10 9 9 4 9 9 6 9 9 2 9 2 7 4 5 1 5 3 2 9 1 1 5 3 4
split_gain=6657.12 4825.42 4057.69 4001.63 7759.18 3303.04 7918.35 5371.28 3664.56 14012.6 7065.69 6090.13 4112.5 4028.31 3631.19 3581.08 5648.37 5209.03 3049.71 3036.11 3996.64 2965 2928.05 2926.29 4028.37 3643.8 7487.85 2816.11 3618.53 2852.67
threshold=0 1 13.007352941176473 53.127671384922984 24.500000000000004 2 3 4 471.50000000000006 5 6 7.5000000000000009 7 8 14.008620689655174 9 28.059262510974545 47.55051835618611 428.50000000000006 64.859037862742298 8.5000000000000018 37.157473267602846 72.936448897430552 42.751288659793822 10 135.50000000000003 122.50000000000001 46.731955824456698 68.691291717074975 14.500000000000002
decision_type=9 9 8 10 2 9 9 9 2 9 9 2 9 9 10 9 8 10 2 10 2 10 10 10 9 2 2 8 8 2
left_child=3 2 -2 -1 -5 6 14 -7 9 -9 11 13 21 -10 -3 16 17 -11 -19 -13 -21 -12 27 24 25 26 -14 -4 -29 -30
right_child=1 5 22 4 -6 7 -8 8 10 15 12 19 23 -15 -16 -17 -18 18 -20 20 -22 -23 -24 -25 -26 -27 -28 28 29 -31
leaf_value=-0.12372859610726875 0.77716316556930543 0.23299919146714579 0.58336178534306016 -0.027675908741176775 0.69440290006094196 -0.066002318830985146 0.0045086530300254618 0.085791963801363239 -0.18539469938443504 0.78795720849718365 -0.0014504620119746479 -0.031735829922214145 0.0059555530175800613 -0.069266651585204495 0.068812330659416984 0.0040639690185826621 -0.10667538675646296 0.0094540211873128249 -0.24567909655729081 0.30178195525555923 0.016344779723801005 0.14095082925238017 -0.14828036701102265 0.016391024467116318 -0.044418449437991191 -0.13831351587770288 0.44333223613458828 0.05305339318984155 0.83132432503946907 0.2032353268315395
leaf_weight=1657 25 384 39 276 43 3598 25725 5031 1028 21 652 2078 8466 2852 2737 16207 2095 2454 123 169 447 832 82 8592 8293 429 99 282 29 48
leaf_count=1657 25 384 39 276 43 3598 25725 5031 1028 21 652 2078 8466 2852 2737 16207 2095 2454 123 169 447 832 82 8592 8293 429 99 282 29 48
internal_value=-0.00146442 0.000473789 0.153099 -0.0920431 0.0696576 -0.000377651 0.0136485 -0.00675384 -0.00318264 0.0109686 -0.0139964 -0.0604983 -0.00280116 -0.100691 0.0887292 -0.00708038 -0.0454936 0.00366772 -0.00272346 -0.00283585 0.0946547 0.0778617 0.123785 -0.00745497 -0.0193112 0.00388417 0.011011 0.179839 0.136002 0.439788
internal_weight=94793 92817 505 1976 319 92312 28846 63466 59868 25931 33937 6574 27363 3880 3121 20900 4693 2598 2577 2694 616 1484 480 25879 17287 8994 8565 398 359 77
internal_count=94793 92817 505 1976 319 92312 28846 63466 59868 25931 33937 6574 27363 3880 3121 20900 4693 2598 2577 2694 616 1484 480 25879 17287 8994 8565 398 359 77
cat_boundaries=0 10 19 20 30 40 49 59 65 75 84 93
cat_threshold=32920 1092748288 134217728 6144 524288 16844800 229376 2220966931 134219776 2 131072 0 2097168 2684616704 16973827 1073741824 33554432 0 4194312 6 22025280 2151677952 528392 264 2147486724 203423752 2883888 0 33920 5 20480 135331856 4730888 25166080 1024 2217746440 342 32768 536937472 5 0 8392832 2147517220 8192 8192 8404992 142623360 1191936 1097728 4196352 0 4 1073741828 32768 8388608 142623232 1056768 32768 8 33554432 0 0 16 256 33554432 4196352 0 0 0 0 0 8404992 0 32768 8 1124074560 536870944 1073807361 3145755 2149580864 4096 608436256 285213184 131588 134283264 4194304 262400 82944 64 0 41 131072 17833984
is_linear=0
shrinkage=0.05


Tree=107
num_leaves=31
num_cat=12
split_feature=9 5 9 9 0 3 0 0 11 9 9 9 5 2 0 2 0 1 9 1 0 1 7 9 7 9 9 1 9 7
split_gain=4562.5 4031.26 3649.71 3645.7 6919.03 3119.98 2995.36 2989.23 2741.75 12718.9 6057.11 4297.16 3942.54 4687.82 5790.28 5546.44 5073.05 3706.02 3658.38 3419.98 3380.83 3174.03 3077.97 5173.74 4705.63 9711.37 3227.77 3686.82 3214.99 3743.65
threshold=0 89.653789790195233 1 2 40.491958579579268 72.249895390562457 97.201463845755896 26.068114313825394 3 4 5 6 51.248225875779532 39.334770114942536 20.255273246868686 43.02782012195123 63.695287304293679 7.5000000000000009 7 346.50000000000006 28.257300674512759 408.50000000000006 49.990081222148213 8 50.046651014032918 9 10 133.50000000000003 11 50.737676153841029
decision_type=9 10 9 9 8 10 10 10 1 9 9 9 8 8 10 8 10 2 9 2 8 2 10 9 10 9 9 2 9 10
left_child=-1 3 -3 4 7 -6 8 -2 11 12 17 19 -10 14 -14 16 -15 20 -13 -5 -11 -17 23 -20 25 -24 27 -27 29 -26
right_child=1 2 -4 6 5 -7 -8 -9 9 10 -12 18 13 15 -16 21 -18 -19 22 -21 -22 -23 24 -25 28 26 -28 -29 -30 -31
leaf_value=-0.082054274036268332 0.29465434357523917 0.016670324627218406 0.18097174720396683 -0.042734762772548569 0.12145602635078832 -0.46962178430209561 0.1578942069845895 1.1223205269003909 -0.13341820961342449 -0.10008588764308529 -0.040759976736358575 0.040673718723051117 -0.067268163242014276 -0.097205720660654277 0.20799561359567692 0.076856676921682604 -0.73821203036186023 -0.11041475475359593 -0.067235331456974676 -0.38836648050848754 -0.48466282318520471 -0.32197237133693241 -0.23808792923515643 0.12457483044024341 0.032742872606734329 0.16039544037859974 -0.054081093752786594 -0.11342396540676847 -0.0028686143214528216 -0.050142290910615485
leaf_weight=1629 20 812 580 3656 320 24 300 24 226 88 8016 6740 236 148 1003 1227 39 454 492 73 163 52 611 1192 12842 444 1354 170 50463 1524
leaf_count=1629 20 812 580 3656 320 24 300 24 226 88 8016 6740 236 148 1003 1227 39 454 492 73 163 52 611 1192 12842 444 1354 170 50463 1524
internal_value=0.000644959 0.00209755 0.0865491 0.000818614 0.151819 0.080218 0.000161792 0.746109 -0.000356973 -0.0230089 -0.0532671 0.00296049 0.0669757 0.0839661 0.155564 0.0234542 -0.230892 -0.192917 0.00553952 -0.0493686 -0.349831 0.0606416 0.00210675 0.0688758 0.000439026 -0.0657952 -0.011038 0.0832268 0.00307393 0.0239334
internal_weight=94922 93293 1392 91901 388 344 91513 44 91213 11652 8721 79561 2931 2705 1239 1466 187 705 75832 3729 251 1279 69092 1684 67408 2579 1968 614 64829 14366
internal_count=94922 93293 1392 91901 388 344 91513 44 91213 11652 8721 79561 2931 2705 1239 1466 187 705 75832 3729 251 1279 69092 1684 67408 2579 1968 614 64829 14366
cat_boundaries=0 10 19 28 29 39 49 59 69 79 89 98 108
cat_threshold=80 270532608 1073741824 41945601 1079058432 1073752064 655360 337657872 541067456 2 0 0 2147745921 8192 64 1 640 1048576 65536 67239936 134218752 134349312 0 16777216 65536 2147483648 2148008960 8 2 537939980 8388628 4194304 1360012336 2147483904 2181038080 16389 16781568 18 4 33622016 0 160 0 0 1048576 67109440 537034752 17825792 32 536887940 613957632 6291456 2148536320 134348802 0 301989894 67840 2147631138 8 1107888160 256 587202576 402669572 4225 19398656 608174144 541065217 1572864 4 134217728 65536 557060 2097152 320 0 0 0 0 1 0 262144 557056 1073741824 32832 269484032 8405504 4096 41984 17 0 4194304 65536 20972592 2147483648 2155872256 98336 262144 65536 268468224 1094815880 524288 2228480 2632 9437184 1076105984 16916480 9216 1
is_linear=0
shrinkage=0.05


Tree=108
num_leaves=31
num_cat=12
split_feature=9 11 9 9 9 5 9 2 9 0 5 0 5 0 3 7 2 9 0 9 9 9 2 10 5 3 3 5 3 3
split_gain=5143.05 3763.13 10297 5408.48 5314.14 4582.37 4087.26 3994.72 3671.21 3553.01 4588.51 3455.08 3273.53 3214.94 2822.63 3263.44 2716.32 5081.42 4587.83 5317.14 4032.5 3661.94 3825.6 3039.33 3343.74 3845.82 2980.27 2919.4 3447.58 2807.76
threshold=0 1 2 3 4 76.472064941311501 5 29.751344086021508 6 26.909970223445381 65.963148212298066 70.344904827256087 12.856483864525586 55.520394700283909 52.772500916585436 50.232884762325021 42.751288659793822 7 40.855805495825827 8 9 10 57.337719298245624 11 78.577697037788013 49.516062982869634 64.064612321799913 23.109042785095685 35.036359930215106 67.593805405691882
decision_type=9 1 9 9 9 10 9 8 9 10 8 8 8 10 10 10 10 9 10 9 9 9 10 9 10 10 10 10 10 10
left_child=14 4 5 11 -2 6 -3 9 -6 -8 13 -4 -10 -11 -1 -16 20 -18 21 26 23 22 -19 -14 25 27 -20 28 -25 -26
right_child=1 2 3 -5 8 -7 7 -9 12 10 -12 -13 16 -15 15 -17 17 18 19 -21 -22 -23 -24 24 29 -27 -28 -29 -30 -31
leaf_value=0.34867604832572779 0.047783798382374856 0.20856166074787563 -0.091971059049598264 -0.030684372417892455 -0.056865964127714122 0.37580206405132194 -0.025918037620400583 -0.016021534608372658 -0.058238190154992167 0.077172709597369382 0.29924203316169279 -0.25884119270695854 0.090265703194761196 -0.61973231512567273 0.48824959823063446 0.01034950263580019 0.071739807089785321 0.065797370548049613 -0.26225884839518304 0.018603473093313543 -0.0073863144643969789 -0.041410401440191605 -0.40484442974549611 -0.0010016992238270816 0.50547370032453143 -0.058314515652020997 0.37312147319316868 0.15230374301719196 0.3952822806019532 -0.085332589844862625
leaf_weight=153 6704 327 1547 7221 2603 109 237 1790 2089 59 333 388 1854 23 42 239 3794 60 239 19396 40496 1362 154 1478 61 1458 20 505 57 30
leaf_count=153 6704 327 1547 7221 2603 109 237 1790 2089 59 333 388 1854 23 42 239 3794 60 239 19396 40496 1362 154 1478 61 1458 20 505 57 30
internal_value=0.00213492 0.00133599 -0.024781 -0.050686 0.00515222 0.0576086 0.0452911 0.022482 0.00136807 0.128534 0.21674 -0.124786 0.00345055 -0.118301 0.171909 0.0817794 0.005267 0.0185209 0.00897266 0.0155585 -0.00195301 -0.0731049 -0.260706 0.0384138 0.0114519 0.00369966 -0.205269 0.0480216 0.0137137 0.310702
internal_weight=94828 94394 12034 9156 82360 2878 2769 2442 75656 652 415 1935 73053 82 434 281 70964 25025 21231 19655 45939 1576 214 5443 3589 3498 259 2040 1535 91
internal_count=94828 94394 12034 9156 82360 2878 2769 2442 75656 652 415 1935 73053 82 434 281 70964 25025 21231 19655 45939 1576 214 5443 3589 3498 259 2040 1535 91
cat_boundaries=0 9 10 20 30 39 47 56 66 76 86 93 94
cat_threshold=139264 134217728 134218240 0 65536 1073750016 2148008192 524288 8 2 2718979076 8421889 1081344 1225794608 2147483648 0 134234113 6400 131074 4 272697344 16777220 1073741872 2099200 34816 210780160 71307856 604110848 17866752 1 40 1077937168 1342177296 2684372992 4194432 2359820288 67112992 536870914 2705326464 2685424640 512 0 17825824 0 0 16384 4352 539497088 547012608 5242880 1053288 1048608 69642 0 4210688 8912896 4261888 325 524424 134348800 2148015104 1 44040208 4096 262208 1 67108864 0 0 16777216 12 33554432 263168 768 0 12 2282750016 268435456 2629632 16777222 16785672 33570816 419431490 40976 1049606 4 0 2147483648 262177 0 256 0 512 10
is_linear=0
shrinkage=0.05


Tree=109
num_leaves=31
num_cat=8
split_feature=9 9 2 5 0 3 9 5 0 0 7 0 5 0 10 7 0 10 7 3 10 9 2 7 1 9 5 0 3 7
split_gain=4669.93 3534.93 3388.8 2787.64 4794.36 2736.63 2418.41 2736.78 2906.16 2764.47 3219.56 2710.47 2410.68 2363.09 2195.19 3419.75 2395.08 2186.41 2056.64 2016.74 1989.1 6215.09 4044.43 5835.99 3516.71 4474.93 4294.43 3608.73 3837.45 3429.43
threshold=0 1 11.025000000000002 9.8498130190102735 23.621225375341169 77.311278236377248 2 79.294303290101013 53.953294367046304 26.909970223445381 50.695256832981087 12.028580413148415 89.653789790195233 97.201463845755896 3 49.953826078376224 31.882308941364528 4 50.814299645612344 47.04149721763104 5 6 18.671171171171178 50.424908815246077 77.500000000000014 7 38.581922392636109 20.255273246868686 46.396602688492628 50.445065134732957
decision_type=9 9 8 8 8 8 9 10 8 8 10 10 10 10 9 10 10 9 10 10 9 9 8 10 2 9 8 8 10 10
left_child=2 5 19 4 -3 -2 7 9 -9 10 -5 -12 -4 20 15 16 -11 -6 -16 -1 21 22 23 -8 25 27 -27 -24 -29 -26
right_child=1 3 12 6 17 -7 13 8 -10 14 11 -13 -14 -15 18 -17 -18 -19 -20 -21 -22 -23 24 -25 29 26 -28 28 -30 -31
leaf_value=0.86221052855253222 -0.062088580991172898 -0.023369634057005262 0.059453134674609567 -0.0031844940911307895 -0.016991023845529477 -0.53594445682341052 0.065669194553807694 0.71188813731783918 0.088219561550171077 0.40428786269605976 0.69371383366142891 0.12342381670668319 0.59804322719573977 0.13565507104510771 -0.1003510177923575 -0.047179576917905308 -0.089526670768454275 -0.30365358422547578 -0.35846975585445762 0.23599627796146605 0.00010481323028510374 0.076483549674139353 -0.42910413953565785 -0.2916637328908826 -0.053195968757914873 -0.43954531177878381 0.010367264500339099 0.34555315445491508 0.089694202185671631 0.034419489565419424
leaf_weight=20 1780 1890 1948 1861 104 31 196 21 169 73 29 74 21 340 1099 2303 37 240 83 36 68883 3676 31 274 3148 54 2978 163 1452 1731
leaf_count=20 1780 1890 1948 1861 104 31 196 21 169 73 29 74 21 340 1099 2303 37 240 83 36 68883 3676 31 274 3148 54 2978 163 1452 1731
internal_value=0.000806239 -0.000838203 0.0757315 0.0005434 -0.0546191 -0.0698144 0.00193318 -0.0293991 0.157151 -0.035828 0.0118761 0.283991 0.0651974 0.00410839 -0.0618895 -0.0340297 0.238187 -0.226309 -0.117482 0.459644 0.00356732 0.0209575 0.000545154 -0.142648 0.00758778 0.0385629 0.00234657 0.104625 0.115518 -0.0221112
internal_weight=94745 92720 2025 90909 2234 1811 88675 5749 190 5559 1964 103 1969 82926 3595 2413 110 344 1182 56 82586 13703 10027 470 9557 4678 3032 1646 1615 4879
internal_count=94745 92720 2025 90909 2234 1811 88675 5749 190 5559 1964 103 1969 82926 3595 2413 110 344 1182 56 82586 13703 10027 470 9557 4678 3032 1646 1615 4879
cat_boundaries=0 9 19 29 30 31 32 41 50
cat_threshold=67108992 201425024 197136 2701137920 21037059 2 2147483904 2621440 4735112 33800 539492352 8192 8389120 134348800 1141383172 574754886 16402 142608384 2 16777216 16778240 167772168 138477861 268959872 2432696328 16777264 2483060736 2214592512 49 14 14 2 33554432 262144 32897 140296 2147488064 9437185 8405121 140288 16778240 33554432 262144 0 1024 64 0 8388608 0 1024
is_linear=0
shrinkage=0.05


Tree=110
num_leaves=31
num_cat=12
split_feature=9 9 3 11 9 9 9 9 4 7 4 7 9 2 9 9 2 9 3 7 9 5 3 5 6 7 7 2 6 5
split_gain=4648.98 3545.97 3199.78 2771.85 10118.1 4855.12 4569.52 3745.59 3695.77 3430.36 6393.79 4331.29 8998.62 3775.63 4516.97 3615.87 3425.86 3346.41 3241.89 2978.37 3953.28 2955.82 5165.36 4075.92 5743.84 3677.03 3147.92 3054.68 2632.27 2662.7
threshold=0 1 1.0000000180025095e-35 2 3 4 5 6 151.50000000000003 49.994823756876009 10.500000000000002 50.06642149997959 7 35.623975409836071 8 9 16.420203735144316 10 36.561114538173904 50.499219699423733 11 11.845924713308078 46.754140120042528 36.809319862670712 2.5000000000000004 50.403695992355381 50.305990253451782 62.601724137931043 20.500000000000004 47.342468283636322
decision_type=9 9 10 1 9 9 9 9 2 10 2 10 9 10 9 9 10 9 10 10 9 10 8 10 2 10 10 8 2 10
left_child=2 -2 -1 6 8 -6 19 -8 17 10 -9 12 -11 14 -14 -12 -10 18 -5 21 -21 -3 23 -23 25 26 -25 -26 -4 -30
right_child=1 3 28 4 5 -7 7 9 16 11 15 -13 13 -15 -16 -17 -18 -19 -20 20 -22 22 -24 24 27 -27 -28 -29 29 -31
leaf_value=0.47314556097755073 0.11569246445297304 0.02199176826295169 -0.10382577556648931 0.6785989118023561 -0.17820190678840436 -0.038420908725155252 -0.043077452819498173 0.35437907972607202 -0.34759905646587241 0.092447499398278593 0.13595435932329267 0.0034889674823317292 -0.068059945660010432 -0.048564657186585675 -0.28526927834508975 -0.018125996312802203 0.041464729105109503 0.059564751350591263 0.22925511087259196 -0.095101699747708476 0.039301173914004055 0.10365559292515032 0.047237072034478411 0.57784204560924657 0.1690783258707359 0.32446757822322686 1.4236763867464932 0.6767676050012762 -0.050773375791227704 0.35693305667955433
leaf_weight=26 658 2108 1729 52 665 8194 4781 179 58 715 597 63729 483 1091 511 1021 2312 300 176 777 1785 520 1571 22 290 37 22 33 107 64
leaf_count=26 658 2108 1729 52 665 8194 4781 179 58 715 597 63729 483 1091 511 1021 2312 300 176 777 1785 520 1571 22 290 37 22 33 107 64
internal_value=-0.000692649 0.000909074 -0.0773771 7.5901e-05 -0.022598 -0.0491027 0.00339683 -0.000340603 0.058393 0.0026557 0.0708237 0.000814832 -0.0600494 -0.11225 -0.183279 0.0394539 0.0319433 0.178222 0.317798 0.0414738 -0.00167815 0.065582 0.102411 0.196218 0.315358 0.691836 1.00076 0.220948 -0.0853178 0.101819
internal_weight=94613 92687 1926 92029 11757 8859 80272 73107 2898 68326 1797 66529 2800 2085 994 1618 2370 528 228 7165 2562 4603 2495 924 404 81 44 323 1900 171
internal_count=94613 92687 1926 92029 11757 8859 80272 73107 2898 68326 1797 66529 2800 2085 994 1618 2370 528 228 7165 2562 4603 2495 924 404 81 44 323 1900 171
cat_boundaries=0 9 18 19 29 38 48 57 66 75 84 91 101
cat_threshold=4108 2752512 402661888 8388608 1343225888 1074280448 268566594 2153794560 67109888 67249168 134287360 0 2147745792 589826 65536 83886080 524304 8388616 2 2684371456 8421973 2148564992 1090593841 64 0 8404996 67113216 16 1 2048 0 1073741984 2097152 0 1048576 512 537001984 18350080 2080 268435592 1610743952 671107080 2097284 201326592 33816576 67108866 155197444 17 278656 1083196944 589824 35652192 8201 0 2151710740 512 536871602 0 4194308 33554433 1042 2147483648 2189426688 65568 536871168 327680 0 294912 295168 65540 2304 269484032 134217729 0 163840 0 0 2147746081 4 2147485696 0 33 1056768 2148532224 536887808 8388609 2147483648 1090585600 64 0 16384 0 268435456 1073741952 8 0 0 33554432 0 20971520 1
is_linear=0
shrinkage=0.05


Tree=111
num_leaves=31
num_cat=1
split_feature=5 1 10 1 0 1 4 4 2 2 0 0 0 3 4 4 1 1 6 5 6 2 3 3 6 1 4 4 5 2
split_gain=3079.57 2676 2423.91 4202.47 3106.35 2922.46 3116.13 2848.65 3748.46 4634.56 2736.07 3442.64 3430.59 2281.77 4181.89 2220.81 2720.13 2680.9 3119.05 3571.57 3019.53 2832.98 2174.76 4854.07 2457.62 2454.52 2132.42 2810.49 2429.07 2009.44
threshold=93.454676376360354 4.5000000000000009 0 98.500000000000014 21.125634397593021 1.5000000000000002 393.50000000000006 850.50000000000011 18.671171171171178 13.98648648648649 53.285274543301504 55.221228141234988 44.968849813500348 48.600724036086326 147.50000000000003 7401.5000000000009 145.50000000000003 67.500000000000014 22.500000000000004 47.046769517003348 26.500000000000004 37.669154228855724 62.049388490706306 60.388335060749306 79.500000000000014 279.50000000000006 2.5000000000000004 14.500000000000002 32.930864530896606 208.76804915514597
decision_type=10 2 9 2 8 2 2 2 10 10 10 10 10 10 2 2 2 2 2 10 2 8 10 10 2 2 2 2 8 10
left_child=2 -2 3 4 -1 -6 10 -8 9 -9 12 -12 -7 14 -13 26 17 18 -17 -20 -19 -21 23 24 -5 -24 -4 28 -28 -29
right_child=1 -3 15 22 5 6 7 8 -10 -11 11 13 -14 -15 -16 16 -18 20 19 21 -22 -23 25 -25 -26 -27 27 29 -30 -31
leaf_value=-0.16276360767570186 0.37394025702029471 0.067271560689034032 -0.1029773445951328 -0.0058128213648450007 0.14165599104144794 -0.046949580841622242 0.10251836677986703 0.25265027667794909 0.037852845369614814 -0.4223497653680463 -0.30523412962748603 -0.51276895484280971 0.27966807287355716 -0.00059742712352208426 0.0034425910992118033 -0.2771787522567643 -0.20999388927366677 0.98686676716262645 -0.17714174868805069 0.97271786360513601 0.22094284213118015 0.22983189604499121 -0.012854117165239588 -0.19073639208330745 -0.40273180007934573 0.11220822372962275 -0.16103060818203385 -0.0077375532521986416 0.065468870912669008 0.10167080157864575
leaf_weight=193 80 642 566 1558 656 148 2003 35 3394 93 104 63 176 2584 104 36 41 22 28 21 31 33 2400 527 40 469 126 76227 1955 422
leaf_count=193 80 642 566 1558 656 148 2003 35 3394 93 104 63 176 2584 104 36 41 22 28 21 31 33 2400 527 40 469 126 76227 1955 422
internal_value=-0.00161787 0.101251 -0.00240753 0.0163512 0.0357932 0.0398874 0.0322173 0.0549106 0.0278355 -0.237779 -0.00722286 -0.0228492 0.130472 -0.0121738 -0.191296 -0.00584101 0.155772 0.24347 0.110789 0.281117 0.538874 0.518732 -0.0208066 -0.0591453 -0.0157482 0.00759002 -0.00627382 -0.00557861 0.0517548 -0.00713519
internal_weight=94777 722 94055 14547 9553 9360 8704 5525 3522 128 3179 2855 324 2751 167 79508 212 171 118 82 53 54 4994 2125 1598 2869 79296 78730 2081 76649
internal_count=94777 722 94055 14547 9553 9360 8704 5525 3522 128 3179 2855 324 2751 167 79508 212 171 118 82 53 54 4994 2125 1598 2869 79296 78730 2081 76649
cat_boundaries=0 1
cat_threshold=2
is_linear=0
shrinkage=0.05


Tree=112
num_leaves=31
num_cat=8
split_feature=9 9 4 9 2 3 7 3 0 9 1 2 9 0 9 1 4 0 6 9 1 0 9 1 3 7 6 6 1 6
split_gain=5042.9 3483.87 8187 4713.54 5190.99 3008 5285.09 3217.05 2640.12 2689.67 3319.38 2518.26 13054 9677.97 5119.69 3195.15 3229.73 3859.47 3248.61 3059.05 3000.55 4625.57 2837.5 4728.9 2550.15 2443.5 2391.2 2333.78 3431.63 3153.19
threshold=0 1 83.500000000000014 2 16.420203735144316 54.410702563865797 50.32182332172944 58.44577951186475 97.201463845755896 3 63.500000000000007 15.287593984962408 4 49.410436161066734 5 48.500000000000007 115.50000000000001 44.289366872842955 3.5000000000000004 6 1.5000000000000002 56.079481474605821 7 9.5000000000000018 64.990724522491078 50.720963986989126 3.5000000000000004 64.500000000000014 315.50000000000006 79.500000000000014
decision_type=9 9 2 9 8 10 10 10 10 9 2 8 9 10 9 2 2 10 2 9 2 10 9 2 10 10 2 2 2 2
left_child=5 2 3 4 -2 -1 -7 -8 9 10 -3 12 13 -11 15 16 17 18 -14 -13 -19 -22 23 24 -15 -24 -17 -21 -29 -30
right_child=1 8 -4 -5 -6 6 7 -9 -10 11 -12 19 14 22 -16 26 -18 20 -20 27 21 -23 25 -25 -26 -27 -28 28 29 -31
leaf_value=-0.066714794254731799 1.05859885553901 0.017518225734334668 -0.074179416467774942 0.10024912790536673 0.28565159564993031 -0.80846498106655318 -0.53310093348355669 0.0080894571813670078 0.13783110218635244 -0.091737784063027614 0.2092469990301829 0.016540120220682152 0.046736116214068951 -0.62277705612636758 -0.022290959608166534 0.76023778408765796 0.03443751539967304 0.88513763470034457 0.71282591119408611 -0.0096553622797817644 0.62588671470355051 -0.26076096960653866 -0.58977950494736431 0.395933956935488 -0.089283996447920802 -0.061519697666168216 0.082609390596980636 0.085319615984195421 0.0032082239322573226 -0.45459739658339271
leaf_weight=1383 26 9928 689 1143 132 38 38 99 337 1948 231 16258 216 42 3744 30 1238 31 20 55361 38 24 176 29 48 25 23 1213 107 58
leaf_count=1383 26 9928 689 1143 132 38 38 99 337 1948 231 16258 216 42 3744 30 1238 31 20 55361 38 24 176 29 48 25 23 1213 107 58
internal_value=-0.0019229 -0.000425246 0.0648536 0.138983 0.388271 -0.0908452 -0.286735 -0.142022 -0.00185777 -0.0023765 0.0218563 -0.00543179 -0.0327605 -0.133013 0.00985797 0.0838387 0.0714422 0.210688 0.103184 -0.00257526 0.483491 0.282668 -0.388436 -0.146978 -0.338247 -0.499238 0.466173 -0.00805408 0.0562187 -0.157717
internal_weight=94673 93115 1990 1301 158 1558 175 137 91125 90788 10159 80629 7632 2268 5364 1620 1567 329 236 72997 93 62 320 119 90 201 53 56739 1378 165
internal_count=94673 93115 1990 1301 158 1558 175 137 91125 90788 10159 80629 7632 2268 5364 1620 1567 329 236 72997 93 62 320 119 90 201 53 56739 1378 165
cat_boundaries=0 9 18 27 37 47 57 67 71
cat_threshold=524372 2097152 136382464 545259520 1074790529 1073750020 537526336 272647170 604504192 139392 402723104 301990424 2164523008 77826 67174400 1145044994 2147484160 134218248 8192 0 33554432 0 0 0 0 0 520 520 67110528 20971520 134349408 2600 16777218 178323460 1048576 2155880450 2 51382272 2152202240 2148565121 1049614 2147483648 134217729 278544 16847104 16777280 9 4198400 32768 1074004000 4194304 21102848 2458914816 552 536870912 5341444 4 1073743872 2177384456 1060992 1056782 2147483712 134742016 0 84279552 16779264 9 16779264 0 2147483648 1032
is_linear=0
shrinkage=0.05


Tree=113
num_leaves=31
num_cat=1
split_feature=0 11 4 3 3 6 7 5 6 4 3 0 3 2 3 7 0 0 2 1 4 2 7 1 3 5 7 7 4 7
split_gain=2770.77 2739.76 2341.74 3294.65 3369.84 2259.9 5097.84 2111.86 3647.23 3280.16 3149.11 4414.94 2825.35 3907.34 3225.06 3599.91 3054.27 2877.57 4715.37 2884.05 2558.91 2461.32 2459.89 4331 2475.53 2552.9 2954.31 3095.41 2515.5 2325.21
threshold=95.031976712647477 0 10.500000000000002 76.194641797471533 44.128606626606917 142.50000000000003 50.406032221939505 47.046769517003348 23.500000000000004 2029.5000000000002 61.082278044903248 46.70262797415625 63.734238688839945 20.003906250000004 62.733177685167909 50.289406324236005 85.425092429741952 70.92260372804985 46.007812500000007 2.5000000000000004 80.500000000000014 75.191176470588246 50.362132564370654 88.500000000000014 51.547949235834956 60.036116010024735 50.365127822618454 50.400324347059481 4748.5000000000009 50.103938899590446
decision_type=10 1 2 8 10 2 10 8 2 2 10 8 10 8 10 10 10 8 8 2 2 8 10 2 10 10 10 10 2 10
left_child=1 2 3 4 -1 7 -7 12 9 -9 -10 -12 14 -14 17 -16 29 19 -19 -4 -13 -20 -11 -24 -25 26 -26 -28 -27 -15
right_child=-2 -3 5 -5 -6 6 -8 8 10 22 11 20 13 16 15 -17 -18 18 21 -21 -22 -23 23 24 25 28 27 -29 -30 -31
leaf_value=0.027668608593843486 0.080571897661682434 -0.023135022592128657 0.063975854381836825 -0.10372486409201498 0.17734026301813238 0.075385156135868159 0.94442839592695238 0.0060086310313544819 0.076056936493712507 -0.058920786081990584 -0.24115004320895037 -0.28514121631021377 -0.21652786137398086 -0.36155618368224668 -0.41769065976142888 0.29819172569291874 0.35884929396668258 -0.37483301901004534 0.26190527856093032 -0.013901361886185452 0.028446857160348112 -0.076926359895447924 -0.035997593144035681 0.26705354216762561 0.55716036748225717 0.072263822112664439 -0.25791730559881659 0.017435188000243757 0.33489899827262104 -0.022363177839300676
leaf_weight=973 1060 11904 1316 269 613 108 20 50238 3193 3619 175 67 403 55 20 144 49 132 58 12303 2240 706 3158 143 22 401 124 577 118 621
leaf_count=973 1060 11904 1316 269 613 108 20 50238 3193 3619 175 67 403 55 20 144 49 132 58 12303 2240 706 3158 143 22 401 124 577 118 621
internal_value=0.000186656 -0.000722049 0.00253702 0.058075 0.0855177 0.0012494 0.211173 0.000913024 0.00495095 0.00123232 0.0432185 0.000973103 -0.0154551 -0.0917112 -0.0095952 0.210889 -0.0223304 -0.0120864 -0.0988811 -0.00637611 0.0193396 -0.0512035 -0.0281664 -0.00366718 0.0700508 0.0473686 -0.0133667 -0.031272 0.131977 -0.0499602
internal_weight=94829 93769 81865 1855 1586 80010 128 79882 64075 58400 5675 2482 15807 1128 14679 164 725 14515 896 13619 2307 764 8162 4543 1385 1242 723 701 519 676
internal_count=94829 93769 81865 1855 1586 80010 128 79882 64075 58400 5675 2482 15807 1128 14679 164 725 14515 896 13619 2307 764 8162 4543 1385 1242 723 701 519 676
cat_boundaries=0 1
cat_threshold=2
is_linear=0
shrinkage=0.05


Tree=114
num_leaves=31
num_cat=15
split_feature=9 9 10 9 0 9 3 9 11 0 9 9 3 9 4 5 0 3 2 9 1 9 4 9 5 4 9 0 9 5
split_gain=6641.81 3379.03 3343.31 5490.85 4218.52 3534.61 3333.09 3100.13 3615.91 2901.82 11161.1 7575.31 5411.43 4544.98 4365.63 3510.97 4035.73 2968.99 2876.77 9542.03 4122.16 3524.14 4838.21 10044.9 5299.78 3825.98 5267.02 4543.46 3411.94 3677.32
threshold=0 1 2 3 53.953294367046304 4 29.189999574858991 5 6 6.8961020330981606 7 8 80.687429781113778 9 933.50000000000011 8.4455137671192428 29.9730184714827 1.0000000180025095e-35 73.123106060606077 10 49.500000000000007 11 246.50000000000003 12 7.19614184662663 155.50000000000003 13 84.866177310719237 14 64.42841230596386
decision_type=9 9 9 9 10 9 8 9 1 10 9 9 8 9 2 10 10 10 10 9 2 9 2 9 8 2 9 10 9 10
left_child=-1 -2 3 4 -3 -4 -5 8 -7 10 -9 12 -12 14 -11 16 -16 -13 21 20 -20 25 23 24 -23 26 27 -15 -24 -30
right_child=1 2 5 6 -6 7 -8 9 -10 13 11 17 -14 18 15 -17 -18 -19 19 -21 -22 22 28 -25 -26 -27 -28 -29 29 -31
leaf_value=-0.27759549038201431 0.05151296179118673 0.20647237763561385 -0.064426972067969587 0.58918564841151244 0.050452062074748519 -0.022220416551677977 -0.00073121574966507493 -0.19108676966768098 -0.1314809421254344 0.069189168806842755 0.077210486570993594 -0.32355562321503056 0.58784466515536671 -0.18448290654949273 -0.040283854933559599 0.020790459159638924 -0.40004299890336603 -0.030509573640468579 0.12830192527890391 0.0055322295093480894 0.39997702416097908 0.96289622202515612 -0.037144233829283765 0.0079768248183746809 0.1434050178382221 -0.017309383775720815 -0.034133551075609163 -0.84665066953058599 -0.00518338810834835 0.060615275222261435
leaf_weight=207 2995 495 2536 24 3473 7522 10348 934 842 4234 1324 88 54 639 197 607 129 4852 761 6261 171 20 7456 5892 1457 8156 1255 27 19361 2385
leaf_count=207 2995 495 2536 24 3473 7522 10348 934 842 4234 1324 88 54 639 197 607 129 4852 761 6261 171 20 7456 5892 1457 8156 1255 27 19361 2385
internal_value=-0.00129269 -0.000657979 -0.00237109 0.0197908 0.0697395 -0.00649185 0.000633195 -0.00451464 -0.03318 -0.000891752 -0.0307392 -0.00672172 0.0965204 0.00277631 0.0475228 -0.0502912 -0.182643 -0.0356576 -0.00152645 0.0279058 0.176257 -0.00606515 0.00115282 0.0373563 0.153463 -0.0322294 -0.0957434 -0.208201 -0.00798257 0.00203217
internal_weight=94702 94495 91500 14340 3968 77160 10372 74624 8364 66260 7252 6318 1378 59008 5167 933 326 4940 53841 7193 932 46648 36571 7369 1477 10077 1921 666 29202 21746
internal_count=94702 94495 91500 14340 3968 77160 10372 74624 8364 66260 7252 6318 1378 59008 5167 933 326 4940 53841 7193 932 46648 36571 7369 1477 10077 1921 666 29202 21746
cat_boundaries=0 8 17 18 28 37 47 48 58 68 77 85 94 104 112 122
cat_threshold=0 136314880 0 512 65536 4 131072 6308864 2684355168 8405512 4112 5505280 20971522 3389063168 1107296514 0 2353004552 2 5261312 4194304 2147745796 2097160 2148142337 75497472 32768 537919488 8463424 13 67649552 1140982784 268437504 0 1703945 84934656 2688552964 2483027969 1280 1075841024 269484064 136585221 8388616 1073751168 8916992 268500992 784 536879680 2 2 131204 327680 33619968 134217728 136314944 16392 134217776 536870912 16777220 9 17830912 2152237124 2147483784 285220868 37152 1 2375688 65538 1064960 4 33718404 65536 34275840 169875457 134217728 2113546 226492432 0 17434656 4194304 4194304 128 8240 0 0 0 8192 16778248 4753668 536871048 1342185524 36864 10240 2884096 77826 81920 0 0 2147483904 81920 64 0 16545 1048576 0 12 8 4751360 128 48 36864 0 512 8194 4526080 0 2151678208 65536 0 1 16512 1048576 1081344 12
is_linear=0
shrinkage=0.05


Tree=115
num_leaves=31
num_cat=12
split_feature=9 0 9 3 10 0 9 9 9 1 9 5 0 6 0 11 0 7 6 9 3 9 0 9 7 3 1 3 1 9
split_gain=5373.87 3971.32 3299.43 4079.39 3281.44 5103.55 12444.4 3633.12 3418.71 4367.34 5407.43 5860.51 3727.78 3185.47 3133.54 3075.48 3528.48 3274.89 3054.34 10541 4770.26 4400.34 4505.17 3540.81 3787.81 3638.57 3325 4467.82 3190.53 12009.6
threshold=0 56.575158395017745 1 72.936448897430552 2 48.728687967799374 3 4 5 46.500000000000007 6 45.158923349774831 49.410436161066734 32.500000000000007 64.165038059453494 7 73.074691790358386 50.54141363842286 23.500000000000004 8 33.364289413475291 9 55.221228141234988 10 50.142985505019929 70.402164552793764 81.500000000000014 51.547949235834956 1.5000000000000002 11
decision_type=9 8 9 10 9 10 9 9 9 2 9 8 10 2 10 1 10 10 2 9 10 9 10 9 10 8 2 10 2 9
left_child=1 -1 3 -2 5 7 -7 -4 9 13 11 -11 -13 -6 -12 16 17 -14 23 20 -20 -21 -23 24 25 -10 -26 -28 29 -25
right_child=2 -3 4 -5 8 6 -8 -9 18 10 14 12 15 -15 -16 -17 -18 -19 19 21 -22 22 -24 28 26 -27 27 -29 -30 -31
leaf_value=-0.03214474378735354 0.065263088170730635 -0.20770151448523963 -0.10678821554628011 -0.58976171364386876 0.045673849707851079 0.076563358341165372 -0.4505277547300397 -0.0088264421854935271 -0.096961811679407414 -0.64029418271163419 -0.025638817318886072 0.55786247655749321 -0.37880324141383176 -0.093534288284847555 0.13254380717436376 -0.34839970262451025 0.056577370931410187 0.084182865998961715 0.72478708545366921 0.009580417316994768 0.09133535834658961 -0.2388727934255501 -0.031028960438215153 0.11388143948364758 -0.028346007210585222 -0.71834674303730328 0.16458823291515801 -0.025080763671078882 -0.0021664286435187996 -0.042067828716976813
leaf_weight=863 2475 514 1003 24 10930 225 213 14514 1281 58 1335 20 125 427 409 131 236 55 30 2430 3189 426 672 2613 9442 24 553 708 37720 2327
leaf_count=863 2475 514 1003 24 10930 225 213 14514 1281 58 1335 20 125 427 409 131 236 55 30 2430 3189 426 672 2613 9442 24 553 708 37720 2327
internal_value=0.000725711 -0.0969715 0.00217319 0.0587373 0.000615216 -0.0199716 -0.1883 -0.0152331 0.00498858 0.0275386 -0.034194 -0.159037 -0.112612 0.0404399 0.0113926 -0.137127 -0.0705964 -0.237335 -5.492e-05 0.0316848 0.0969378 -0.0280483 -0.11066 -0.00397217 -0.027944 -0.10839 -0.0181615 0.0580968 0.00278136 0.0405665
internal_weight=94972 1377 93595 2499 91096 15955 438 15517 75141 13726 2369 625 567 11357 1744 547 416 180 61415 6747 3219 3528 1098 54668 12008 1305 10703 1261 42660 4940
internal_count=94972 1377 93595 2499 91096 15955 438 15517 75141 13726 2369 625 567 11357 1744 547 416 180 61415 6747 3219 3528 1098 54668 12008 1305 10703 1261 42660 4940
cat_boundaries=0 9 18 19 24 34 43 48 49 58 68 77 87
cat_threshold=0 136445952 33554432 16912896 1209213057 534532 268566532 2147500032 2151680256 546447504 8397824 135397904 2147483680 16777224 18874368 2148012288 271056896 520 96 65536 129 2147483680 0 2097152 4197380 0 1073741824 2098176 2149581888 134217736 16528 8448 1114112 4 136381448 4718592 2425216 268714004 2147517444 2316304384 66562 67371008 8320 8 4194304 262144 16 2147483648 2 37754880 2147483648 557061 8192 2304 8388609 8388736 1187840 16777216 16384 32768 8192 1024 64 0 32 16777216 9502720 17 34115584 0 4751364 540016643 4128 1417674752 8683520 4202498 67388466 67125248 2147745792 3221225513 1073751304 2370 9 33571472 1049088 1638464 4
is_linear=0
shrinkage=0.05


Tree=116
num_leaves=31
num_cat=10
split_feature=9 4 9 9 9 9 0 2 9 9 0 0 5 1 4 4 6 2 2 4 9 9 2 4 9 0 5 6 2 1
split_gain=5042.62 4197.97 26216.4 12624.1 5460.24 4430.02 3747.01 3349 3324.75 3282.09 3732.79 4888.8 2678.47 2645.03 2491.32 3363.29 2475.19 2483.76 2801.35 2437.7 6403.43 4834.41 3817.11 6569.99 4014 4479.08 3544.07 5330.23 3817.47 3450.7
threshold=0 23.500000000000004 1 2 3 4 72.542327342082942 18.974596774193554 5 6 42.913259055659935 38.536735021077725 57.103552129189957 5.5000000000000009 80.500000000000014 74.500000000000014 43.500000000000007 17.994545454545456 15.704793028322442 1352.5000000000002 7 8 23.287087912087916 751.50000000000011 9 68.349083972813403 60.530174963879311 13.500000000000002 11.025000000000002 13.500000000000002
decision_type=9 2 9 9 9 9 10 10 9 9 8 10 8 2 2 2 2 10 8 2 9 9 8 2 9 10 10 2 10 2
left_child=6 2 7 -4 13 -3 -1 12 14 10 11 -6 -2 -5 15 -7 17 18 -16 20 22 -21 23 24 -10 -26 -23 -28 -29 -27
right_child=1 5 3 4 9 8 -8 -9 19 -11 -12 -13 -14 -15 16 -17 -18 -19 -20 21 -22 26 -24 -25 25 29 27 28 -30 -31
leaf_value=-0.074931596067865147 -0.09154634445905685 -0.075474871114193709 -0.21244771827310194 0.21654395702952411 0.22500769982299096 0.11993363949235419 -0.49963837887539908 0.21458929221131912 0.28932515762641398 -0.016947133234304104 0.047378370291621258 1.0714487758278846 0.50425345005905153 -0.28258428318159923 0.015811042650921703 0.5431576522541981 0.45789752994974453 0.077072563911904257 -0.3200673954479431 -0.043058033928142919 -0.0014949773389372255 -0.0097072827989186893 0.05328110983536706 -0.11768701721665745 0.031907561770227674 -0.26653817061845414 -0.014398229881114822 0.65158230379223836 0.084164711830062869 0.38032100459803708
leaf_weight=1357 20 1795 559 510 116 590 54 201 132 1998 412 20 332 28 146 51 30 361 108 7871 45372 12778 10308 959 3590 199 2299 30 2485 23
leaf_count=1357 20 1795 559 510 116 590 54 201 132 1998 412 20 332 28 146 51 30 361 108 7871 45372 12778 10308 959 3590 199 2299 30 2485 23
internal_value=0.00293783 0.00436047 0.0532354 0.00401375 0.043809 0.00205998 -0.0905437 0.370717 0.00366183 0.0129186 0.120161 0.349484 0.470401 0.18709 0.0831506 0.153607 0.0144206 -0.00721247 -0.127003 0.00246431 0.00792059 -0.0105166 0.0359831 -0.000310676 0.0282299 0.0183816 0.0040652 0.0406305 0.0909331 -0.199521
internal_weight=94734 93323 4196 3643 3084 89127 1411 553 87332 2546 548 136 352 538 1286 641 645 615 254 86046 60583 25463 15211 4903 3944 3812 17592 4814 2515 222
internal_count=94734 93323 4196 3643 3084 89127 1411 553 87332 2546 548 136 352 538 1286 641 645 615 254 86046 60583 25463 15211 4903 3944 3812 17592 4814 2515 222
cat_boundaries=0 9 18 28 37 47 56 65 75 84 87
cat_threshold=1073742864 338296832 4194304 37749504 1209073665 67110912 4325380 17408 536872960 2147500032 2147780865 33816616 1090527232 524324 1048576 280064 4194304 2164817928 536871040 1152 590101 147522 8200 2281701383 34 536879104 112 1 155193344 16420 1612710016 32 2129920 33570824 42008720 1179648 1065728 2147483648 16793856 35782656 2048 18874372 8 2181043200 4194304 2215396864 32 2097152 65664 69648 134221824 8202 16777222 0 67633152 66 269025280 1224736768 285376512 805308432 16908608 65536 2214592776 2166358272 67502080 167842348 262664 2148007937 1049672 131072 136314881 77594752 537002496 8448 1 0 262144 2147745825 0 2048 1 142607008 131072 8192 0 0 2147483648
is_linear=0
shrinkage=0.05


Tree=117
num_leaves=31
num_cat=1
split_feature=7 5 3 3 0 11 4 3 5 1 3 6 2 2 2 5 6 2 2 0 7 7 7 2 1 2 4 4 3 4
split_gain=3370.88 2101.4 2039.59 2312.09 1804.05 1837.8 1933.86 3428.96 3375.01 3498.95 3219.47 2960.01 2093.88 2708.99 4340.42 2418.99 2375.48 2428.94 2316.35 2384.98 2119.93 2051.13 2802.16 2464.2 2354.76 3979.45 3098.18 2644.77 3350.6 2499.12
threshold=51.634196594811101 93.454676376360354 22.203558458763855 35.036359930215106 97.201463845755896 0 2323.5000000000005 59.292568794439021 56.407469600951856 2112.5000000000005 51.263915490700661 27.500000000000004 31.928141135972464 36.134234234234242 38.745579862151637 45.158923349774831 40.500000000000007 19.669696969696975 40.002777777777787 63.695287304293679 50.385193751913725 50.603001284461875 50.595843046477036 42.408249158249163 87.500000000000014 16.576411960132894 7401.5000000000009 5584.5000000000009 51.263915490700661 3400.5000000000005
decision_type=8 10 10 10 10 1 2 10 10 2 10 2 10 10 10 8 2 8 10 10 10 10 10 10 2 10 2 2 10 2
left_child=1 4 -2 -4 5 6 -1 8 9 21 11 -10 16 -14 20 18 17 -9 -16 -20 -15 22 24 -23 26 -26 29 28 -27 -8
right_child=2 -3 3 -5 -6 -7 7 12 10 -11 -12 -13 13 14 15 -17 -18 -19 19 -21 -22 23 -24 -25 25 27 -28 -29 -30 -31
leaf_value=0.0050765522571370398 0.62970352726323275 0.08610741142445888 -0.16023304384201764 0.18054927395694978 0.119986933479954 -0.0189932361316901 0.017322600031399387 0.0061597201393357223 -0.21247132198105373 -0.39763085420353939 0.10706395652535422 0.070741363689209802 0.14847652097639527 -0.072041232757649176 -0.24954320804349017 -0.03643472825490212 -0.45229119801003004 -0.13238526215211974 0.43358006480296973 0.0035500227207584042 -0.45940762355246334 -0.24308032490274251 0.26884998617337103 0.06201154597029828 -0.49768133696281547 0.36200863624690105 0.2584599082411706 -0.0052798844145690192 0.075195712961226582 -0.083963443257232928
leaf_weight=70492 21 710 60 292 311 11898 991 469 172 59 1257 199 206 59 28 2766 46 972 76 56 88 192 94 101 33 128 87 752 498 1580
leaf_count=70492 21 710 60 292 311 11898 991 469 172 59 1257 199 206 59 28 2766 46 972 76 56 88 192 94 101 33 128 87 752 498 1580
internal_value=0.0010059 0.000412653 0.151019 0.122461 -0.000237312 -0.000638064 0.00204482 -0.0175457 0.00714575 -0.0151086 0.0688648 -0.0605594 -0.0493709 -0.027053 -0.0388197 -0.0255006 -0.0985844 -0.0872932 0.163523 0.251143 -0.303934 -0.0100438 -0.0010442 -0.137912 -0.00727916 0.044926 -0.0349923 0.0579202 0.133841 -0.0449224
internal_weight=94693 94320 373 352 93610 93299 81401 10909 6143 4515 1628 371 4766 3279 3073 2926 1487 1441 160 132 147 4456 4163 293 4069 1411 2658 1378 626 2571
internal_count=94693 94320 373 352 93610 93299 81401 10909 6143 4515 1628 371 4766 3279 3073 2926 1487 1441 160 132 147 4456 4163 293 4069 1411 2658 1378 626 2571
cat_boundaries=0 1
cat_threshold=2
is_linear=0
shrinkage=0.05


Tree=118
num_leaves=31
num_cat=10
split_feature=9 9 2 10 9 0 9 0 9 5 9 9 2 0 2 5 4 7 0 7 0 2 9 4 4 5 2 9 7 5
split_gain=4507.11 3005.99 3398.02 2663.88 6605.54 6134.34 4266.11 3249.99 11372.5 3734.26 5109.36 3187.56 3234.71 3302.4 5674.31 3048.03 3572.65 3261.63 3026.18 2845.38 4127.36 2831.38 2788.53 3809.21 3447.51 4029.48 2725.32 4566.26 4069.91 3269.67
threshold=0 1 11.980000000000002 2 3 26.909970223445381 4 67.860614535135738 5 26.968464189577713 6 7 74.180881804623439 48.728687967799374 11.516666666666667 59.809433522589721 5793.5000000000009 49.994823756876009 23.203577540874075 50.008196677848993 56.575158395017745 13.340000000000002 8 1098.5000000000002 386.50000000000006 58.693396722426662 20.877500000000001 9 50.604878347231953 70.217632311854601
decision_type=9 9 8 9 9 10 9 8 9 10 9 9 10 8 8 10 2 10 10 10 10 8 9 2 2 8 8 9 10 10
left_child=-1 2 -2 4 5 18 15 8 -6 10 -10 12 13 -8 -15 17 26 -5 -3 20 -11 -16 -23 24 25 -24 27 -17 -28 -29
right_child=1 3 -4 6 7 -7 11 -9 9 19 -12 -13 -14 14 21 16 -18 -19 -20 -21 -22 22 23 -25 -26 -27 28 29 -30 -31
leaf_value=-0.076949931810506522 0.58755425196141009 0.24406871876859559 0.065783829331855503 0.16610722298338873 -0.24725214648888755 0.053117943202019527 -0.024581706695690653 0.021667529437954955 -0.11092176323865038 -0.53003601953387258 -0.004980697886185082 -0.0073464817485475835 0.1134611372391765 -0.94086416392099292 0.40401707817442145 0.37286781928685991 0.26278426257283699 0.0046753400810225871 0.84233161572204984 0.030458485965213916 0.042299578970091213 -0.069382894331480469 0.13685997349023821 0.42193128276955005 -0.56727457469048559 -0.26903404249849072 -0.0062723632519534698 0.19442286417633295 0.24809866804968228 -0.09561229725048026
leaf_weight=1808 32 261 1254 323 496 4628 1828 11885 1527 56 4403 46561 260 21 26 152 223 10000 23 5328 72 948 75 22 73 331 1476 200 176 189
leaf_count=1808 32 261 1254 323 496 4628 1828 11885 1527 56 4403 46561 260 21 26 152 223 10000 23 5328 72 948 75 22 73 331 1476 200 176 189
internal_value=0.00101758 0.00254382 0.0781595 0.00147338 0.0140993 0.0668235 -0.00428614 0.00317907 -0.0153114 -0.00498598 -0.0324564 -0.0108505 -0.0562249 -0.0696667 -0.124757 0.0215415 0.0721137 0.00972644 0.29252 0.0248619 -0.208097 -0.113138 -0.122418 -0.217053 -0.250933 -0.194054 0.0527249 0.150126 0.0208277 0.052165
internal_weight=94657 92849 1286 91563 28679 4912 62884 23767 11882 11386 5930 50145 3584 3324 1496 12739 2416 10323 284 5456 128 1475 1449 501 479 406 2193 541 1652 389
internal_count=94657 92849 1286 91563 28679 4912 62884 23767 11882 11386 5930 50145 3584 3324 1496 12739 2416 10323 284 5456 128 1475 1449 501 479 406 2193 541 1652 389
cat_boundaries=0 9 18 19 29 38 46 55 65 75 80
cat_threshold=67112976 570556416 139776 8390656 151585281 4 262150 2418033667 8913088 1082262720 1056 16 2285895680 8194 3223322626 2164260864 0 134234120 6 22020128 2151677952 2282524808 16781608 1073742080 201334792 524336 0 536903680 5 536872960 134228248 570425601 33555536 2099272 318783488 71335936 139264 5242896 0 0 32 16 0 33570816 66176 16777216 16384 262144 33554437 0 2147614720 8388608 8388608 537006080 32 2197848096 65664 136843392 1076891904 269484160 77070344 536870912 524800 536936448 1 2147483648 65664 2097280 1075838976 0 8388616 0 512 0 1 2048 0 33554432 0 2112
is_linear=0
shrinkage=0.05


Tree=119
num_leaves=31
num_cat=9
split_feature=9 9 0 0 2 0 4 10 2 3 7 9 10 9 0 9 2 3 1 9 7 6 2 3 9 1 0 3 3 6
split_gain=4584.03 4147.56 3692.49 3897.57 2960.68 2956.39 2540.59 2186.15 3464.24 2851.45 2158.29 2456.77 2280.1 4762.95 6295.05 3576.59 2932.15 4149.66 3506.74 4826.13 3591.44 4667.88 3854.46 3805.8 3282.82 3172.92 3110.23 4582.75 2556.37 2443.15
threshold=0 1 56.079481474605821 54.276962542297092 25.25105042016807 57.142417197609369 730.50000000000011 2 16.576411960132894 41.633864175202753 51.634196594811101 3 4 5 53.953294367046304 6 18.353889943074005 31.279308451672819 71.500000000000014 7 50.419919020408408 19.500000000000004 24.803225806451618 65.742994304230095 8 53.500000000000007 20.255273246868686 46.396602688492628 45.204805147353049 51.500000000000007
decision_type=9 9 8 10 10 8 2 9 10 10 10 9 9 9 10 9 8 8 2 9 10 2 10 10 9 2 8 10 10 2
left_child=2 6 3 7 -5 -4 -2 8 -1 -10 12 -12 13 14 28 29 25 -18 19 26 21 24 23 -23 -20 -15 -19 -28 -3 -14
right_child=1 10 5 4 -6 -7 -8 -9 9 -11 11 -13 15 16 -16 -17 17 18 20 -21 -22 22 -24 -25 -26 -27 27 -29 -30 -31
leaf_value=-0.39909182130484971 0.068005444016683819 0.55622048862278461 -0.62734392845269404 0.81433644027759644 0.051092373772903724 -0.14366705280008465 -0.21118125586016548 -0.1092536168264233 0.35897917090976778 0.017340573222131773 0.25184278969516916 -0.015471619157796049 -0.048575226413553108 -0.090135689634120178 0.044682455512145343 -0.0026776715815693998 0.56513175404433047 -0.36575807690983869 -0.24940936179430803 -0.042786372649767576 0.025265456613106009 0.37388557010418633 -0.017000014918912454 -0.11229329621582701 -0.073124894046242131 -0.7317927670478821 0.28776304043829443 0.056477972946399072 0.20536702239479532 0.073904529253727411
leaf_weight=37 2723 64 33 24 27 741 84 467 85 217 168 172 6361 525 3104 68790 33 41 306 1418 2170 137 813 57 1864 20 230 3113 275 435
leaf_count=37 2723 64 33 24 27 741 84 467 85 217 168 172 6361 525 3104 68790 33 41 306 1418 2170 137 813 57 1864 20 230 3113 275 435
internal_value=-0.00176769 -0.000304223 -0.0846071 -0.0136297 0.410266 -0.164289 0.059439 -0.0404519 0.0559018 0.113497 -0.00217195 0.123565 -0.00264849 0.0157507 0.0668313 -0.00609903 -0.000691451 0.00535582 0.00353568 0.0345494 -0.024317 -0.0581834 0.0307851 0.231039 -0.0994698 -0.113683 0.0668843 0.0723905 0.271605 -0.0406757
internal_weight=94534 92903 1631 857 51 774 2807 806 339 302 90096 340 89756 14170 3443 75586 10727 10182 10149 4802 5347 3177 1007 194 2170 545 3384 3343 339 6796
internal_count=94534 92903 1631 857 51 774 2807 806 339 302 90096 340 89756 14170 3443 75586 10727 10182 10149 4802 5347 3177 1007 194 2170 545 3384 3343 339 6796
cat_boundaries=0 10 19 20 27 28 38 47 57 66
cat_threshold=4 2228224 169871360 2624 590377 4 268566530 2214609936 612368768 16 67174408 268518560 16 2281701376 18886656 3238072330 570949888 4718592 4194314 14 0 0 0 0 0 0 8667264 2 5261312 4194304 262277 2097152 134400 68157440 0 554696704 73792 9 16793600 2684354560 12292 11603972 135398400 77078528 263172 270532609 68672 33554432 262144 2147483648 9216 32832 41943041 8388736 0 2147484672 4 0 262144 0 0 0 8388608 0 131072 1024
is_linear=0
shrinkage=0.05


Tree=120
num_leaves=31
num_cat=10
split_feature=9 9 3 4 9 2 2 9 9 9 0 1 0 9 4 1 9 7 7 5 6 7 7 1 6 4 7 9 9 5
split_gain=4145.71 4008.96 5756.11 3807.82 3366.4 3055.74 3020.05 12884.1 7718.23 5486.01 4188.98 3863.08 3427.87 7446.65 3314.27 3236.25 3385.81 3226.46 3193.66 3326.34 3684.42 2987.27 2929.61 4029.35 7281.71 5000.68 3275.62 3476.15 3126.53 2821.89
threshold=0 1 74.225638621467155 12.500000000000002 2 41.005208333333336 15.287593984962408 3 4 5 46.138519243588995 118.50000000000001 34.324976583661737 6 10.500000000000002 1.5000000000000002 7 50.155781968108322 50.97379390343044 62.958585469510624 9.5000000000000018 50.447422995628337 50.525656213641703 50.500000000000007 19.500000000000004 994.50000000000011 50.192165292613723 8 9 41.50433768009102
decision_type=9 9 10 2 9 8 10 9 9 9 10 2 10 9 2 2 9 10 10 10 2 10 10 2 2 2 10 9 9 10
left_child=21 2 3 5 -3 -2 7 14 10 11 -9 22 13 -11 -6 16 -15 -12 19 20 29 -1 26 -24 25 -25 27 -8 -28 -19
right_child=1 4 -4 -5 6 -7 9 8 -10 12 17 -13 -14 15 -16 -17 -18 18 -20 -21 -22 -23 23 24 -26 -27 28 -29 -30 -31
leaf_value=-0.27320875507468978 0.43499274056805071 -0.03259147374086812 -0.75578341654368808 0.048885140929249171 0.29736090745539107 0.11078668983428033 -0.24792018006245298 -0.089097301798182149 -0.015547155043245487 -0.090795750163346622 0.20611470403342413 0.48264512898875217 0.0070945425892046015 0.3558158967133106 0.076989415739145542 -0.0084373148257771667 0.053000769318012758 -0.5277839050368146 0.14181159673065977 -0.033376988304985894 -1.0098114167490315 -0.023739900911847751 0.011752531351061423 0.061454897316602565 0.52621158815565561 -0.77303933460136942 0.042618823760426437 0.024006988726157166 0.13637564209539246 0.0051474638283252718
leaf_weight=240 121 7811 21 1829 188 182 125 2806 9077 2990 29 51 51316 103 1845 8587 573 111 29 45 31 240 1872 26 21 58 1807 900 1803 32
leaf_count=240 121 7811 21 1829 188 182 125 2806 9077 2990 29 51 51316 103 1845 8587 573 111 29 45 31 240 1872 26 21 58 1807 900 1803 32
internal_value=-0.000384479 0.000368569 0.0676545 0.0760827 -0.0012092 0.240255 0.0016978 -0.0193384 -0.0388184 0.0059492 -0.107062 0.0490772 0.00142078 -0.02234 0.0968915 -0.000144999 0.105187 -0.292908 -0.351262 -0.416554 -0.515652 -0.145444 0.0458072 -0.00515289 -0.306552 -0.514744 0.0675436 -0.0113394 0.0899411 -0.408527
internal_weight=94869 94389 2153 2132 92236 303 84425 14193 12160 70232 3083 6663 63569 12253 2033 9263 676 277 248 219 174 480 6612 1977 105 84 4635 1025 3610 143
internal_count=94869 94389 2153 2132 92236 303 84425 14193 12160 70232 3083 6663 63569 12253 2033 9263 676 277 248 219 174 480 6612 1977 105 84 4635 1025 3610 143
cat_boundaries=0 9 18 28 37 47 57 66 76 86 96
cat_threshold=67141648 2097152 0 512 512 2097154 2147614720 540672 738199552 2148008964 134287360 1478494736 2286027008 196737 83951616 258 2684354562 8 1107312768 806371328 1245188 25174016 135266312 134234112 1610678304 68097 2151677984 16 268439552 34884 17039368 1073743872 20975906 2181038088 268698240 4195328 245762 1181704 12583432 128 1049602 2148016128 1 134238224 83886336 17302096 9 539099176 1149239424 528768 3149890 3223846912 0 138416128 2097152 17563712 40 576 295944 50593833 1073741840 4194592 33554436 9175552 1052928 1048578 65536 0 2147491840 1032 64 1 0 0 0 1 536870912 0 4096 0 0 0 0 0 64 8 0 1073741952 524672 3145728 1073741824 0 138412032 0 262208 32
is_linear=0
shrinkage=0.05


Tree=121
num_leaves=31
num_cat=8
split_feature=9 9 9 4 1 0 9 5 6 0 3 9 5 6 9 9 11 0 4 3 3 4 5 0 0 0 7 4 4 7
split_gain=4578.21 3291.82 3021.72 3506.72 2861.11 4501.1 3288.77 2857.06 3153.97 3058.22 4245.31 3043.28 2778.79 3373.45 5341.6 4381 2847.01 2755.03 2745.49 2570.49 3719.56 3901.64 2683.8 3147.25 2560.7 2523.9 2518.58 2497.35 2841.12 4762.56
threshold=0 1 2 8.5000000000000018 2.5000000000000004 56.575158395017745 3 58.693396722426662 17.500000000000004 37.692947463019074 51.347087680989709 4 52.663592111392823 6.5000000000000009 5 6 7 63.480483877733398 38.500000000000007 67.593805405691882 60.514985330220171 155.50000000000003 57.537059418290504 71.670910775630759 33.397179521643693 75.105313457807952 50.641486606622024 1567.5000000000002 282.50000000000006 50.6483757020168
decision_type=9 9 9 2 2 10 9 8 2 8 10 9 8 2 9 9 1 8 2 10 10 2 8 10 8 10 10 2 2 10
left_child=-1 7 3 -3 5 6 27 9 11 -2 -11 24 13 15 16 -6 -15 18 -10 20 -7 25 -23 -24 -9 -22 -14 28 -5 -30
right_child=1 2 -4 4 12 19 -8 8 17 10 -12 -13 26 14 -16 -17 -18 -19 -20 -21 21 22 23 -25 -26 -27 -28 -29 29 -31
leaf_value=-0.068327364479712133 0.029521473643059532 0.21447412278023528 -0.002539133882636488 -0.09208924905308917 0.17774094427156423 -0.066324163732739791 0.071552438486801581 0.76846369624137889 0.44960721622813832 0.60509715667710862 0.1552076947083697 0.01823903277720464 0.052742788148217347 -0.19909300416269726 -0.013985095751729418 -0.022715612298801612 -0.70330101862069105 -0.47713244248319553 -0.34966153303782144 0.14792700273470141 -0.35393635187038158 -0.66616073453426372 -0.37754382216741167 0.08429667512373476 0.17574461000108321 -0.9257902190514975 -0.033021046440914227 -0.48984417242388578 0.022617122176448314 0.68548531673591717
leaf_weight=2307 180 233 75861 793 419 360 1097 20 22 78 160 1007 8042 289 1259 747 31 54 21 71 43 25 63 89 205 35 958 31 413 29
leaf_count=2307 180 233 75861 793 419 360 1097 20 22 78 160 1007 8042 289 1259 747 31 54 21 71 43 25 63 89 205 35 958 31 413 29
internal_value=0.00109394 0.00282989 0.0015193 0.0219956 0.018979 -0.0241771 0.00855546 0.070617 0.0351613 0.185035 0.30265 0.0567744 0.0301823 -0.0138551 -0.0614866 0.0506476 -0.240425 -0.239347 0.0592667 -0.136928 -0.169814 -0.315917 -0.186084 -0.107124 0.21871 -0.610537 0.0436137 -0.046232 -0.0354711 0.0661085
internal_weight=94942 92635 90888 15027 14794 3049 2363 1747 1329 418 238 1232 11745 2745 1579 1166 320 97 43 686 615 255 177 152 225 78 9000 1266 1235 442
internal_count=94942 92635 90888 15027 14794 3049 2363 1747 1329 418 238 1232 11745 2745 1579 1166 320 97 43 686 615 255 177 152 225 78 9000 1266 1235 442
cat_boundaries=0 10 19 29 38 47 57 65 66
cat_threshold=1092616208 2097153 1075838976 8388608 1703936 528384 1678118912 2221424640 612370434 2 140320 134218752 134353424 2148532224 1090588682 1157636096 258 512 2151694344 134283264 2420638224 16777344 2162784 2147484065 33554436 65568 537012480 134218240 20 134217728 512 0 96 257 33554432 32 537012480 512 131072 134217728 131072 2147483648 1073807360 67108864 256 0 2147483648 0 4194320 0 0 2147483648 0 65536 8192 0 4 134217728 528 128 65536 2147483648 0 65536 536879104 2
is_linear=0
shrinkage=0.05


Tree=122
num_leaves=31
num_cat=7
split_feature=9 6 9 7 0 9 9 9 5 4 9 7 6 4 3 0 6 3 3 4 7 9 4 0 0 3 4 0 2 5
split_gain=4763.84 5769.02 3028.67 2672.87 2354.65 10924.2 5549.85 3853.49 5187.42 3791.73 3272.89 3306.19 3269.81 3168.11 3162.68 3422.36 3459.2 2836.88 2824.68 3314.01 2814.17 2764.88 3272.3 2852.47 2799.15 3994.11 4918.34 4311.2 3701.6 2692.74
threshold=0 32.500000000000007 1 50.35353248338982 6.8961020330981606 2 3 4 19.491288840884231 270.50000000000006 5 50.131883645540718 47.500000000000007 276.50000000000006 51.658696014795517 26.909970223445381 41.500000000000007 51.414319983670879 79.534421241290758 337.50000000000006 50.43133720600671 6 6.5000000000000009 89.250050792195992 30.401939523056221 46.244504088170778 393.50000000000006 50.400292809707452 38.003030303030307 32.930864530896606
decision_type=9 2 9 10 10 9 9 9 10 2 9 10 2 2 10 10 2 10 10 2 10 9 2 10 10 10 2 10 10 8
left_child=1 -1 -2 -3 5 18 -7 8 9 -6 12 -12 -10 -11 15 -13 17 20 19 -4 -17 23 -23 24 -9 26 27 -26 29 -29
right_child=2 3 4 -5 7 6 -8 21 10 13 11 14 -14 -15 -16 16 -18 -19 -20 -21 -22 22 -24 -25 25 -27 -28 28 -30 -31
leaf_value=-0.064499907021791508 0.060469638143696249 -0.2964218838225034 0.17437732012314333 -0.94384358157217507 0.053289042807778186 -0.13858963664772497 -0.028159334524050124 -0.0071647823969706792 0.18187484414407262 -0.55870958311217167 -0.071307609864760202 -0.026472286917418843 0.6375141375987895 -0.024433235331760571 -0.0050312008032024139 0.2266029399329893 0.57351144785588637 0.69562743107477831 -0.39053397455385758 0.0064189654298861731 0.054413865459048083 0.17155157815931099 0.00027571462734056847 0.10370585701962901 -0.14944182248995164 -0.046862751957253403 0.20958318886730601 -0.079703985601663585 -0.10427635289588065 -0.71687925375095507
leaf_weight=1678 2059 44 860 25 2527 1405 5903 2351 315 28 347 249 45 3065 534 502 53 24 28 446 450 280 69075 338 392 1910 68 20 53 97
leaf_count=1678 2059 44 860 25 2527 1405 5903 2351 315 28 347 249 45 3065 534 502 53 24 28 446 450 280 69075 338 392 1910 68 20 53 97
internal_value=-0.000885409 -0.0824528 0.000648632 -0.530995 -0.000705963 -0.0255402 -0.0495505 0.00188836 0.0345341 0.00785226 0.0941996 0.0697603 0.232375 -0.0292699 0.0971599 0.13986 0.180109 0.158746 0.105575 0.117019 0.145211 -0.00167852 0.00096705 -0.036703 -0.0464813 -0.0828722 -0.192044 -0.240639 -0.450929 -0.60796
internal_weight=95171 1747 93424 69 91365 8642 7308 82723 8139 5620 2519 2159 360 3093 1812 1278 1029 976 1334 1306 952 74584 69355 5229 4891 2540 630 562 170 117
internal_count=95171 1747 93424 69 91365 8642 7308 82723 8139 5620 2519 2159 360 3093 1812 1278 1029 976 1334 1306 952 74584 69355 5229 4891 2540 630 562 170 117
cat_boundaries=0 10 19 28 38 47 52 61
cat_threshold=0 27394048 2232320 12584960 1207972360 4096 655616 73417745 541065220 4 620889152 67182880 134218256 2147483648 4259970 69224452 50335744 524288 8391688 2420654080 788672 2151677952 1358962700 32 1572864 1342440004 1114114 16640 33554948 0 1090584704 33558528 2097152 2164260866 2826994738 536879104 16785458 9 1207959692 2147484672 65792 136335458 17465345 2 2223014914 512 524832 0 0 256 16386 131072 1593360 135809152 34603008 268501256 4 1224744960 1074069572 2 67125632
is_linear=0
shrinkage=0.05


Tree=123
num_leaves=31
num_cat=7
split_feature=9 9 2 2 0 3 7 9 9 3 4 3 0 9 7 3 7 4 5 9 4 5 6 0 0 4 0 0 9 2
split_gain=4733.74 3158.86 2925.75 3602.26 3141.72 2807 2735.18 15154.2 6367.43 3515.79 5500.36 3370.86 3347.13 3124.27 5477.99 4848.65 2732.49 3341.11 2697.43 4020.91 3650.56 2956.37 2899.87 2744.32 2521.42 2482.42 2479.52 2808.38 2620.44 2900.33
threshold=0 1 14.501851851851853 15.880831643002031 32.39689235848747 35.036359930215106 50.706875230106881 2 3 25.720207961335195 159.50000000000003 77.311278236377248 29.503968931403602 4 50.619616778373633 72.249895390562457 50.374379493941831 71.500000000000014 32.930864530896606 5 575.50000000000011 47.643638477657611 26.500000000000004 37.273426082525972 89.779441208724876 17.500000000000004 57.414803398295795 58.70700851707776 6 16.006250000000005
decision_type=9 9 10 10 10 10 10 9 9 10 2 8 10 9 10 8 10 2 10 9 2 10 2 10 10 2 8 8 9 8
left_child=2 25 4 16 5 -1 13 9 -9 10 12 24 -8 14 15 18 -4 -18 -3 20 23 -22 -21 -20 -10 -2 -11 -28 -29 -30
right_child=1 6 3 -5 -6 -7 7 8 11 26 -12 -13 -14 -15 -16 -17 17 -19 19 22 21 -23 -24 -25 -26 -27 27 28 29 -31
leaf_value=-0.020568307203495451 0.17024524845506273 -0.037046004290815879 0.52951510860432838 -0.062913710938074061 -0.54136002188379118 -0.28809119341203149 0.30444973809965731 0.021998139920688324 -0.10146916142839638 0.16037129824207572 0.83290984304838411 -0.74527938485145573 -0.38586687012152243 0.00041659483033450472 -0.23102783123792059 -0.5885240488930753 0.33794661660989128 -0.43739020588497324 0.85231356678737535 0.027672929083025523 0.2383209070339799 -0.48096025947481397 -0.5291659090518952 0.28660441437419854 0.29997835092246533 0.035163459401187334 -0.26268432314197221 -0.15610363468923402 0.48773552932290604 0.083701971839856587
leaf_weight=223 432 3542 46 1488 55 175 87 2645 1765 1204 43 20 22 78739 355 38 33 24 36 361 50 20 25 53 40 1599 63 103 46 1291
leaf_count=223 432 3542 46 1488 55 175 87 2645 1765 1204 43 20 22 78739 355 38 33 24 36 361 50 20 25 53 40 1599 63 103 46 1291
internal_value=0.000403131 0.00206856 -0.0746741 -0.0431194 -0.187147 -0.138198 0.000681924 0.0299648 -0.027588 0.119626 0.354034 -0.0991823 0.16512 -0.0018969 -0.0424643 -0.0263394 0.24284 0.011489 -0.0211123 0.0824421 0.285031 0.032812 -0.00817985 0.515431 -0.0925728 0.0635827 0.106906 0.064076 0.0783718 0.0968783
internal_weight=94623 92579 2044 1591 453 398 90548 7329 4470 2859 152 1825 109 83219 4480 4125 103 57 4087 545 159 70 386 89 1805 2031 2707 1503 1440 1337
internal_count=94623 92579 2044 1591 453 398 90548 7329 4470 2859 152 1825 109 83219 4480 4125 103 57 4087 545 159 70 386 89 1805 2031 2707 1503 1440 1337
cat_boundaries=0 10 19 28 38 48 56 64
cat_threshold=524308 10485760 167774208 12716032 1343750152 1207967752 285212676 69222403 64 2 67117248 402653184 2105856 17039616 2166786 69795840 2147488002 524800 549453834 0 4194304 4456737 135275533 34880 1048578 143148096 1114112 1607424 18432 0 1605632 2113568 0 1 4457097 268839168 81924 4 2147517448 537002368 1048576 2282750541 134217728 2 1275593792 2147483648 541316 4 8 0 0 0 0 0 134217728 2147483648 0 0 0 134217728 32768 0 134217728 65536
is_linear=0
shrinkage=0.05


Tree=124
num_leaves=31
num_cat=7
split_feature=9 5 3 6 9 3 3 4 3 9 1 4 7 5 5 3 5 3 2 1 1 1 9 9 9 7 4 9 2 7
split_gain=4909 3758.62 4230.18 3649.19 3243 3183.23 3664.59 3136.91 4324.92 4560.64 2958.1 5174.94 3214.07 2933.08 2866.73 2816.94 2809.61 2809.39 3182.91 2803.86 3137.37 2639.81 7222.93 3230.65 3227.63 2892.93 3368.55 3233.69 2750.66 2674.67
threshold=0 66.696090285203169 72.249895390562457 9.5000000000000018 1 55.929873365277508 52.886877222512275 23.500000000000004 74.983602448941227 2 250.50000000000003 7401.5000000000009 50.416075716874893 61.769839193746655 84.72230894940104 66.058955227359988 48.906133533602805 52.491367179691018 22.502577319587633 140.50000000000003 72.500000000000014 88.500000000000014 3 4 5 50.329703555288738 1871.5000000000002 6 17.667543859649125 50.488057131524208
decision_type=9 10 10 2 9 8 10 2 10 9 2 2 10 10 10 8 10 10 8 2 2 2 9 9 9 10 2 9 10 10
left_child=1 2 3 13 7 6 -5 8 9 15 11 21 -12 16 -14 -2 -1 18 -3 20 -13 24 25 -24 29 27 -27 -23 -25 -6
right_child=4 17 -4 5 10 -7 -8 -9 -10 -11 12 19 14 -15 -16 -17 -18 -19 -20 -21 -22 22 23 28 -26 26 -28 -29 -30 -31
leaf_value=-0.067169650183607946 0.56448500235942578 0.77494214850087317 -0.78464156172492294 -0.28256078430117587 -0.044736185950303847 -0.71834790538996462 0.18583712193828364 0.031675109903762752 -0.32352903646438624 0.07126617663722884 -0.09488886700444879 0.18725907578468326 0.033316539648407251 -0.54454102357228595 -0.46268530368804933 0.19564075337473266 0.17308685764281162 -0.0089897748153164713 0.074424884950413425 -0.13866492784940279 0.63220720560900101 -0.056469524956893516 0.22738918208121237 -0.090179837615187497 0.0056647052285553083 -0.063110796259918611 0.19030093142199656 -0.29252808598322477 0.057477314532874357 0.0097393449302709961
leaf_weight=1324 111 31 22 212 6236 32 52 3031 43 326 1544 125 1006 30 30 97 134 106 34 39 58 399 257 335 69306 552 172 234 5392 3528
leaf_count=1324 111 31 22 212 6236 32 52 3031 43 326 1544 125 1006 30 30 97 134 106 34 39 58 399 257 335 69306 552 172 234 5392 3528
internal_value=0.00380166 -0.0739623 -0.0955503 -0.0870525 0.00546534 -0.247387 -0.190301 0.0518728 0.158871 0.197716 0.0035829 0.0051545 -0.0491754 -0.0551581 0.0189536 0.374472 -0.0450885 0.149712 0.408518 0.24625 0.328281 0.0045351 0.0332165 0.0567935 0.00187227 -0.0706498 -0.00290801 -0.149246 0.048755 -0.0250271
internal_weight=94798 1977 1806 1784 92821 296 264 3608 577 534 89213 86633 2580 1488 1036 208 1458 171 65 222 183 86411 7341 5984 79070 1357 724 633 5727 9764
internal_count=94798 1977 1806 1784 92821 296 264 3608 577 534 89213 86633 2580 1488 1036 208 1458 171 65 222 183 86411 7341 5984 79070 1357 724 633 5727 9764
cat_boundaries=0 10 19 28 37 46 56 61
cat_threshold=4160 606212096 33554432 134223872 134348800 1073750016 838991872 543179778 8391552 34 16916480 8192 403832840 2164261384 600224 67190792 2147488000 1 138428488 8192 0 134217736 2164260864 524320 67125248 2147483648 0 16392 33554432 4456448 2147483648 4 64 0 0 131072 1024 2048 0 0 1073741824 0 1048576 32 1048576 8192 622752 1209008256 2131968 1652555776 23068672 2147487744 4785216 67143680 1114112 4 0 4194304 2147483648 4 64
is_linear=0
shrinkage=0.05


Tree=125
num_leaves=31
num_cat=14
split_feature=9 4 9 9 9 9 0 1 5 9 0 0 4 9 9 5 9 6 4 9 4 10 9 9 9 4 0 1 0 0
split_gain=5568.15 4331.96 30097.1 12114.3 8516.59 4613.34 4339.37 3980.38 4870.16 3896.98 3319.45 3205.62 3190.14 20130.2 11062.5 9800.35 5885.91 4392.1 3087.34 3033.05 8353.75 4004.64 3008.97 2910.35 2907.26 3821.53 3288.68 2884.73 6011.44 2802.93
threshold=0 14.500000000000002 1 2 3 4 74.801347880997199 18.500000000000004 30.728986473372888 5 27.782181643278459 31.402763151098696 71.500000000000014 6 7 30.235803035642014 8 2.5000000000000004 203.50000000000003 9 730.50000000000011 10 11 12 13 400.50000000000006 11.10153303180403 44.500000000000007 50.721663217001058 23.621225375341169
decision_type=9 2 9 9 9 9 10 2 8 9 8 10 2 9 9 8 9 2 2 9 2 9 9 9 9 2 8 2 10 10
left_child=7 2 -2 -4 6 -6 -5 10 11 -3 29 -9 13 15 -15 17 -14 -11 -10 20 24 27 -7 -12 25 26 -18 -22 -29 -1
right_child=1 9 3 4 5 22 -8 8 18 12 23 -13 16 14 -16 -17 19 -19 -20 -21 21 -23 -24 -25 -26 -27 -28 28 -30 -31
leaf_value=-0.043381909916556827 0.50998917893242479 -0.058115671776623516 -0.27910270989040881 0.34594324827516476 0.17545929961535006 0.097881002903375619 -0.38251285749402913 0.15085884481668474 0.084525482941672447 1.2608469022257676 -0.31760220487179652 -0.56113510450651483 -0.10040764358004423 -0.12312672217182244 0.037819113012029282 0.18186108212829746 0.55031501948833472 0.31047148264944557 0.51271080794157808 -0.00093077077661023069 -0.046110358009222252 -0.063448623224863207 -0.071228084077961967 -0.11663341182588485 0.040438158954337236 0.1963110587008996 0.035521544753816511 0.81544866829082885 0.080378325647291027 0.38192375478419394
leaf_weight=324 325 2594 317 289 316 333 22 25 191 31 243 43 1390 1476 3783 1329 32 20 54 68572 503 2796 1132 816 5332 800 1017 29 680 44
leaf_count=324 325 2594 317 289 316 333 22 25 191 31 243 43 1390 1476 3783 1329 32 20 54 68572 503 2796 1132 816 5332 800 1017 29 680 44
internal_value=0.0023795 0.00403944 0.066047 0.00402074 0.048046 0.00526546 0.285241 -0.085983 0.0749949 0.00216424 -0.121895 -0.299373 0.00395155 0.0372753 -0.00750017 0.206467 0.0012258 0.888151 0.178901 0.00300919 0.0271346 -0.0306699 -0.032386 -0.166848 0.0594353 0.113386 0.0512254 0.0450996 0.110445 0.00746985
internal_weight=94858 93118 2734 2409 2092 1781 311 1740 313 90384 1427 68 87790 6639 5259 1380 81151 51 245 79761 11189 4008 1465 1059 7181 1849 1049 1212 709 368
internal_count=94858 93118 2734 2409 2092 1781 311 1740 313 90384 1427 68 87790 6639 5259 1380 81151 51 245 79761 11189 4008 1465 1059 7181 1849 1049 1212 709 368
cat_boundaries=0 10 19 28 38 47 57 66 76 85 95 96 105 113 120
cat_threshold=1092616220 270663680 268435456 16783360 1224867968 1140854784 536870914 2149597184 2285897732 2 533504 2147778817 1243611176 1074790416 524578 0 328832 4194304 67108864 1182208 0 1638657 138429450 512 142606339 134742529 0 80 4096 1077954560 4196352 2097184 4227073 2097152 2258632704 538050560 536872192 4 4210688 134217796 32768 2147745792 8192 83980 1073758464 84156672 17235968 268436480 1140850960 1226833928 0 2 18876420 1191444736 608174082 604635138 32 536873088 128 33882368 66821 5120 2 8471112 327680 1147712 138477632 4194305 8324 2097152 557320 2415935489 136314928 268578816 16801808 17 2684354688 0 37748736 257 2102272 8 4199488 0 768 69696 521 77840 141557760 557324 2550153216 134217764 8192 42000 4 6 2550431904 109051904 2147484160 268509184 2099204 286785536 80 4096 520 1073741832 2097152 0 4096 16777216 1073741824 0 2147500032 64 0 16 4194304 33032 0 134217732
is_linear=0
shrinkage=0.05


Tree=126
num_leaves=31
num_cat=13
split_feature=9 9 4 3 10 9 9 2 9 9 2 4 6 6 9 4 9 11 9 5 3 4 9 9 6 2 7 7 7 7
split_gain=4052.29 3823 3702.96 4751.59 2505.44 9206.73 6920.48 5553.3 7352.9 4090.71 3746.42 3656.89 4041.6 5044.83 3287.2 2976.05 7764.57 2906.05 5373.81 3388.82 3541.05 2825.15 2892.93 2686.68 2645.38 2507.07 2484.48 2301.84 2269.5 2247.94
threshold=0 1 12.500000000000002 73.513959813272578 2 3 4 12.802777777777779 5 6 10.954545454545455 1268.5000000000002 34.500000000000007 69.500000000000014 7 324.50000000000006 8 9 10 11.845924713308078 15.134879662893555 282.50000000000006 11 12 176.50000000000003 13.98648648648649 50.424908815246077 41.743524848889926 50.09954459517548 50.183838393553827
decision_type=9 9 2 10 9 9 9 10 9 9 10 2 2 2 9 2 9 1 9 10 10 2 9 9 2 10 10 10 10 10
left_child=-1 2 3 -2 6 7 -3 8 26 -7 27 17 -13 28 -8 16 -16 18 19 25 -21 -19 -23 -17 29 -9 -6 -10 -14 -11
right_child=1 4 -4 -5 5 9 14 11 10 24 -12 12 13 -15 15 23 -18 21 -20 20 -22 22 -24 -25 -26 -27 -28 -29 -30 -31
leaf_value=-0.064794541403924044 0.30172682922338545 -0.061052370189420752 0.037883491815992792 -0.40532546180945178 0.12066858792292678 -0.054287081003796402 0.037548926208249296 -0.2833955627906582 -0.17663003792986276 -0.026607140870605863 0.67997676051354838 -0.0041463879764907889 -0.24945777808221017 0.20924148629818645 0.10079335444062328 0.00015663434543349456 -0.0070525209106795913 0.076548059808791646 0.06215727781993681 0.22225888764316384 1.1004676167426319 0.021177946472711841 -0.19297151886630526 -0.035978085547688832 0.57714946396648892 0.26306882730685172 -0.22096439101194082 0.31670467990639684 -0.73068694157563918 0.0070628496368383351
leaf_weight=2465 276 5744 878 26 121 3478 4576 23 26 5843 70 666 49 35 2051 9763 8773 494 4393 22 24 327 297 10875 20 240 95 261 49 32700
leaf_count=2465 276 5744 878 26 121 3478 4576 23 26 5843 70 666 49 35 2051 9763 8773 494 4393 22 24 327 297 10875 20 240 95 261 49 32700
internal_value=-0.00165819 3.69035e-05 0.0890755 0.240855 -0.00112713 0.00651456 -0.010131 0.05875 0.208159 -0.00243325 0.342414 0.0459045 -0.0543994 -0.306042 -0.00200007 -0.00776239 0.0134694 0.0596748 0.076903 0.275609 0.680455 -0.0127822 -0.0835021 -0.0189016 0.00225631 0.215279 -0.0282775 0.272012 -0.490072 0.00195858
internal_weight=94660 92195 1180 302 91015 49233 41782 7192 573 42041 357 6619 799 133 36038 31462 10824 5820 4702 309 46 1118 624 20638 38563 263 216 287 98 38543
internal_count=94660 92195 1180 302 91015 49233 41782 7192 573 42041 357 6619 799 133 36038 31462 10824 5820 4702 309 46 1118 624 20638 38563 263 216 287 98 38543
cat_boundaries=0 9 18 19 28 38 45 55 64 74 75 79 88 97
cat_threshold=2147483696 1075838977 134219784 12584960 1477575168 1140862976 268567552 4734976 604536832 132096 201327648 2228752 2147745856 17309696 2097156 258 2214595584 146819208 104 222298120 0 1075060992 1342193932 33027 135790595 6815748 262144 66048 289423360 32768 1342513156 1073745932 33026 135790600 786468 131072 1344 12 67108864 0 8192 1073758464 32769 1 2097152 1147456 8388608 50331680 135266304 4264 301989888 2181136400 538972688 48 16 37440 42008640 33554432 135274545 4104 33570816 2703327248 4608 8210 1114112 262144 2147516448 2097152 2147483648 8388608 142623360 537927680 0 1 2 134217728 0 0 16396 0 0 262144 1073758208 0 0 0 0 65536 134219784 4456448 524545 65538 2112 268435457 134218377 16777472 16777216
is_linear=0
shrinkage=0.05


Tree=127
num_leaves=31
num_cat=13
split_feature=9 9 3 2 11 9 9 9 0 2 1 0 10 1 9 9 9 1 0 9 9 7 2 1 7 1 3 1 9 0
split_gain=3856.78 3192.03 3058.03 3259.04 2503.19 7732.28 3988.46 3575.81 2768.53 3332.68 2872.99 2607.06 2545.83 4489.13 3949.72 3380.99 3039.94 2733.82 2558.81 2540.19 2525.72 3876.71 2343.57 2312.62 2280.56 2294.51 2522.01 2653.21 2422.76 2342.99
threshold=0 1 74.983602448941227 11.516666666666667 2 3 4 5 53.953294367046304 25.25105042016807 55.500000000000007 71.313227629310234 6 2.5000000000000004 7 8 9 218.50000000000003 59.528616352580343 10 11 50.319155284902529 25.44601909630855 346.50000000000006 50.344223823597069 284.50000000000006 67.453205105959668 29.500000000000004 12 74.516234831499176
decision_type=9 9 8 8 1 9 9 9 8 8 2 10 9 2 9 9 9 2 8 9 9 10 10 2 10 2 10 2 9 8
left_child=2 -2 3 -1 7 8 -7 -3 20 -10 -11 -12 13 14 22 17 23 -15 -17 -8 21 -6 -9 -14 25 26 28 29 -21 -28
right_child=1 4 -4 -5 5 6 19 12 9 10 11 -13 16 15 -16 18 -18 -19 -20 24 -22 -23 -24 -25 -26 -27 27 -29 -30 -31
leaf_value=0.37703149115167012 0.053321919796113719 0.037598245069169534 -0.50034370496869085 -0.074063735787119528 0.5951756501001203 -0.040879311246480483 0.14067900404785369 0.48095536167378977 -0.41102716254185784 -0.15819750391043275 0.2622194527559692 -0.1493496155025254 -0.040342155290743933 0.062236809161962718 0.051306113650508481 -0.073017238764644402 -0.0018994486976384871 -0.19572840020904003 0.0065426964057107287 0.24419701582316877 -0.074072494870395203 0.0098223863423547962 0.16851053666905502 -0.33851246356851228 -0.004289293877110161 -0.19067277598839541 -0.65911511033773429 0.14558766913269797 0.070167258733082105 -0.10371047497679622
leaf_weight=41 2792 6573 41 1710 36 3560 444 113 113 966 84 71 4426 3303 454 1191 55408 106 6673 266 1278 132 128 66 3507 78 28 62 843 59
leaf_count=41 2792 6573 41 1710 36 3560 444 113 113 966 84 71 4426 3303 454 1191 55408 106 6673 266 1278 132 128 66 3507 78 28 62 843 59
internal_value=-0.000640013 0.000767385 -0.0730881 -0.0635013 -0.000869298 -0.0226258 -3.19026e-05 0.00232773 -0.0968493 -0.152222 -0.126134 0.0736943 -0.000903192 0.0201403 0.143487 0.0125536 -0.00511033 0.054057 -0.00549963 0.0274979 -0.0502645 0.127657 0.302459 -0.0446238 0.0168531 0.0724782 0.0887944 -0.104347 0.114744 -0.282461
internal_weight=94552 92760 1792 1751 89968 11527 8847 78441 2680 1234 1121 155 71868 11968 695 11273 59900 3409 7864 5287 1446 168 241 4492 4843 1336 1258 149 1109 87
internal_count=94552 92760 1792 1751 89968 11527 8847 78441 2680 1234 1121 155 71868 11968 695 11273 59900 3409 7864 5287 1446 168 241 4492 4843 1336 1258 149 1109 87
cat_boundaries=0 10 20 21 31 41 50 51 60 70 79 87 95 103
cat_threshold=2097248 2097152 65544 541065472 139264 1075914760 541196352 2153794560 671089024 2 131092 8917120 135168 2147614753 17367589 4098 2148270080 512 2151680008 4 2 37816320 2048 262320 136331272 34816 68173828 75567616 538050560 17833984 17 268435456 2168717312 1627914241 268511238 2097216 411041792 16560 0 753696 32 1074069504 184549640 1880097296 402669582 130 67108868 67108864 873070592 1048640 2 16384 262144 294916 8192 0 1 128 8192 65536 4210688 4194304 2147483780 2097152 2147519488 9437184 33587200 17833984 16842752 9 536893064 1073774592 4194304 59769408 1085448 2156937216 1073741830 259 512 536892928 4 0 1048592 256 33554432 4 4352 0 0 0 0 34816 0 0 1048576 8 0 0 1024 0 1 1 16777216
is_linear=0
shrinkage=0.05


Tree=128
num_leaves=31
num_cat=12
split_feature=9 9 2 7 9 2 9 9 1 9 5 7 2 6 2 9 9 9 6 0 9 6 5 7 0 6 9 5 1 11
split_gain=4743.09 4095.06 3253 4964.74 4278 3002.77 2927.75 2856.1 5155.79 3913.7 5580.63 4097.73 4086.4 3255.36 3130.34 6548.08 5486.43 4078.33 4734.37 4061.65 9607.55 5058.12 3770.44 3672.09 3658.87 3945.17 4555.26 3601.42 3562.68 3291.93
threshold=0 1 30.400087565674259 50.44076508471715 2 21.741338112305858 3 4 52.500000000000007 5 45.795608963871182 50.363622644613208 26.003012048192776 59.500000000000007 23.503968253968257 6 7 8 57.500000000000007 49.074316285113973 9 20.500000000000004 71.29317958714114 50.86553855307092 79.881990093412227 9.5000000000000018 10 54.939230031418688 246.50000000000003 11
decision_type=9 9 8 10 9 8 9 9 2 9 8 10 10 2 10 9 9 9 2 10 9 2 8 10 10 2 9 8 2 1
left_child=-1 2 3 5 -5 -2 -4 8 -3 10 -10 13 -13 -12 15 -9 -16 18 -18 28 22 24 -21 29 25 26 27 -22 -17 -24
right_child=1 7 6 4 -6 -7 -8 14 9 -11 11 12 -14 -15 16 19 17 -19 -20 20 21 -23 23 -25 -26 -27 -28 -29 -30 -31
leaf_value=-0.074495304986319871 -0.03169374913103714 0.026595158986708851 -0.14358909782645429 -0.030730943620909713 0.29019510574436636 0.1475907751371078 0.038857143385977296 -0.073640528066391042 -0.5940935375293096 0.0033973653286713925 -0.25870921164843952 -0.54763660738545084 0.04612884889923137 0.08193879805943545 -0.059694037083722423 0.0037759527877841074 0.053588716741275938 0.0038894386954581397 0.47829462513605608 0.091155698241428218 -0.37400167302651838 0.065606672635179483 -0.035781806113598463 0.23613915333392477 -0.39540290739757339 -0.31727075907726621 -0.17770981154646454 0.052745494747759129 0.42649332046508787 -0.32400761716101972
leaf_weight=2038 589 17562 259 138 469 387 1195 4417 60 1404 401 31 444 85 3169 16019 3182 38327 67 1042 55 289 1087 113 151 258 814 489 50 109
leaf_count=2038 589 17562 259 138 469 387 1195 4417 60 1404 401 31 444 85 3169 16019 3182 38327 67 1042 55 289 1087 113 151 258 814 489 50 109
internal_value=0.00076919 0.00243233 0.0594364 0.109226 0.221508 0.0393955 0.00563782 0.000494293 0.01715 -0.0511814 -0.125042 -0.0970584 0.00737784 -0.199131 -0.0042879 -0.0185012 0.00361844 0.00845656 0.0621556 -0.0065676 -0.0490936 -0.127692 0.0201001 -0.0363086 -0.160029 -0.138036 -0.103984 0.00942681 0.00509127 -0.0620499
internal_weight=94700 92662 3037 1583 607 976 1454 89625 19987 2425 1021 961 475 486 69638 24893 44745 41576 3249 20476 4407 2056 2351 1309 1767 1616 1358 544 16069 1196
internal_count=94700 92662 3037 1583 607 976 1454 89625 19987 2425 1021 961 475 486 69638 24893 44745 41576 3249 20476 4407 2056 2351 1309 1767 1616 1358 544 16069 1196
cat_boundaries=0 9 18 26 35 44 53 63 73 83 93 102 103
cat_threshold=524384 137364480 437387784 4096 9 1071104 285736960 71843840 549453952 143492 1073745920 8208 2182087200 197638 1210122242 33554434 1536 2147484744 0 0 8192 1048576 4 0 33554432 512 128 0 16 0 65536 2 2 0 1088 67371016 4491424 2684616704 213080 2281705728 268435456 537137152 536879360 526848 8 4456448 262144 16 2147483648 0 0 0 512 1645248512 293601793 17373440 134218752 524288 2215116801 131076 2147553280 16908304 32 2147484688 590080 1075839008 272631808 1092616224 16777216 2218788608 268730370 67109126 4 1209040896 8389120 594176 136314882 0 67633152 8388612 69632 17039360 9 134218752 0 37 1075847168 16810080 33554432 2164256 16777216 65536 4 16777216 0 128 0 10240 0 128 1179648 1057024 2
is_linear=0
shrinkage=0.05


Tree=129
num_leaves=31
num_cat=7
split_feature=9 3 9 4 9 3 1 10 9 5 0 0 4 5 4 4 0 5 7 0 0 0 9 7 9 4 7 4 7 6
split_gain=4561.58 3582.28 3459.47 4436.75 4939.63 5531.33 4662.72 4090.49 2086.14 2343.12 2818.88 2040.28 1989.39 1975.72 2257.47 2055.93 1927.37 3258.89 2180.1 1830.33 2237.83 1747.13 2139.22 2958.16 3224.18 3312.59 2964.68 5564.49 4971.08 2640.29
threshold=0 64.674564579882954 1 80.500000000000014 2 46.551918583481275 3.5000000000000004 3 4 97.274844523952183 62.852618218946795 48.380580893955639 12.500000000000002 59.809433522589721 20.500000000000004 14.500000000000002 94.028306344772901 56.407469600951856 50.598712666763085 81.959486922010242 76.176852015310388 95.031976712647477 5 50.557987721372932 6 264.50000000000006 50.569568054948341 74.500000000000014 50.578125997039535 7.5000000000000009
decision_type=9 8 9 2 9 8 2 9 9 10 8 8 2 10 2 2 8 10 10 10 10 10 9 10 9 2 10 2 10 2
left_child=1 16 3 4 5 -2 12 -5 -4 21 -11 13 -7 14 15 -6 19 18 -18 20 -1 22 23 29 25 -25 27 -26 -28 -10
right_child=2 -3 8 7 11 6 -8 -9 9 10 -12 -13 -14 -15 -16 -17 17 -19 -20 -21 -22 -23 -24 24 26 -27 28 -29 -30 -31
leaf_value=-0.037898105835249593 1.1845483028075912 -0.3408605337206625 -0.021958269185271707 -0.22824774515552401 0.13111952050732306 0.40442531965672973 0.88041249712308256 0.039800752877703259 0.012360051574868632 0.7072837332020635 0.10779574817900819 0.035500176562838513 -0.18661323547363284 0.65703617393970493 0.23190050242602217 -0.24250269976624272 -0.20308115935509968 -0.75124379396438601 0.17327069727859151 0.36298505941605463 -0.52398320908347773 0.069765132243142527 0.005957107202030118 0.084147001638100044 -0.79271671757102014 -0.044581212944322594 0.2728972646389522 -0.14357476063841393 -0.083942126298848646 -0.035958622290071643
leaf_weight=1764 22 117 9684 185 104 24 24 521 9828 23 133 679 35 20 293 57 194 23 48 28 24 946 60848 734 40 1566 102 189 2262 3969
leaf_count=1764 22 117 9684 185 104 24 24 521 9828 23 133 679 35 20 293 57 194 23 48 28 24 946 60848 734 40 1566 102 189 2262 3969
internal_value=-0.000311292 -0.0713335 0.0013878 0.0668676 0.123506 0.437954 0.292827 -0.0331078 -4.32283e-05 0.00259093 0.196182 0.0902889 0.0538092 0.170678 0.149252 -0.00115667 -0.0565226 -0.182488 -0.128433 -0.0381411 -0.0444227 0.00221602 0.00141261 -0.0133787 -0.0467885 -0.00348497 -0.0848582 -0.256962 -0.0685455 -0.00153984
internal_weight=94486 2198 92288 1964 1258 105 83 706 90324 80640 156 1153 59 474 454 161 2081 265 242 1816 1788 80484 79538 18690 4893 2300 2593 229 2364 13797
internal_count=94486 2198 92288 1964 1258 105 83 706 90324 80640 156 1153 59 474 454 161 2081 265 242 1816 1788 80484 79538 18690 4893 2300 2593 229 2364 13797
cat_boundaries=0 9 19 25 26 36 45 54
cat_threshold=69210120 94389248 69632 536870913 134414976 69222400 67108928 270548992 13107204 139280 268443816 52428800 2197815552 1090519082 1073811470 536870914 0 134234120 16 8192 0 33554432 2147483648 0 65536 16 50331712 524288 264324 272634368 0 2164271104 430848 2147483650 604054800 32 5260288 542113796 4325376 8454180 2147516673 0 35651713 536907776 2164687040 4195328 0 4194304 65572 0 0 2097281 0 393216
is_linear=0
shrinkage=0.05


Tree=130
num_leaves=31
num_cat=12
split_feature=9 9 9 7 3 11 4 3 9 3 6 9 9 0 1 1 6 5 9 6 9 9 9 3 0 9 5 5 4 4
split_gain=5026.48 4417.62 2430.48 3141.45 2149.97 2147 3597.48 2718.45 2744.12 2606.52 2490.31 5784.92 3587.75 2569.69 2730.72 2634.64 2617.23 2089.71 8231.98 4658.37 13841.5 5608.82 3841.81 3701.15 3896.41 3609.3 4891.12 3878.57 3551.56 3354.73
threshold=0 1 2 50.97379390343044 13.089645694492372 3 10.500000000000002 71.760975876409063 4 32.297678194524515 17.500000000000004 5 6 60.863459616494644 31.500000000000004 3.5000000000000004 39.500000000000007 47.342468283636322 7 23.500000000000004 8 9 10 70.100111956920188 67.185579698645157 11 19.491288840884231 46.095420523682158 6.5000000000000009 53.500000000000007
decision_type=9 9 9 10 10 1 2 8 9 10 2 9 9 10 2 2 2 8 9 2 9 9 9 10 8 9 10 10 2 2
left_child=-1 4 3 5 -2 6 9 8 -7 -3 12 -12 -8 -13 15 -15 -16 18 23 21 -21 28 -23 -4 -25 26 -20 29 -19 -28
right_child=1 2 17 -5 -6 7 10 -9 -10 -11 11 13 -14 14 16 -17 -18 19 25 20 -22 22 -24 24 -26 -27 27 -29 -30 -31
leaf_value=-0.07819667042114159 0.46850564815104012 0.074026812976669701 -0.092634208860280995 -0.12303711872828041 0.056569271256241282 0.2240031022807224 0.063353474189950687 -0.58616198187782653 -0.028977372170740846 0.47154826746080758 0.15220861449084841 -0.20651636117343816 -0.016356328378014519 -0.4127225822210312 -0.085435129860614217 0.12832955371008978 -0.62878672336709918 0.30523369221425639 -0.019830804406088129 0.1391407856019132 -0.017454462107773006 -0.05628860522173449 -0.004890401491043121 -0.18713494153185325 -0.9791343867778779 -0.015421489239663492 0.57085154755247969 -0.39410834680585305 0.034163328967903986 0.12951533487607877
leaf_weight=1964 32 84 2418 359 3115 104 5626 21 1803 81 277 371 1884 25 94 225 29 123 1061 2297 3634 3928 47441 44 24 9856 45 34 6867 998
leaf_count=1964 32 84 2418 359 3115 104 5626 21 1803 81 277 371 1884 25 94 225 29 123 1061 2297 3634 3928 47441 44 24 9856 45 34 6867 998
internal_value=0.000755492 0.00243278 0.000387952 0.0224117 0.0605656 0.0273478 0.0379314 -0.0203885 -0.0141582 0.269174 0.0334589 -0.0398074 0.0434196 -0.11184 -0.0206693 0.0742243 -0.213542 -0.00268531 -0.0198458 0.00117931 0.043398 -0.00311136 -0.00883083 -0.102453 -0.466664 -0.00263612 0.0561008 0.131425 0.0388776 0.148557
internal_weight=94864 92900 89753 10983 3147 10624 8696 1928 1907 165 8531 1021 7510 744 373 250 123 78770 14480 64290 5931 58359 51369 2486 68 11994 2138 1077 6990 1043
internal_count=94864 92900 89753 10983 3147 10624 8696 1928 1907 165 8531 1021 7510 744 373 250 123 78770 14480 64290 5931 58359 51369 2486 68 11994 2138 1077 6990 1043
cat_boundaries=0 9 19 29 30 35 43 53 62 71 81 91 100
cat_threshold=2098192 153092096 1056768 683741184 1215299588 0 256 73417746 2219311104 139268 1082130464 134742528 2147747840 16785410 86065166 2416443392 512 25182216 4 524296 2182119440 809762952 17842272 2147484192 0 1124077568 2684354560 10372 8 2 0 16 0 17825824 32 8 0 128 16416 0 0 33554432 536870912 524288 2148532224 537133056 16793664 2147483648 0 4096 536870912 8192 8 1112625216 272646144 2164260864 2097168 2376 8388609 327760 131072 536937984 1246758912 0 98308 8208 2304 2155872256 8389248 8192 393216 327712 4211205 2149580800 256 528392 1074790400 134545408 131072 536870976 16 1744863360 595136 4372 2 131073 268959744 606110724 0 295170 2 671088768 262272 4352 11 0 268435456 69206148 16842752 272
is_linear=0
shrinkage=0.05


Tree=131
num_leaves=31
num_cat=3
split_feature=9 9 5 0 9 6 3 3 4 3 4 4 4 0 7 1 1 5 7 3 5 0 5 7 1 4 6 0 6 0
split_gain=5018.97 3193.06 3534.04 3099.97 3336.05 4357.25 3619.46 4129.14 2486.99 2390.5 2060.28 1892.69 2325.02 2338.11 2167.75 1958.27 2317.74 3124.17 3031.23 2010.07 3204.58 1882.64 2955.8 2342.27 3767.17 2295.33 2242.98 2242.05 1928.72 1809.49
threshold=0 1 93.454676376360354 43.936456667959767 2 9.5000000000000018 55.313879291776864 54.593240856307581 115.50000000000001 72.249895390562457 4.5000000000000009 10.500000000000002 8.5000000000000018 52.663263358934024 47.55051835618611 24.500000000000004 46.500000000000007 37.542370103421355 50.332577317861713 35.036359930215106 24.240822422786362 73.662067514329422 57.537059418290504 50.196063337148722 28.500000000000004 26.500000000000004 8.5000000000000018 64.016295022174731 16.500000000000004 64.9436005445029
decision_type=9 9 10 8 9 2 10 8 2 8 2 2 2 10 10 2 2 8 10 10 8 8 10 10 2 2 2 10 2 10
left_child=11 2 3 10 6 9 7 -5 -9 -6 -2 12 13 14 -1 -13 19 -18 -19 20 -17 23 25 27 26 -23 -25 -8 -28 -26
right_child=1 -3 -4 4 5 -7 21 8 -10 -11 -12 15 -14 -15 -16 16 17 18 -20 -21 -22 22 -24 24 29 -27 28 -29 -30 -31
leaf_value=-0.42812931934992476 0.49661457306239759 -1.2740201283402723e-05 0.5667014153166251 -0.032354715590310446 -0.24612387731516117 -0.56526708986078 -0.50607797280244993 0.92296056825181716 0.20252790594100956 0.051329094180440973 -0.016234169999246508 0.033899306575292533 0.50019983291549952 0.50122828422223831 0.11086702989693174 0.0019608184220269321 -0.57241072714328767 0.27607581911885992 -0.15504956709014045 0.15370721768310169 0.69300772296447377 0.1264289720058441 -0.59386701114634255 0.028855888041046759 0.73205873906612406 -0.35266732329130179 -0.62953117897113176 -0.020247700445829554 -0.071491833712570951 0.17531970083989479
leaf_weight=21 20 89477 22 85 240 84 48 23 25 94 940 2548 49 34 167 25 20 94 72 161 51 50 47 120 20 50 30 47 32 54
leaf_count=21 20 89477 22 85 240 84 48 23 25 94 940 2548 49 34 167 25 20 94 72 161 51 50 47 120 20 50 30 47 32 54
internal_value=0.000745895 -0.00142328 -0.0632612 -0.0704746 -0.129891 -0.23768 -0.0538665 0.177001 0.547735 -0.16241 -0.00554982 0.0617865 0.188471 0.119666 0.05066 0.0504389 0.150068 0.0179535 0.0890817 0.253752 0.46569 -0.116606 -0.266828 -0.0536921 0.0249901 -0.113119 -0.097313 -0.26572 -0.341511 0.32579
internal_weight=94750 91508 2031 2009 1049 418 631 133 48 334 960 3242 271 222 188 2971 423 186 166 237 76 498 147 351 256 100 182 95 62 74
internal_count=94750 91508 2031 2009 1049 418 631 133 48 334 960 3242 271 222 188 2971 423 186 166 237 76 498 147 351 256 100 182 95 62 74
cat_boundaries=0 9 19 28
cat_threshold=539107368 8192 131088 3775926560 16785417 0 604504064 608698368 138428424 528384 153109504 512 264192 1179650 1209532418 1090682880 2149598208 2222982272 2 528384 0 512 0 131072 1048576 16777216 0 1152
is_linear=0
shrinkage=0.05


Tree=132
num_leaves=31
num_cat=6
split_feature=9 5 9 3 2 4 4 0 5 9 4 0 6 6 2 4 10 0 9 5 6 2 2 2 0 2 0 6 6 10
split_gain=5021.07 6436.03 3067.9 4362.48 2973.5 2852.01 2351.75 3570.9 2312.59 2178.84 3219.31 4410.49 4193.99 3899.24 3630.98 3044.12 3199.71 2843 4243.62 2504.68 2404.24 2849.34 4278.33 3914.66 2308.25 2542.28 2834.24 2336.51 2248.63 2626.18
threshold=0 74.372531791370974 1 72.249895390562457 11.980000000000002 264.50000000000006 83.500000000000014 24.458396351866039 51.248225875779532 2 909.50000000000011 77.321803775304431 24.500000000000004 9.5000000000000018 89.533936651583716 1137.5000000000002 3 63.095316451067596 4 81.957446079134584 16.500000000000004 21.995305164319252 27.783867200533869 16.420203735144316 15.329255579072045 34.50263157894738 38.536735021077725 86.500000000000014 9.5000000000000018 5
decision_type=9 10 9 10 8 2 2 10 10 9 2 10 2 2 10 2 9 8 9 10 2 8 8 10 10 10 10 2 2 9
left_child=1 8 3 4 -2 6 -6 -8 -1 10 17 12 14 -13 15 16 -12 18 -4 -19 21 23 -23 -18 -14 26 -26 -27 29 -20
right_child=2 -3 9 -5 5 -7 7 -9 -10 -11 11 13 24 -15 -16 -17 20 19 28 -21 -22 22 -24 -25 25 27 -28 -29 -30 -31
leaf_value=-0.069645375339986881 0.46390877356942828 -0.7275100910001332 0.15964722171458412 -0.46161566251202635 0.10114871281964025 0.56911724659481222 0.061285253929838149 -0.21973355990919199 0.076952441548772885 -0.0013076582689598164 0.025806100910766891 -1.0270124232769013 -0.22231709924526513 -0.13705027699470521 0.18144637659459772 -0.017594312523640358 -0.20443031658728916 -0.0093201279113403219 0.15909654673206333 0.28586691261546032 -0.58250658767563956 -0.68789740727872273 -0.18132198097110863 0.43903737173248558 0.78719578319125716 0.11112425684632354 0.2253195917527927 -0.44314694319452558 -0.044260962593039556 0.036098308478459462
leaf_weight=2683 49 36 933 38 1119 28 359 165 299 80382 194 20 42 32 167 1328 60 2487 525 74 42 49 279 39 27 201 133 21 647 2421
leaf_count=2683 49 36 933 38 1119 28 359 165 299 80382 194 20 42 32 167 1328 60 2487 525 74 42 49 279 39 27 201 133 21 647 2421
internal_value=0.000589516 -0.0627609 0.00267737 0.0679051 0.0799986 0.0687409 0.0602135 -0.0272035 -0.0549463 0.00139732 0.0237429 -0.0234302 -0.0142484 -0.479343 -0.0424948 -0.0612784 -0.148778 0.041309 0.0651308 -0.000790709 -0.21692 -0.18604 -0.256999 0.049057 0.129515 0.168198 0.320136 0.0586932 0.0400319 0.0586801
internal_weight=94879 3018 91861 1758 1720 1671 1643 524 2982 90103 9721 2634 2582 52 2158 1991 663 7087 4526 2561 469 427 328 99 424 382 160 222 3593 2946
internal_count=94879 3018 91861 1758 1720 1671 1643 524 2982 90103 9721 2634 2582 52 2158 1991 663 7087 4526 2561 469 427 328 99 424 382 160 222 3593 2946
cat_boundaries=0 10 19 29 30 38 39
cat_threshold=32904 69861384 270532608 536936704 1074790400 1342193668 2433253378 81924 537395200 1 67239968 268501120 1228931600 2147487808 16973952 65538 260 4195330 138428424 272630784 2592 139520 134217728 524810 121110528 172163072 268443648 141440 8 34 0 0 0 0 524288 2097152 134217728 8192 16
is_linear=0
shrinkage=0.05


Tree=133
num_leaves=31
num_cat=10
split_feature=9 9 7 9 3 6 9 1 2 1 9 5 0 0 3 4 0 0 1 2 9 3 7 9 9 9 4 9 6 5
split_gain=3697.31 2671.22 2572.18 4311.63 3775.33 2509.66 5291.42 4083.52 3323.61 3160.2 2704.02 2580.16 3040.42 3560.08 2483.01 2481.88 2396.52 2674.79 2358.9 2485.98 2226.99 3216.53 2219.78 16177 6373.83 3593.28 3336.25 2584.22 2853.95 4061.73
threshold=0 1 49.953826078376224 2 1.0000000180025095e-35 57.500000000000007 3 289.50000000000006 13.340000000000002 212.50000000000003 4 45.481174107858614 82.774810301876229 25.22762368467686 49.516062982869634 7401.5000000000009 50.091200911579669 54.591079007991091 45.500000000000007 14.251262626262628 5 23.650478372944708 50.142985505019929 6 7 8 10.500000000000002 9 32.500000000000007 75.310952095656816
decision_type=9 9 10 9 10 2 9 2 10 2 9 10 10 10 10 2 10 10 2 10 9 10 10 9 9 9 2 9 2 8
left_child=-1 -2 3 14 -4 10 7 -7 -8 -10 11 12 13 -6 -3 22 -17 -18 19 -15 21 -5 23 27 -25 26 -24 28 29 -12
right_child=1 2 4 20 5 6 8 -9 9 -11 15 -13 -14 18 -16 16 17 -19 -20 -21 -22 -23 25 24 -26 -27 -28 -29 -30 -31
leaf_value=-0.066368768010860738 0.043330154493975669 -0.042334430795404825 -0.30443203527371865 0.77360016817138311 -0.015926854703938436 0.2490187484910712 -0.38915478360652922 -0.46628234613509412 0.05501520433837525 -0.12718162131398084 0.47110860776426144 0.012129971487978612 0.054515364816974082 -0.29300553790847034 -0.39973991769300382 -0.10372675084348382 0.62522033512592312 0.15053968582464303 -0.25673536866869745 -0.074708065987325711 0.043146945035533082 0.14253988771140577 0.24955632512631654 -0.030566414436056313 -0.14786775016198511 -0.0013155084910916387 0.032259541854993877 0.064364300646638936 -0.21285886084040007 0.0215334086478511
leaf_weight=2065 3592 154 103 21 2283 400 50 21 1418 286 138 2484 630 138 71 58 40 115 222 2374 1308 525 182 2845 1964 63316 5999 1969 30 79
leaf_count=2065 3592 154 103 21 2283 400 50 21 1418 286 138 2484 630 138 71 58 40 115 222 2374 1308 525 182 2845 1964 63316 5999 1969 30 79
internal_value=-0.000359796 0.00111584 -0.000588319 0.054375 -0.00189965 -0.00154165 0.0514922 0.208389 0.0125736 0.0244352 -0.00290083 -0.0303 -0.0490178 -0.0620187 -0.148515 6.38919e-06 0.170445 0.273038 -0.100507 -0.0867005 0.0793706 0.163811 -0.000468027 -0.0272531 -0.0786798 0.0022395 0.0385954 0.084324 0.234741 0.307438
internal_weight=94880 92815 89223 2079 87144 87041 2175 421 1754 1704 84866 8131 5647 5017 225 76735 213 155 2734 2512 1854 546 76522 7025 4809 69497 6181 2216 247 217
internal_count=94880 92815 89223 2079 87144 87041 2175 421 1754 1704 84866 8131 5647 5017 225 76735 213 155 2734 2512 1854 546 76522 7025 4809 69497 6181 2216 247 217
cat_boundaries=0 9 19 25 34 44 52 61 71 81 90
cat_threshold=2147483796 278925312 141312 50331648 6 2052 21004290 872432128 750780416 536903680 134217792 136315392 2363400 16917120 18939906 100668416 526336 2148532424 4 65536 65536 1572868 134217732 2147483648 134217729 16384 0 256 0 0 8388608 8388608 0 73730 675840 1575184 805306381 268435492 4195328 67653640 196608 2098176 16418 1 279552 294913 2147745921 0 2048 0 193 8192 16779264 4227208 1074266400 4276242 2281707520 301998080 49 1048832 65536 138412032 3288596484 17137792 2147483904 65600 2147483648 136315008 17076224 17080336 16 1413546048 3254846088 2198863888 134220032 1074266120 1073741824 536871168 2151940096 1024 8 16779264 0 1073741824 16 0 0 0 256 65536
is_linear=0
shrinkage=0.05


Tree=134
num_leaves=31
num_cat=9
split_feature=9 3 9 6 0 5 9 5 9 3 9 0 9 4 6 9 9 9 5 0 0 5 5 3 4 4 4 5 0 4
split_gain=3667.44 4828.74 3455.1 2920.83 2662.72 2260.93 2360.62 2336.88 8577.74 4671.32 2949.18 3523.18 2830.63 3169.44 2604.12 10123.2 3330.03 3074.5 3379.21 2919.86 3331.61 2880.37 2853.82 2674.31 4403.44 2564.17 2535.17 5245.69 5784.05 3219.37
threshold=0 15.754851117370576 1 3.5000000000000004 81.493229333752211 3.2778654425476983 2 47.046769517003348 3 70.100111956920188 4 48.728687967799374 5 1150.5000000000002 22.500000000000004 6 7 8 52.663592111392823 62.852618218946795 64.747144917425857 60.795610024242087 49.63410213461372 55.139764422415276 111.50000000000001 95.500000000000014 234.50000000000003 82.500893055543855 67.185579698645157 228.50000000000003
decision_type=9 10 9 2 8 8 9 8 9 8 9 10 9 2 2 9 9 9 8 10 10 10 10 8 2 2 2 10 10 2
left_child=1 -1 -2 -3 -5 -4 -7 8 9 25 11 -10 13 26 17 19 21 18 23 -16 -21 22 -17 24 -14 -8 29 -28 -29 -9
right_child=2 3 5 4 -6 6 7 12 10 -11 -12 -13 14 -15 15 16 -18 -19 -20 20 -22 -23 -24 -25 -26 -27 27 28 -30 -31
leaf_value=0.63119316342714671 -0.065124892133885184 0.091408430173225641 -0.10268141977635675 0.010517748579292037 -0.26469697829718902 0.021112001009019363 0.11494263562010876 -0.021922958673267386 0.022164776326775819 -0.5161438689074096 -0.012469588173113019 0.21031921951766286 0.95214673849669385 0.25250658999968278 -0.13852791180377003 0.21867485584318641 0.13513561670720134 -0.0041565643673495229 0.020808509612101372 0.38878795224428181 -0.028140929715668995 0.084641223032270729 -0.066045334117933716 0.033567398099474753 0.20879994527529486 -0.10888565722754991 -0.1176715172952823 1.0021993650631471 0.0014162716766198478 0.45378162057863342
leaf_weight=37 2036 1546 527 492 107 12746 136 2951 1083 68 9402 323 22 93 713 100 1683 44508 8710 50 1149 1455 734 212 211 2163 1372 22 42 36
leaf_count=37 2036 1546 527 492 107 12746 136 2951 1083 68 9402 323 22 93 713 100 1683 44508 8710 50 1149 1455 734 212 211 2163 1372 22 42 36
internal_value=0.000642135 0.0645637 -0.00087184 0.0550907 -0.0386441 0.000580535 0.00118536 -0.00210544 -0.0212836 -0.107272 -0.00235036 0.0649277 0.00183835 -0.0362821 0.00473468 0.0363125 0.0816996 0.00127314 0.0276446 -0.0580983 -0.0107544 0.0419936 -0.0319062 0.162068 0.278987 -0.0956448 -0.0424363 -0.0970317 0.345435 -0.0161897
internal_weight=94729 2182 92547 2145 599 90511 89984 77238 13175 2367 10808 1406 64063 4516 59547 5884 3972 53663 9155 1912 1199 2289 834 445 233 2299 4423 1436 64 2987
internal_count=94729 2182 92547 2145 599 90511 89984 77238 13175 2367 10808 1406 64063 4516 59547 5884 3972 53663 9155 1912 1199 2289 834 445 233 2299 4423 1436 64 2987
cat_boundaries=0 9 18 28 38 48 58 68 78 88
cat_threshold=67503188 524288 139280 2147483648 16785540 1090519042 1107296262 525312 4721928 2130080 404881408 1091567616 2048 1075445762 134832140 16777216 4210704 2751463428 0 1140867072 271122816 274743810 2149580872 2048 819990792 67109120 128 2 1112543232 4194320 33554436 16781616 4194560 1 327760 1187840 8192 4 537395200 32768 541069312 1056841 32768 268435456 67125376 553976320 64 8 524800 2701168800 134221824 72 1 271581184 67649568 2149646849 114 4 541065216 4456448 2147745793 16777216 32768 67108864 66048 536870912 17899520 24 1064960 1 0 9216 0 2155872256 128 17825792 0 1 2148601856 12584981 2181300736 1224806656 134222592 0 67136 0 0 17
is_linear=0
shrinkage=0.05


Tree=135
num_leaves=31
num_cat=7
split_feature=9 9 3 9 4 9 5 6 9 2 5 0 6 9 2 4 2 10 0 3 3 4 6 5 4 2 0 5 2 2
split_gain=6297.83 4913.09 2582.59 2533.71 2172.84 2686.94 3051.44 2847.65 4221.85 3316.86 2068.56 2057.25 2145.8 1999.72 2578.13 3001.98 1986.13 2880.32 2483.43 2439.82 2600.54 2497.05 2925.56 2858.75 4411.86 3411.68 2910.35 2240.85 2172.53 2039.17
threshold=0 1 22.203558458763855 2 5584.5000000000009 3 42.427067982942333 57.500000000000007 4 62.601724137931043 76.472064941311501 8.2660578217802705 89.500000000000014 5 55.44353369763207 471.50000000000006 18.353889943074005 6 82.354507810097999 29.189999574858991 30.943756253086864 53.500000000000007 1.5000000000000002 62.244391240997878 288.50000000000006 16.253415300546454 61.573310718635476 65.060564801582842 13.755000000000001 87.528516713091946
decision_type=9 9 10 9 2 9 10 2 9 10 10 8 2 9 10 2 8 9 10 10 10 2 2 8 2 10 10 10 10 10
left_child=-1 2 -2 -3 5 6 13 -7 9 11 -6 -9 -13 14 15 -5 17 -4 19 -19 -21 22 -22 25 -25 28 27 -26 -23 -18
right_child=1 3 16 4 10 7 -8 8 -10 -11 -12 12 -14 -15 -16 -17 29 18 -20 20 21 23 -24 24 26 -27 -28 -29 -30 -31
leaf_value=-0.10213875191640019 0.38233624973840885 -0.032825468197985874 0.01711034857671297 -0.064731207281191333 -0.050003291494424652 -0.004549436950305308 0.054290730764479156 -0.24667800948733376 -0.0040355788828687674 -0.27125163563660215 0.17488701065193935 0.21090642018271641 0.5312714146750589 0.011147512894463417 0.22022171355210818 -0.3793020125352935 0.013183217658396805 0.044995669287032962 -0.34225848262960262 0.74137098259396028 0.29260571911747074 0.04157079190015793 0.91135509622097022 0.0057071218111862743 1.1766647006784168 0.25880651255933251 0.24622243833541871 0.45457779060710557 -0.63581578482327794 0.12051571056844418
leaf_weight=1520 57 6435 552 513 2891 62765 4606 21 688 35 106 333 62 9585 65 89 3433 178 22 27 81 20 25 84 21 41 50 22 29 508
leaf_count=1520 57 6435 552 513 2891 62765 4606 21 688 35 106 333 62 9585 65 89 3433 178 22 27 81 20 25 84 21 41 50 22 29 508
internal_value=-0.00151766 0.000131771 0.0475534 -0.00264245 -0.00026311 0.00132687 0.0204717 -0.0031271 0.0752237 0.191967 -0.0420492 0.235554 0.261192 0.00529748 -0.0777704 -0.111238 0.0439 0.101652 0.176207 0.19899 0.267517 0.233217 0.438537 0.151704 0.268368 -0.0777353 0.505611 0.807225 -0.359331 0.0270185
internal_weight=94864 93344 5150 88194 81759 78762 14858 63904 1139 451 2997 416 395 10252 667 602 5093 1152 600 578 400 373 106 267 177 90 93 43 49 3941
internal_count=94864 93344 5150 88194 81759 78762 14858 63904 1139 451 2997 416 395 10252 667 602 5093 1152 600 578 400 373 106 267 177 90 93 43 49 3941
cat_boundaries=0 9 19 29 39 48 55 56
cat_threshold=33844 1091634208 2101760 536873473 1048576 3221225476 537526272 2151694336 2151680000 1411383424 134750208 33685504 8 1073938433 18948096 262402 537403904 134250752 16 16392 343949313 134217872 58724354 134217992 68159488 2101264 327697 67125248 4 4855808 32784 1879083016 65540 38912 134758408 83952196 67108864 520 1 0 0 260 0 0 8388608 8388608 0 8194 4198400 0 0 0 0 0 65536 40
is_linear=0
shrinkage=0.05


Tree=136
num_leaves=31
num_cat=8
split_feature=9 0 9 3 2 9 7 2 7 2 9 3 2 9 9 3 3 5 3 2 10 5 5 9 1 6 7 6 7 0
split_gain=4488.35 5411.92 3418.56 2534.52 2440.28 2173.01 2252.9 2522.39 2552.35 2111.92 2057.29 1894.2 1850.33 3842.35 2196.4 2457.1 1735.73 2058.26 1715.39 1709.66 1741 1641.57 1626.19 1622.04 1599.59 2177.67 2735.83 2634.99 2086.44 2186.35
threshold=0 68.086552626471558 1 11.53454772502513 11.516666666666667 2 50.380563889162893 12.020833333333334 50.97379390343044 13.007352941176473 3 73.513959813272578 124.12182203389831 4 5 81.675670764408679 69.605450241439357 69.438669887694019 34.16202007909672 139.68333333333337 6 62.73423163387222 6.0048140616166146 7 14.500000000000002 110.50000000000001 50.196063337148722 5.5000000000000009 50.33423614014162 29.503968931403602
decision_type=9 10 9 10 8 9 10 10 10 8 9 10 10 9 9 10 10 10 8 10 9 8 8 9 2 2 10 2 10 10
left_child=1 3 11 -1 -5 6 24 8 10 -6 -8 19 14 -14 15 -7 17 -11 -12 20 23 -3 -16 -2 -4 26 -26 -28 -29 -30
right_child=2 21 5 4 9 12 7 -9 -10 16 18 -13 13 -15 22 -17 -18 -19 -20 -21 -22 -23 -24 -25 25 -27 27 28 29 -31
leaf_value=0.40153341498868222 -0.059386805468539965 -0.734170172115167 0.039865411205299572 0.46379858805310159 -0.48069916851818562 -0.021088569554383776 -0.021546141382975458 -0.03935360180562654 0.045149944447304892 -0.073990661975106078 -0.18726179059985637 -0.41341673284769059 0.2274322051523078 0.019464134442214967 -0.069402363711449241 0.47504164767265317 -0.53162938445806507 0.28199595766408103 -0.44192856811895603 -0.39762892498679103 0.095070279295985508 -0.30525350956053571 0.0024660000344129906 0.048991185856461852 -0.13761891712334101 0.26560702663764618 -0.066778701130884244 0.016802939693886965 -0.028605554242794581 0.43440963251561659
leaf_weight=29 454 30 1482 21 32 14101 107 3457 115 1222 143 22 224 4520 797 25 20 42 123 21 1474 87 63425 1351 519 57 415 168 37 82
leaf_count=29 454 30 1482 21 32 14101 107 3457 115 1222 143 22 224 4520 797 25 20 42 123 21 1474 87 63425 1351 519 57 415 168 37 82
internal_value=-0.00226291 -0.088269 -0.000883616 -0.0609103 -0.0709409 -0.00272864 -0.030088 -0.0543751 -0.160788 -0.079474 -0.22428 0.0488477 -0.000517555 0.0298043 -0.00235362 -0.0201962 -0.0694746 -0.062162 -0.29397 0.0520775 0.0549576 -0.415232 0.00157386 0.0215546 0.0045177 -0.0364724 -0.0505744 0.0137791 0.130265 0.290447
internal_weight=94602 1483 93119 1366 1337 89797 6705 3945 488 1316 373 3322 83092 4744 78348 14126 1284 1264 266 3300 3279 117 64222 1805 2760 1278 1221 702 287 119
internal_count=94602 1483 93119 1366 1337 89797 6705 3945 488 1316 373 3322 83092 4744 78348 14126 1284 1264 266 3300 3279 117 64222 1805 2760 1278 1221 702 287 119
cat_boundaries=0 9 19 29 39 47 56 57 65
cat_threshold=67108884 69730304 137363456 2684356608 1074266240 2097154 2214723842 69223440 134351104 229376 1024 268444184 262144 12329 602112 4112 2689073664 79691912 8 2377216 1224738880 33624320 32 134217732 1090521088 272630784 1 2164278304 35 0 0 0 0 4 16779264 1024 0 32 1 4194304 12582912 128 0 1024 1 0 8192 1128267776 42435073 524416 1082142784 2048 1 114728 266240 66112 48 0 0 0 0 4136 8192 16 537395712
is_linear=0
shrinkage=0.05


Tree=137
num_leaves=31
num_cat=1
split_feature=5 7 6 10 3 5 6 2 5 6 6 1 6 5 1 7 7 0 1 3 1 7 7 6 5 5 1 6 0 1
split_gain=2468.39 2246.07 4341.78 2485.42 3104.34 3496.78 2736.04 2357.31 2351.37 5286.32 5224.57 3206.75 2724.52 2911.65 2824.84 2282.64 3951.96 2858.36 2130.53 2777.74 2348.08 3256.11 2122.78 2514.44 2294.35 3721.69 2262.9 4583.46 4712.01 4062.44
threshold=97.274844523952183 50.449675812571265 134.50000000000003 0 48.600724036086326 26.968464189577713 108.50000000000001 116.67543859649125 60.036116010024735 5.5000000000000009 71.500000000000014 1.5000000000000002 42.500000000000007 70.469609088794044 88.500000000000014 50.108858885114039 50.080538711441513 18.2260892033872 25.500000000000004 43.805020116258341 24.500000000000004 50.313866509397236 49.990081222148213 31.500000000000004 52.886521176945493 51.007394781180302 43.500000000000007 6.5000000000000009 41.690153324276217 19.500000000000004
decision_type=10 10 2 9 8 10 2 8 10 2 2 2 2 10 2 10 10 10 2 10 2 10 10 2 8 10 2 2 10 2
left_child=1 3 8 7 5 18 -6 22 -3 -10 11 -11 -13 14 -14 16 -7 -18 20 -20 -5 -22 23 -1 25 -24 29 -28 -29 -26
right_child=-2 2 -4 4 6 15 -8 -9 9 10 -12 12 13 -15 -16 -17 17 -19 19 -21 21 -23 24 -25 26 -27 27 28 -30 -31
leaf_value=0.10335157189411946 0.18221475343560911 0.0017406693239910174 0.6943211182304051 -0.007396668965309685 -0.033782157799216055 0.065453833413644233 0.17460532210439259 0.039129166693082633 -0.026419677483988886 0.26984527415538934 -0.71818970782416214 0.051609864893998131 0.55308661415826443 0.053008054086375378 0.04874166823560145 0.026735359905485589 0.93207058399915699 0.28085675969998414 -0.054415959693315245 -0.37312898516021153 0.56426925206946776 -0.026426959928928642 0.010944371914506396 -0.4660926401615143 -0.019952581578673332 0.16514412940776049 -0.078693265711167165 0.77795416474342349 0.0071013836640106374 0.050485343981048883
leaf_weight=631 183 32862 23 9126 16857 424 159 3956 2274 196 21 3669 86 129 41 2608 20 107 1354 72 43 51 3742 20 7517 437 3236 20 2260 2813
leaf_count=631 183 32862 23 9126 16857 424 159 3956 2274 196 21 3669 86 129 41 2608 20 107 1354 72 43 51 3742 20 7517 437 3236 20 2260 2813
internal_value=-0.00124146 -0.00159577 0.00754839 -0.00807647 -0.0175363 7.5381e-05 -0.031835 0.00376586 0.00714623 0.0348329 0.0684612 0.0724698 0.0626136 0.22032 0.390267 0.0462714 0.13874 0.38341 -0.0136324 -0.0705081 -0.00483581 0.243785 -0.00299848 0.0858571 -0.00588712 0.0270691 -0.0145785 -0.0404357 0.0138633 -0.000771373
internal_weight=94937 94754 39301 55453 30821 13805 17016 24632 39278 6416 4142 4121 3925 256 127 3159 551 127 10646 1426 9220 94 20676 651 20025 4179 15846 5516 2280 10330
internal_count=94937 94754 39301 55453 30821 13805 17016 24632 39278 6416 4142 4121 3925 256 127 3159 551 127 10646 1426 9220 94 20676 651 20025 4179 15846 5516 2280 10330
cat_boundaries=0 1
cat_threshold=10
is_linear=0
shrinkage=0.05


Tree=138
num_leaves=31
num_cat=3
split_feature=10 0 2 4 4 3 2 7 2 10 1 4 7 7 6 4 1 3 11 1 2 4 7 2 4 3 3 7 0 7
split_gain=2978.21 4456.28 6659.94 2918.42 2745.52 2093.18 3306.91 2356.23 1931.95 1837.29 3898.31 3430.02 2440.79 2222.66 3628.17 2432.24 2066.83 4157.59 2703.01 2591.3 2438.03 2174.94 2203.89 2025.52 4162.25 3178.57 4327.93 2606.6 3214.9 2328.61
threshold=0 51.389293459458095 19.002145922746784 119.50000000000001 59.500000000000007 67.014590637468473 10.954545454545455 50.695256832981087 11.516666666666667 1 1.5000000000000002 640.50000000000011 51.634196594811101 50.172541835169888 17.500000000000004 2429.5000000000005 274.50000000000006 61.275707834621947 2 105.50000000000001 17.667543859649125 6210.5000000000009 50.590582005131346 11.516666666666667 80.500000000000014 67.014590637468473 64.35494933042385 50.590582005131346 67.185579698645157 50.179641471692598
decision_type=9 10 10 2 2 8 10 8 10 9 2 2 8 10 2 2 2 10 1 2 10 2 10 8 2 10 10 10 10 10
left_child=1 5 3 -3 -4 7 -7 -1 -5 10 11 -2 16 -12 15 -15 19 18 -18 23 21 22 -21 24 29 26 27 28 -26 -11
right_child=9 2 4 8 -6 6 -8 -9 -10 12 13 -13 -14 14 -16 -17 17 -19 -20 20 -22 -23 -24 -25 25 -27 -28 -29 -30 -31
leaf_value=-0.014579816809493521 0.083422721894155338 0.062860240340232854 -0.41564636608729 -0.84378287134499397 0.14868232369762921 -0.23263393925899634 -0.013142067259368579 0.071330155362899231 -0.39368181091858379 -0.146970556139946 -0.031113191794736053 0.36704401454013408 0.14361833467735316 0.022583710840563175 0.08656751642781671 -0.045850614265883667 -0.15738961761720324 -0.815115202324731 0.29919014703004793 0.042117113270153661 0.060651053432335178 -0.44222038359596177 -0.33588293991526785 -0.0013341318402404624 0.14448199136393722 -0.33472920991159205 0.66054232489051568 -0.18307555262240227 -0.44746508091688164 0.37526911158267767
leaf_weight=14683 554 30 26 29 126 277 451 844 134 25 2131 132 303 8545 1958 1531 192 21 39 181 2793 39 49 59249 278 58 28 116 25 146
leaf_count=14683 554 30 26 29 126 277 451 844 134 25 2131 132 303 8545 1958 1531 192 21 39 181 2793 39 49 59249 278 58 28 116 25 146
internal_value=0.00167435 -0.0175587 -0.195392 -0.390348 0.0521524 -0.0137951 -0.0966575 -0.00991001 -0.473761 0.00574852 0.0215762 0.137997 0.00204648 0.0159532 0.0242878 0.0121854 0.00136848 -0.141539 -0.0803047 0.00194023 0.0468049 -0.0969578 -0.0384133 -0.000352231 0.0857079 0.0135119 0.0586975 0.0184788 0.0956415 0.298918
internal_weight=94993 16600 345 193 152 16255 728 15527 163 78393 14851 686 63542 14165 12034 10076 63239 252 231 62987 3062 269 230 59925 676 505 447 419 303 171
internal_count=94993 16600 345 193 152 16255 728 15527 163 78393 14851 686 63542 14165 12034 10076 63239 252 231 62987 3062 269 230 59925 676 505 447 419 303 171
cat_boundaries=0 1 2 3
cat_threshold=96 2 2
is_linear=0
shrinkage=0.05


Tree=139
num_leaves=31
num_cat=11
split_feature=9 9 5 9 3 4 5 7 7 4 4 9 9 7 9 7 3 11 9 9 9 7 7 7 5 5 6 5 7 9
split_gain=3763.92 3333.2 3012.47 6945.89 2924.9 2948.95 4524.85 2516.64 3117.98 3884.69 2364.69 5027.88 4612.65 2955.38 2858.55 2712.76 3327.86 2674.34 9299.4 4296.91 3696.29 3076.51 2977.66 4043.43 2348.13 3117.21 3186.56 2329.96 2123.55 2772.83
threshold=0 1 83.632865569122529 2 73.513959813272578 155.50000000000003 9.1409835344265407 50.176445471206826 50.142985505019929 65.500000000000014 1427.5000000000002 3 4 50.337184525413498 5 50.374379493941831 15.754851117370576 6 7 8 9 50.485156949363237 50.442727731116364 50.466605395671472 64.176716226806107 60.530174963879311 32.500000000000007 54.257012947195811 50.026021840989699 10
decision_type=9 9 10 9 10 2 8 10 10 2 2 9 9 10 9 10 10 1 9 9 9 10 10 10 10 10 2 10 10 9
left_child=4 -2 10 -4 5 6 -1 8 9 -6 11 13 -12 14 -3 16 -15 20 -19 21 28 22 -20 -24 25 -21 -27 -7 29 -13
right_child=1 2 3 -5 7 27 -8 -9 -10 -11 12 17 -14 15 -16 -17 -18 18 19 24 -22 -23 23 -25 -26 26 -28 -29 -30 -31
leaf_value=0.80191488473311723 -0.075538716932988192 0.1594572426687072 0.16201111386079545 -0.0013284069672016676 -0.57300852802064683 -0.082980008015763912 0.095896544997555233 -0.62183710232448697 0.42162127508587832 0.28269789147944679 -0.051255260481684876 0.2383709521861527 -0.0017878328226787464 0.54951822446151222 0.045279764415547111 0.024629528939907806 -0.071800830428397799 -0.12507366886195345 0.095463879950418704 -0.011398640999406615 -0.0095127356073880683 0.28621564431954177 -0.76240197741985327 0.14618699594090384 -0.16631726517235157 0.73816842326362231 -0.088169212117791176 0.17741027679208116 0.017194712990840487 0.035223883936848367
leaf_weight=23 1523 701 915 2205 36 420 1706 26 24 21 6809 244 15270 22 2536 9281 1057 1991 402 4143 32836 200 25 24 244 28 20 108 11614 532
leaf_count=23 1523 701 915 2205 36 420 1706 26 24 21 6809 244 15270 22 2536 9281 1057 1991 402 4143 32836 200 25 24 244 28 20 108 11614 532
internal_value=-0.000830473 -0.00242352 -0.00119301 0.0470891 0.061336 0.073705 0.105288 -0.193836 -0.0564536 -0.257748 -0.00290538 0.00183939 -0.0170672 0.0289145 0.0706384 0.0159057 -0.0591326 -0.00520374 -0.0337862 0.0021914 -0.000732286 0.121132 0.0506096 -0.317379 -0.0155007 -0.00675716 0.393861 -0.0297184 0.0225272 0.102626
internal_weight=94986 92622 91099 3120 2364 2257 1729 107 81 57 87979 65900 22079 13597 3237 10360 1079 52303 7077 5086 45226 651 451 49 4435 4191 48 528 12390 776
internal_count=94986 92622 91099 3120 2364 2257 1729 107 81 57 87979 65900 22079 13597 3237 10360 1079 52303 7077 5086 45226 651 451 49 4435 4191 48 528 12390 776
cat_boundaries=0 10 19 29 38 47 55 56 66 74 83 92
cat_threshold=135204 276889856 1114624 2685470976 2293761 2162688 16777472 524290 2151678088 16 32784 220200960 134217728 8389121 1074802818 2147483654 2952790016 2418032640 612368450 4194304 2147745792 128 9232 2147485696 1048576 10485792 16785408 1048576 4 2164260864 1074012164 2164523017 134480928 20971528 1207959553 46661768 256 9220 0 262144 2147745793 8208 2147483648 1 8388736 131072 8192 16777216 0 2147745800 0 4194312 1 33554432 256 2 268503040 0 1073774768 24584 2048 68157440 67113552 538050560 18088448 32 536887296 512 0 1073741840 2147483968 8 0 67112960 268503048 4194304 1883406640 4210702 2052 75497472 67113476 541065216 17303552 0 0 1073742112 16384 2048 0 0 0 16777216
is_linear=0
shrinkage=0.05


Tree=140
num_leaves=31
num_cat=8
split_feature=9 9 6 5 4 6 3 1 4 5 4 5 9 1 1 3 9 4 4 9 9 1 5 4 1 1 7 9 9 1
split_gain=4743.47 3943.98 2620.62 2670.09 3641.11 2749.44 2318.32 2796.21 3595.14 2104.25 2269.9 2103.35 4890.64 3781.87 3641.11 2422.77 1933.24 2803.52 2288.85 7671.01 5323.87 2379.65 2166.37 3505.42 2442.81 2919.65 2158.9 6056.72 3800.47 3305.34
threshold=0 1 115.50000000000001 72.330689795164474 471.50000000000006 29.500000000000004 52.772500916585436 4.5000000000000009 135.50000000000003 54.031829343414323 62.500000000000007 83.632865569122529 2 1.5000000000000002 65.500000000000014 47.584069216317779 3 1111.5000000000002 740.50000000000011 4 5 307.50000000000006 41.808567773857 1163.5000000000002 68.500000000000014 20.500000000000004 50.471853670817609 6 7 14.500000000000002
decision_type=9 9 2 10 2 2 10 2 2 8 2 10 9 2 2 8 9 2 2 9 9 2 8 2 2 2 10 9 9 2
left_child=2 6 3 4 -1 -6 -2 -8 9 10 -9 16 13 -13 -15 -14 17 -3 19 -18 21 -20 -19 -24 25 -25 28 -28 29 -22
right_child=1 11 -4 -5 5 -7 7 8 -10 -11 -12 12 15 14 -16 -17 18 22 20 -21 26 -23 23 24 -26 -27 27 -29 -30 -31
leaf_value=0.053837897380479595 -0.040025449955207223 -0.037994007623756237 0.62021900057792667 0.17966516176745681 -0.11060432606003481 0.33509155592402901 -0.30879724471375003 -0.6823788666725159 -0.47331987296541533 0.09886258093147475 0.015049650466867856 0.68426293391320447 -0.28176709673203088 0.069600651338235148 0.41892123744659815 0.020464010938602551 0.044844287774378939 -0.008079716947251632 -0.042771382907373395 -0.0051777600311761771 -0.036764989343433703 -0.5129189356609628 0.64290267376317867 0.17694919823214067 0.44619972495471738 -0.50254486989974978 0.045929752893286456 -0.029627908180196977 -0.017307298216085839 0.096783980325287247
leaf_weight=3738 951 5712 20 349 534 37 215 20 45 172 28 36 68 323 97 2667 10327 162 8485 29639 684 27 42 43 34 25 7109 4220 17454 1436
leaf_count=3738 951 5712 20 349 534 37 215 20 45 172 28 36 68 323 97 2667 10327 162 8485 29639 684 27 42 43 34 25 7109 4220 17454 1436
internal_value=-3.93818e-05 -0.00259265 0.0489951 0.0466477 0.0358742 -0.0817239 -0.0846473 -0.174818 -0.0661178 0.0171735 -0.275546 -0.00125781 0.0385983 0.188304 0.150277 0.0129025 -0.00274721 -0.0300453 -0.000673833 0.00775759 -0.0092233 -0.0442107 0.11735 0.258458 0.100157 -0.0728648 0.000427902 0.0177993 -0.00962604 0.0534434
internal_weight=94699 90021 4678 4658 4309 571 1431 480 265 220 48 88590 3191 456 420 2735 85399 6018 79381 39966 39415 8512 306 144 102 68 30903 11329 19574 2120
internal_count=94699 90021 4678 4658 4309 571 1431 480 265 220 48 88590 3191 456 420 2735 85399 6018 79381 39966 39415 8512 306 144 102 68 30903 11329 19574 2120
cat_boundaries=0 9 18 28 38 48 58 67 75
cat_threshold=2160111852 67109376 65680 2147487744 2625536 36186112 16 272629760 67108874 536870912 136445984 16779264 536872960 1224744961 69636 554303494 2216707073 17408 0 2147483648 32768 1040 2147485696 2147483648 8388640 1048576 1048576 20 268582912 12352 268435968 12583680 272761866 2215641088 2101280 0 9699604 20 65552 1094975492 2187604001 134488096 32768 134234114 209715328 0 2147491904 1 65536 262144 2147483649 1073750020 33024 1 134218240 0 40960 1 0 0 294944 1040 2112 0 8388608 16908288 65536 2048 0 260 0 0 8388608 8 8192
is_linear=0
shrinkage=0.05


Tree=141
num_leaves=31
num_cat=7
split_feature=9 9 7 7 2 4 9 5 9 7 4 2 0 4 4 2 7 7 4 1 0 0 7 10 6 10 0 9 4 1
split_gain=3483.49 3207.27 2987.18 3770.63 4983.54 3575.84 4918.15 3114.03 2980.39 2894.05 2758.87 2748.4 2688.4 2330.6 4101.32 4364.16 2244.52 2157.15 2087.69 2002.13 1988.41 1979.01 3349.52 1929.26 3484.04 1882.74 1756.27 3058.55 2416.13 1763.82
threshold=0 1 50.547052424015632 50.619616778373633 18.503846153846158 35.500000000000007 2 36.457129114735842 3 50.564763596954528 543.50000000000011 13.007352941176473 42.913259055659935 168.50000000000003 56.500000000000007 27.783867200533869 50.600807902555324 50.513614549066055 6.5000000000000009 1.5000000000000002 63.878295706173127 46.70262797415625 50.338829774418102 4 6.5000000000000009 5 89.250050792195992 6 53.500000000000007 212.50000000000003
decision_type=9 9 10 10 10 2 9 8 9 10 2 10 10 2 2 10 10 10 2 2 10 10 10 9 2 9 10 9 2 2
left_child=10 2 5 4 7 6 21 16 -7 12 11 18 -6 14 -11 -16 -4 -10 -1 -8 23 22 -2 24 -20 -5 29 -28 -29 -3
right_child=1 26 3 25 9 8 19 -9 17 13 -12 -13 -14 -15 15 -17 -18 -19 20 -21 -22 -23 -24 -25 -26 -27 27 28 -30 -31
leaf_value=0.0031377827155066062 0.2530059657809211 -0.00093574906362733792 0.71322160758402042 0.090424814258700179 -0.29171118283271791 -0.12849212888481923 -0.055144279545195678 -0.13515274749886361 0.04318514100401933 0.25024923584782161 0.4171232801059197 -0.046207796312162548 0.41581851315909424 0.09604542466279653 1.0664385512338155 0.28256359831071814 -0.0017432789007822674 -0.39555153949507355 -0.51344589638237914 0.16859254642345367 -0.75455524876713753 0.16689473378892039 0.90462103803691107 -0.05777172180246716 0.19437169482310612 -0.13265230423387361 0.10790966384180301 -0.20847852399349215 0.015862178314265021 -0.040597664834108038
leaf_weight=91 41 83112 23 473 25 461 247 97 826 52 29 1571 29 28 56 26 21 29 101 168 20 51 38 111 21 109 977 125 3011 2901
leaf_count=91 41 83112 23 473 25 461 247 97 826 52 29 1571 29 28 56 26 21 29 101 168 20 51 38 111 21 109 977 125 3011 2901
internal_value=-0.000496254 0.000892963 0.0534969 0.126393 0.254322 0.0170035 0.124703 0.0231041 -0.0275987 0.405256 -0.066565 -0.0742374 0.0882585 0.510922 0.597613 0.817893 0.371988 0.0279768 -0.202245 0.0345951 -0.276117 0.380432 0.566441 -0.23505 -0.361941 0.0479202 -0.000747068 0.0311714 0.00689803 -0.00227344
internal_weight=94870 92926 2800 939 357 1861 545 141 1316 216 1944 1915 54 162 134 82 44 855 344 415 253 130 79 233 122 582 90126 4113 3136 86013
internal_count=94870 92926 2800 939 357 1861 545 141 1316 216 1944 1915 54 162 134 82 44 855 344 415 253 130 79 233 122 582 90126 4113 3136 86013
cat_boundaries=0 9 18 27 36 37 38 47
cat_threshold=1024 2621440 2099712 8388617 1074790401 2148007936 537003010 274743297 206048384 32792 92274976 33685520 2705655808 16781312 134217728 2148044800 2148007936 536887368 0 8388864 33554432 0 16777216 0 0 2147483648 8 0 256 33554448 16777216 0 134217728 524288 0 16384 26 28 1064960 2151940096 2147483688 0 256 1 8388608 0 2147483648
is_linear=0
shrinkage=0.05


Tree=142
num_leaves=31
num_cat=5
split_feature=9 9 0 2 9 2 1 2 2 0 7 3 0 3 7 3 4 9 7 3 0 9 1 1 2 2 3 2 3 2
split_gain=3034.32 2805.53 2197.07 2854.37 2045.8 4308.68 3591.14 3293.19 3899.11 2759.07 3128.97 2725.85 2507.53 3299.16 2460.59 2457.23 2066.38 4047.12 2816.38 4379.8 2676.77 2084.13 2338.45 2061.99 2735.02 2497.59 2010.56 1896.68 2580.65 2210.15
threshold=0 1 22.000992081712059 15.005747126436782 2 65.005494505494525 8.5000000000000018 12.584770114942531 11.025000000000002 8.7460586013203159 50.559994353022098 85.782483708267591 30.897253480231701 53.687731091974904 50.29386763403496 53.198640518865112 77.500000000000014 3 50.549471482093956 31.279308451672819 47.329672508796953 4 91.500000000000014 5.5000000000000009 20.223611111111115 24.997835497835499 56.714936363299948 45.604347826086965 56.988748577203168 48.580005120327705
decision_type=9 9 8 8 9 8 2 10 10 10 10 8 10 10 10 10 2 9 10 10 10 9 2 2 10 10 10 10 10 10
left_child=2 -2 -1 -4 5 7 11 8 12 -10 15 -7 13 -3 -8 -11 17 18 -9 -20 -19 22 27 24 -22 -26 -17 28 -18 -29
right_child=1 4 3 -5 -6 6 14 16 9 10 -12 -13 -14 -15 -16 26 21 20 19 -21 23 -23 -24 -25 25 -27 -28 29 -30 -31
leaf_value=0.020319808438275563 0.062844915947422544 -0.088128592510675563 -0.33082503843893352 -0.073164938284512523 -0.0026854966639224161 0.017609584731617774 0.012574943736092085 0.13330221490531757 -0.16864687783213764 0.31117867810064803 -0.054335227236151695 0.45759112686177511 -0.43562996252890562 0.51259202832175843 0.18601173694431569 1.0969773670037588 -0.1103249825228424 0.074366051560623744 0.05225904378397711 0.85929455250501641 -0.61939294652522014 -0.0080524023143771252 0.34420158598158096 0.050401887944975847 0.30325388589075636 -0.21844003787190897 0.47830322590367552 -0.71628792196512225 0.40483479339342854 -0.19836867642708314
leaf_weight=592 1798 87 117 1322 81042 1589 270 148 26 73 32 36 31 31 843 24 374 539 29 40 34 5266 27 122 28 127 29 25 26 117
leaf_count=592 1798 87 117 1322 81042 1589 270 148 26 73 32 36 31 31 843 24 374 539 29 40 34 5266 27 122 28 127 29 25 26 117
internal_value=-0.000155836 0.0011702 -0.0604612 -0.0941144 -5.49567e-05 0.0213025 0.0747473 0.00110634 0.154683 0.308645 0.387187 0.0273569 -0.0354454 0.0696878 0.143938 0.49932 -0.00630324 0.0576741 0.245005 0.520106 0.00688627 -0.0180023 -0.108046 -0.109843 -0.213281 -0.124199 0.758458 -0.132569 -0.0768396 -0.289552
internal_weight=94844 92813 2031 1439 91015 9973 2738 7235 333 184 158 1625 149 118 1113 126 6902 1067 217 69 850 5835 569 311 189 155 53 542 400 142
internal_count=94844 92813 2031 1439 91015 9973 2738 7235 333 184 158 1625 149 118 1113 126 6902 1067 217 69 850 5835 569 311 189 155 53 542 400 142
cat_boundaries=0 10 19 28 37 46
cat_threshold=1073741840 2097152 18886656 2148532736 16843272 65540 587203588 2115587 67636226 2 69338244 1208042496 512 4591616 1078468640 1073741824 2147516674 2215116800 12582920 2151940608 2168455776 168951808 1207959864 260 2232422400 0 66048 262404 0 0 34603008 1207959808 0 0 0 0 256 0 0 34603008 1073742080 0 0 0 0 256
is_linear=0
shrinkage=0.05


Tree=143
num_leaves=31
num_cat=9
split_feature=9 9 11 9 9 9 9 1 2 1 3 7 7 1 7 7 10 3 2 1 6 3 6 6 3 7 0 9 7 1
split_gain=3132.56 2914.74 2700.19 9018.98 5485.77 3198.16 2983.88 2637.21 2553.73 2471.49 2963.07 2820.98 2372.29 4541.86 2284.92 4003.31 2276.62 3545.05 4646 5805.11 4411.4 2813.32 2573.96 2527.96 2471.06 2356.16 2076.25 2051.15 2173.35 2859.64
threshold=0 1 2 3 4 5 6 176.50000000000003 30.273217084639501 8.5000000000000018 22.497148946981202 50.279230156816375 50.4099970842191 5.5000000000000009 50.368532106343174 50.360488034661394 7 44.953621255035685 33.60044843049328 37.500000000000007 9.5000000000000018 76.194641797471533 1.5000000000000002 49.500000000000007 20.138739588753015 50.108858885114039 24.857254681626873 8 50.373213370322048 289.50000000000006
decision_type=9 9 1 9 9 9 9 2 8 2 10 10 8 2 10 10 9 10 8 2 2 10 2 2 10 10 10 9 10 2
left_child=-1 12 6 5 9 -4 16 14 -9 10 -5 -11 -2 26 15 -7 17 18 20 22 25 -18 24 -19 -20 -3 -14 28 29 -8
right_child=1 2 3 4 -6 7 27 8 -10 11 -12 -13 13 -15 -16 -17 21 23 19 -21 -22 -23 -24 -25 -26 -27 -28 -29 -30 -31
leaf_value=0.058005861063783186 -0.11115064282710099 0.55537248814807227 0.2132170059968353 0.025894939047949657 -0.028864147008348797 0.11141959785062605 0.014603373376103582 0.25530432515674167 -0.15164446253398758 -0.26611294368932764 -0.27818165820236224 -0.033756469365446351 0.026058991857718955 0.16118241877788131 0.022955483745989352 0.70264367620150248 0.011032472111542561 0.020629511955190985 -0.26139593887329104 1.1779573026157562 -0.24305941383411855 0.43760965772164173 0.70509800212136631 0.41408262231520249 0.30409878983217131 0.12559740611130973 -0.17565744070064587 0.0034165701912323553 -0.06052838939087251 -0.35363296206902572
leaf_weight=2336 1070 34 299 98 7720 628 2229 45 269 166 439 613 229 289 1231 30 4322 1459 25 21 81 39 29 42 85 514 288 67413 2674 54
leaf_count=2336 1070 34 299 98 7720 628 2229 45 269 166 439 613 229 289 1231 30 4322 1459 25 21 81 39 29 42 85 514 288 67413 2674 54
internal_value=0.00094834 -0.000499828 0.000781335 -0.0218133 -0.0450554 0.0620579 0.00408052 0.0406712 -0.0933238 -0.139104 -0.222689 -0.0832702 -0.0620208 0.00243162 0.0631599 0.138375 0.0361041 0.0764088 0.162548 0.403115 0.101354 0.0148133 0.286053 0.0316389 0.175577 0.152262 -0.0863092 0.00113232 -0.0298768 0.00589345
internal_weight=94771 92435 90559 11538 9036 2502 79021 2203 314 1316 537 779 1876 806 1889 658 6651 2290 789 160 629 4361 139 1501 110 548 517 72370 4957 2283
internal_count=94771 92435 90559 11538 9036 2502 79021 2203 314 1316 537 779 1876 806 1889 658 6651 2290 789 160 629 4361 139 1501 110 548 517 72370 4957 2283
cat_boundaries=0 9 19 20 30 40 50 60 61 71
cat_threshold=16781952 2105344 268444160 2147553344 2691072 83951618 571080704 2147483666 138428424 3221225524 285229056 167772168 537920001 1477443712 2097164 256 69222400 536871040 18 2 671106056 529 32768 1073751088 0 33554432 4210697 6400 67239986 4 307234816 0 1074004128 0 256 2148548608 67174980 537001984 2148802564 1 536888328 0 0 32 0 0 0 256 0 4 6324224 1 1610612880 134365196 512 3624402944 84152384 272629760 2148663808 1 22 872432648 1216348672 17829888 8652832 131105 33566720 3225420800 4352 8388608 4
is_linear=0
shrinkage=0.05


Tree=144
num_leaves=31
num_cat=14
split_feature=9 9 3 4 5 7 9 7 9 9 9 2 3 10 2 9 0 9 4 10 9 4 2 9 5 3 2 9 0 10
split_gain=5011.68 2543.04 4318.97 2227.96 6983.2 2382.14 7198.5 3493.44 10123.6 4975.43 2546.69 2445.74 3002.1 2406.77 2779.85 2470.86 2332.76 2097.13 2273.15 2957.9 2566.59 2560.28 2324.46 2228.18 4262.07 2315.46 2112.82 8167.05 7386.78 4524.28
threshold=0 1 9.1092188991505392 2.5000000000000004 54.467510358037927 49.990081222148213 2 50.08646451795078 3 4 5 11.980000000000002 54.859382278580021 6 20.003906250000004 7 67.860614535135738 8 324.50000000000006 9 10 288.50000000000006 58.463463005339442 11 23.658518062224175 66.746422673023019 15.287593984962408 12 49.7392168426369 13
decision_type=9 9 10 2 10 10 9 10 9 9 9 8 10 9 8 9 10 9 2 9 9 2 10 9 8 10 10 9 10 9
left_child=-1 2 -2 4 -3 6 -5 8 16 -10 11 12 -9 14 -8 -15 -7 18 19 21 -20 -12 -23 24 -21 -26 27 -19 -29 -30
right_child=1 3 -4 5 -6 7 13 10 9 -11 17 -13 -14 15 -16 -17 -18 26 20 23 -22 22 -24 -25 25 -27 -28 28 29 -31
leaf_value=-0.076938319876050737 0.66046418753163572 -0.13878775825058284 0.046202866055712472 -0.089040390556057059 0.81371726773679254 -0.25781870231555554 0.60799195036292086 0.057476366157258367 -0.062212022315605214 0.057299464419320337 0.12206517605210197 -0.044250301397968525 0.63575231576407409 -0.0087697163504618474 0.17154397209539607 0.13920365908677329 -0.060632648752696486 0.0522797075500884 -0.083103199052960194 0.73888518059695218 0.019128045499215943 0.84792030304670341 0.15203078798949721 0.014600161347242919 0.11765715570502573 -0.38499177979926269 0.0039682943235393592 -0.033550097363699731 -0.14455555960452932 -0.51165203113955537
leaf_weight=2100 29 508 2163 643 20 591 40 133 1913 1582 676 4049 27 548 415 578 201 2755 725 27 3718 24 24 2699 505 24 60913 6612 505 100
leaf_count=2100 29 508 2163 643 20 591 40 133 1913 1582 676 4049 27 548 415 578 201 2755 725 27 3718 24 24 2699 505 24 60913 6612 505 100
internal_value=-0.000741718 0.000991733 0.0540828 -0.000299234 -0.102708 0.000301351 0.0514053 -0.000993082 -0.0450131 -0.00810641 0.00126653 -0.0365868 0.15506 0.108403 0.205399 0.0677449 -0.205185 0.00327969 0.0268527 0.0543337 0.00230216 0.145116 0.499976 0.0335923 0.123899 0.0948527 0.000475535 -0.0208592 -0.0487839 -0.216079
internal_weight=94847 92747 2192 90555 528 90027 2224 87803 4287 3495 83516 4209 160 1581 455 1126 792 79307 8422 3979 4443 724 48 3255 556 529 70885 9972 7217 605
internal_count=94847 92747 2192 90555 528 90027 2224 87803 4287 3495 83516 4209 160 1581 455 1126 792 79307 8422 3979 4443 724 48 3255 556 529 70885 9972 7217 605
cat_boundaries=0 9 18 28 38 48 58 59 68 78 79 89 98 108 109
cat_threshold=16778244 136314912 52559888 570557184 1179648 83898368 285278208 71321600 4196352 1073872896 590848 4104 2281705472 4719234 1074921480 655364 2686484482 545259528 134809600 32768 1572868 2097192 2147483968 134217728 8 16777216 0 9 269549576 2147483777 0 285212672 2116 0 8405504 1060864 140352 1 262144 1082393088 2416224385 1073750016 37120 8388608 2097291 16908288 294914 16 2147487744 276824384 1077944832 4194304 2097152 2415986688 2181071888 268437249 2148007936 51 72 0 67108864 32801 1028 4 0 48 1048576 16777216 2097744 2164297728 134742016 285214720 16781573 134217732 536891657 16 33798 8 6 0 0 0 0 0 0 16384 0 32768 8 16 0 0 16777216 0 0 536887552 0 32768 339755168 537919620 262176 2105361 96 41959425 2359936 131072 1138688 4 28
is_linear=0
shrinkage=0.05


Tree=145
num_leaves=31
num_cat=7
split_feature=9 9 5 3 2 10 2 5 1 5 4 10 2 3 7 3 1 9 3 3 9 5 2 4 6 7 3 5 4 9
split_gain=3426.15 3225.93 3663.18 2713.04 2693.87 4305.16 2889.46 2587.48 2562.65 2863.77 2504 2415.1 2791.54 7860.56 2379.89 2373.04 2353.5 2234.63 2662.31 2200.12 2182.16 2508.43 2035.95 3296.11 1969.64 2627.97 2708.21 2234.08 1895.03 1968.97
threshold=0 1 40.262706000489423 29.810846539056879 16.990909090909096 2 14.668238993710693 33.754816235123315 12.500000000000002 20.144189794695677 53.500000000000007 3 22.004672897196265 45.537706470843681 50.482872249848874 16.404977831131699 1.5000000000000002 4 25.246277626727728 76.194641797471533 5 39.24035078096653 17.403125000000003 87.500000000000014 121.50000000000001 50.469564595127643 29.810846539056879 34.948032930219647 35.500000000000007 6
decision_type=9 9 10 10 8 9 10 10 2 8 2 9 8 10 10 10 2 9 10 10 9 10 8 2 2 10 10 10 2 9
left_child=4 2 3 8 5 6 16 -7 9 14 -8 12 13 -6 22 -13 -1 -4 -19 28 -14 -22 -2 -24 -3 26 -26 -28 29 -17
right_child=1 24 17 -5 11 7 10 -9 -10 -11 -12 15 20 -15 -16 19 -18 18 -20 -21 21 -23 23 -25 25 -27 27 -29 -30 -31
leaf_value=0.58664664367834729 0.62478866595320592 -0.00044391405192181326 -0.1829081389281127 -0.13365887442917565 -0.42254115454852581 -0.086443638494529296 1.0001582055322584 0.42267731144543624 -0.12889439119395121 -0.025173433439322858 0.32759872543811802 0.56605329165856044 0.0053333264385533137 0.33685733508840898 -0.043264917346083974 0.047162869818939655 0.030522194160864904 0.62587743490934378 0.042734710613314436 -0.2422175052442721 -0.22927153058148719 -0.82519038007372902 0.57528285171579696 -0.13665635094449327 -0.29091600196229089 0.65170098965366685 0.50895762801170352 0.053170162984510751 0.029745766046073097 0.26008441979065539
leaf_weight=30 41 89182 101 1250 50 128 31 31 429 662 25 24 107 107 61 232 52 20 916 56 111 21 29 37 36 24 40 82 756 225
leaf_count=30 41 89182 101 1250 50 128 31 31 429 662 25 24 107 107 61 232 52 20 916 56 111 21 29 37 36 24 40 82 756 225
internal_value=-0.000574829 -0.001967 -0.0486699 -0.0814787 0.0642406 0.203433 0.394469 0.0120604 -0.0296715 0.0216136 0.699908 0.0401449 -0.0670873 0.0950107 0.205977 0.072941 0.233982 0.0302408 0.0546116 0.0641898 -0.176377 -0.301254 0.348068 0.176165 -0.000108567 0.164209 0.09016 0.202609 0.0783356 0.158716
internal_weight=94896 92910 3546 2509 1986 297 138 159 1259 830 56 1689 396 157 168 1293 82 1037 936 1269 239 132 107 66 89364 182 158 122 1213 457
internal_count=94896 92910 3546 2509 1986 297 138 159 1259 830 56 1689 396 157 168 1293 82 1037 936 1269 239 132 107 66 89364 182 158 122 1213 457
cat_boundaries=0 9 18 19 20 29 37 46
cat_threshold=172132 142697472 33554440 0 16909317 1075904512 369099010 524304 2147614720 1024 1092616232 1212153860 541132800 406913026 4096 524288 2485141506 12601600 18 16 0 0 134217728 67584 0 0 0 67108864 2048 0 0 8 0 1024 2097152 268435456 16 131140 134235136 0 0 16908288 1073741824 33554434 0 131072
is_linear=0
shrinkage=0.05


Tree=146
num_leaves=31
num_cat=2
split_feature=5 4 6 3 11 1 4 1 1 6 3 2 6 4 6 5 2 0 6 2 5 1 0 5 5 5 2 7 0 11
split_gain=1678.33 2663.51 2346.6 4096.6 2119.53 1695.76 2647.03 2219.55 2251.72 3528.26 1982.34 3173.73 2277.38 1959.74 2902.37 3799.07 3181.38 2039.19 1880.95 1846.31 1790.75 1725.92 1574.35 2890.33 1555.58 1548.74 1546.83 1536.87 2158.73 1485.83
threshold=89.653789790195233 23.500000000000004 1.5000000000000002 62.299497077548452 0 215.50000000000003 7401.5000000000009 146.50000000000003 72.500000000000014 26.500000000000004 58.513268400965934 22.2910783055199 74.500000000000014 6626.5000000000009 44.500000000000007 41.808567773857 36.134234234234242 58.188405185628987 17.500000000000004 34.28063864697716 61.045495440993427 41.500000000000007 55.520394700283909 74.988174631972058 51.731402645694637 3.2778654425476983 41.670833333333341 50.151521059445386 61.326003089675289 1
decision_type=10 2 2 10 1 2 2 2 2 2 10 10 2 2 2 10 10 10 2 8 10 2 10 8 10 8 10 10 10 1
left_child=5 -2 -3 4 27 6 13 8 18 -10 22 -12 -13 25 16 -16 19 20 -8 -15 -18 -17 -7 24 -24 -1 -23 -4 -29 -27
right_child=1 2 3 -5 -6 10 7 -9 9 -11 11 12 -14 14 15 21 17 -19 -20 -21 -22 26 23 -25 -26 29 -28 28 -30 -31
leaf_value=-0.082694094762571169 0.577995486309131 -0.037541498066533834 -0.08473406742016476 0.039764716026074148 0.74186384904508795 -0.005913955468605174 -0.30083903724497019 -0.19252248627798899 0.97861435776171479 0.20142532691359519 0.28136797781253969 -0.022572626636200955 -0.48435917503579901 -0.25718969653354834 -0.5415402534462157 -0.15750559683768983 -0.010924899722610055 -0.24448906735757767 0.20761834485899833 -0.76621466100215918 0.45851704206155697 0.38233177320784839 -0.30582929176312912 -0.76887480407953268 -0.074809184512456092 0.0052654452267605336 0.00056360717385243151 0.67712497951522954 0.20174802967991967 -0.014044727659277782
leaf_weight=533 24 518 30 682 24 188 22 35 23 40 86 2394 27 163 21 31 174 89 105 20 23 83 108 20 224 77737 39 31 104 11426
leaf_count=533 24 518 30 682 24 188 22 35 23 40 86 2394 27 163 21 31 174 89 105 20 23 83 108 20 224 77737 39 31 104 11426
internal_value=0.00166802 0.0557539 0.0467303 0.0968484 0.302833 0.000851629 0.002086 0.17337 0.240772 0.485161 -0.0358369 -0.0171196 -0.0277227 0.0016594 -0.0853193 0.0890833 -0.150023 -0.0458551 0.119539 -0.312821 0.043883 0.17564 -0.122734 -0.185126 -0.14996 0.00228292 0.260291 0.238974 0.310909 0.0027909
internal_weight=95024 1413 1389 871 189 93611 90564 225 190 63 3047 2507 2421 90339 643 174 469 286 127 183 197 153 540 352 332 89696 122 165 135 89163
internal_count=95024 1413 1389 871 189 93611 90564 225 190 63 3047 2507 2421 90339 643 174 469 286 127 183 197 153 540 352 332 89696 122 165 135 89163
cat_boundaries=0 1 2
cat_threshold=2 2
is_linear=0
shrinkage=0.05


Tree=147
num_leaves=31
num_cat=9
split_feature=9 0 9 2 0 4 4 7 9 4 9 9 9 3 5 3 3 3 9 2 9 3 0 5 9 1 2 5 5 1
split_gain=4831.08 3371.5 2662.42 4169.34 4613.51 4529.26 4314.83 4946.58 2465.17 2353.08 22123.1 9139.19 5664.07 3945.85 4693.21 3770.66 3758.76 3080.11 2797.68 2782.47 2663.4 5479.04 2694.32 2492.76 4288.08 3231.96 2251.21 2210.2 2193.75 2151.18
threshold=0 79.002165687451452 1 17.008928571428573 48.029791748577416 282.50000000000006 386.50000000000006 50.357380454999216 2 23.500000000000004 3 4 5 66.198052430037805 64.635538407013939 69.605450241439357 55.493418928008971 51.600917335616252 6 11.025000000000002 7 57.488052557017802 83.247552018520636 83.632865569122529 8 270.50000000000006 18.974596774193554 69.188906914078231 53.371537626670246 5.5000000000000009
decision_type=9 10 9 10 10 2 2 10 9 2 9 9 9 10 8 10 8 8 9 10 9 10 10 10 9 2 10 10 10 2
left_child=1 29 3 4 -2 -6 -7 -8 28 10 15 17 13 14 -13 -4 27 -12 19 -11 21 -18 26 -20 -25 -26 -23 -14 -5 -1
right_child=2 -3 9 8 5 6 7 -9 -10 18 11 12 16 -15 -16 -17 20 -19 23 -21 -22 22 -24 24 25 -27 -28 -29 -30 -31
leaf_value=-0.17238299975395893 -0.060767644426599647 -0.56680973715148875 0.43648764148279817 0.1932552877932619 -0.085861082227175478 -1.1800452515482902 0.11665829229168595 -0.61844910877091541 -0.014339405485587809 -0.16238094622264487 -0.13161434727872529 0.87388756716692895 0.028552847100375495 -0.10263155026135046 0.19470893724255078 0.16952876702930447 0.72735379922389987 -0.41535967752579755 0.0033042464133745566 -0.022940596731439208 -0.18624099904913868 -0.10203364990078485 -0.55443710312247274 0.00072571797594977473 0.13736744729334702 -0.50384892880916599 0.28722660948450746 0.50295655667781836 -0.11617370951053214 -0.0083532008142160469
leaf_weight=432 1494 40 349 266 131 20 34 70 5126 389 430 27 1368 107 439 213 25 123 75141 4455 397 130 24 1736 1128 20 52 25 73 372
leaf_count=432 1494 40 349 266 131 20 34 70 5126 389 430 27 1368 107 439 213 25 123 75141 4455 397 130 24 1736 1128 20 52 25 73 372
internal_value=0.000997089 -0.117388 0.00207469 -0.0270878 -0.0943171 -0.290877 -0.507467 -0.378126 -0.00562158 0.00450746 0.043471 -0.00861891 0.0309038 0.168251 0.23406 0.329447 -0.00867411 -0.191267 0.0027641 -0.0340681 -0.110273 0.0271733 -0.056481 0.00505446 0.0506729 0.125107 0.00918357 0.0370669 0.122995 -0.0964886
internal_weight=94636 844 93792 7214 1749 255 124 104 5465 86578 3709 3147 2594 573 466 562 2021 553 82869 4844 628 231 206 78025 2884 1148 182 1393 339 804
internal_count=94636 844 93792 7214 1749 255 124 104 5465 86578 3709 3147 2594 573 466 562 2021 553 82869 4844 628 231 206 78025 2884 1148 182 1393 339 804
cat_boundaries=0 9 19 28 37 46 55 64 72 82
cat_threshold=32912 35651584 134221824 4096 1074799234 0 2 2113536 541065408 1092618272 8406020 272384 33554440 134742016 93339650 32768 2050 92278016 2 0 0 0 0 134742016 0 0 0 16777216 2214609920 2147745793 1107296296 1073750016 4227073 65536 2183414800 4194304 2149335040 536871424 268436096 589844 141575426 8 2282225665 134217765 536870912 48 655360 35072 541065216 16842784 16850020 33554440 8389376 2215641088 524 2148008960 2304 1075970088 1090521088 16777217 33554440 2181453056 71303168 2148007940 4198400 4194304 131072 2147483664 131328 0 65664 16785408 33558528 4227072 2147483777 0 320 0 656 1179648 73728 8
is_linear=0
shrinkage=0.05


Tree=148
num_leaves=31
num_cat=11
split_feature=9 9 0 9 2 2 4 9 0 2 5 10 5 6 5 1 5 4 2 4 6 6 4 9 9 0 9 9 9 9
split_gain=4069.22 3783.13 3547.88 2328.71 2175.55 2162.76 1953.99 2661.97 3637.51 2115.74 3537.83 2128.53 4110.69 3693.28 2653.66 5332.94 4956.56 2392.34 2326.36 3765.83 2311.92 2134.05 1931.99 10146.1 4913.07 2845.28 10915.1 6828.36 5154.86 3887.8
threshold=0 1 42.118916423261325 2 97.384226884226891 101.08452380952382 14.500000000000002 3 17.47359107177515 14.860389610389612 56.407469600951856 4 12.856483864525586 28.500000000000004 46.095420523682158 28.500000000000004 58.913915976929353 139.50000000000003 27.002304147465441 131.50000000000003 6.5000000000000009 23.500000000000004 567.50000000000011 5 6 53.953294367046304 7 8 9 10
decision_type=9 9 8 9 10 10 2 9 8 8 10 9 8 2 10 2 10 2 10 2 2 2 2 9 9 8 9 9 9 9
left_child=4 2 -2 5 6 -3 7 -1 -9 10 -8 13 17 -11 -14 16 18 -13 19 20 -16 -18 23 -5 -24 27 -27 -25 -28 -29
right_child=1 3 -4 22 -6 -7 9 8 -10 11 -12 12 14 -15 15 -17 21 -19 -20 -21 -22 -23 24 25 -26 26 28 29 -30 -31
leaf_value=0.36427869718582906 -0.012456900107266184 -0.034224096832007105 -0.20369756080023949 0.050233013675896415 -0.40347430366277703 0.08598863219686112 0.099766800448298457 0.70584889650344851 0.019835010056878433 0.16530722405025527 0.62097174912691122 0.88297640152275569 -0.05392159375940761 -0.20925154788909772 1.1161061797823224 0.89693475395441069 -0.023755441191892386 0.12739799063314092 -0.018472429659021527 0.021483061183243991 0.44500715506799299 -0.46707001428585504 0.011982504034471052 0.15919311413760218 -0.020232800075687316 0.051812337284493852 -0.024155862363452185 -0.061335111152307165 -0.11045441029093857 0.010101150261410452
leaf_weight=112 526 7089 450 10904 25 395 175 21 242 491 40 20 1072 76 21 20 179 22 38 32 33 32 21987 686 25611 2992 3965 2252 3087 12045
leaf_count=112 526 7089 450 10904 25 395 175 21 242 491 40 20 1072 76 21 20 179 22 38 32 33 32 21987 686 25611 2992 3965 2252 3087 12045
internal_value=-0.00043438 -0.00219737 -0.0996108 -0.00114191 0.060521 -0.0278422 0.0651688 0.17084 0.0718788 0.0475648 0.196735 0.0318125 -0.00033297 0.113107 -0.0146845 0.103801 0.0564493 0.487197 0.30733 0.45129 0.70599 -0.090988 0.00125342 0.0100057 -0.00535328 -0.00753798 -0.0281318 0.00626228 -0.0620358 -0.00118618
internal_weight=94640 91989 976 91013 2651 7484 2626 375 263 2251 215 2036 1469 567 1427 355 335 42 124 86 54 211 83529 35931 47598 25027 10044 14983 7052 14297
internal_count=94640 91989 976 91013 2651 7484 2626 375 263 2251 215 2036 1469 567 1427 355 335 42 124 86 54 211 83529 35931 47598 25027 10044 14983 7052 14297
cat_boundaries=0 10 19 29 38 39 49 58 67 76 86 95
cat_threshold=165000 167772168 33560584 553783296 73730 69222404 54591744 1024 2056 16 67108880 2229504 270532608 2155874304 1094844416 8194 4093771776 18432 12583040 2625536 1082134544 16842880 135266336 2622464 3221227520 262212 2170882 538510336 4 1152 0 8 16777216 2 67108864 33619968 0 2048 6 1376352 272908288 2147778593 8192 35072 0 136331905 68157440 16826368 3 167774208 262144 557056 1073758232 2147516480 41943040 8388648 17174528 16785408 16794112 2147584193 134225920 268435468 4164 302055433 524298 561664 514 33556484 0 0 1024 512 8388608 0 2164260864 8256 2453669888 67109380 4325904 1075840256 137 1572864 8388624 4587520 2147745888 8 16793600 2147549312 0 268435472 4164 301989896 524298 164352 67108864
is_linear=0
shrinkage=0.05


Tree=149
num_leaves=31
num_cat=14
split_feature=9 7 5 3 9 3 10 9 9 9 7 2 9 5 6 9 9 9 1 6 5 1 2 1 5 9 9 7 9 9
split_gain=3872.43 2911.14 2211.3 3246.85 2121.52 2649.16 1822 7295.28 4241.21 3868.69 3801.21 5526.51 3494.93 5092.95 5248.34 7285.13 7136.17 4501.41 3279.59 3193.6 3147.69 2908.46 3475.31 2812.71 2760.13 6543.82 4634.27 4122.69 5775.4 3848.6
threshold=0 50.188226628432432 91.306307704547905 29.189999574858991 1 13.089645694492372 2 3 4 5 50.995274490917943 17.008928571428573 6 59.809433522589721 6.5000000000000009 7 8 9 9.5000000000000018 51.500000000000007 54.031829343414323 11.500000000000002 35.923443223443229 221.50000000000003 47.046769517003348 10 11 50.319155284902529 12 13
decision_type=9 10 8 10 9 10 9 9 9 9 10 8 9 8 2 9 9 9 2 2 10 2 10 2 10 9 9 10 9 9
left_child=1 2 -1 -4 5 -2 7 10 -8 19 23 -12 13 14 16 21 -10 -17 20 -9 -18 22 -16 -6 26 -26 -14 28 -27 -29
right_child=4 -3 3 -5 6 -7 8 9 12 -11 11 -13 24 -15 15 17 18 -19 -20 -21 -22 -23 -24 -25 25 27 -28 29 -30 -31
leaf_value=-0.11346847914717556 0.54417800581841558 -0.035732781703110644 0.00722480786813272 -0.57044893827446752 0.039395210400565567 0.045632734634414092 0.042550132140109706 -0.081606854659395753 -0.10751491121490274 -0.0136005012069257 1.0733093710172745 0.14848875195852348 -0.086186632457641785 0.026580374532115487 -0.57557825901006399 0.1403736799908947 0.27701851083435097 -0.059476550477414097 0.039177868379258809 0.20973156513934282 -0.023834559123600482 -0.15696820128602978 -0.11745323699540818 -0.3490253118124414 0.12998724111136706 -0.15889066962475845 -0.011955518520366554 0.055389085427277378 0.003780006916231122 -0.033002173443647892
leaf_weight=347 27 2147 37 71 5589 2035 6911 3108 560 20792 21 70 2363 19321 114 311 377 2338 704 97 113 316 65 47 1044 876 18556 3208 1428 1988
leaf_count=347 27 2147 37 71 5589 2035 6911 3108 560 20792 21 70 2363 19321 114 311 377 2338 704 97 113 316 65 47 1044 876 18556 3208 1428 1988
internal_value=0.00018802 -0.0598493 -0.174963 -0.372542 0.00188534 0.051909 0.000737645 -0.00939996 0.0057114 -0.0215024 0.0412601 0.361909 0.00096175 0.0150298 -0.0305028 -0.0691614 0.0387916 -0.0355739 0.107412 -0.072563 0.207638 -0.243272 -0.40922 0.0361561 -0.0106035 0.013339 -0.0203875 -0.00306761 -0.058742 0.0216135
internal_weight=94981 2602 455 108 92379 2062 90317 29724 60593 23997 5727 91 53682 24219 4898 3144 1754 2649 1194 3205 490 495 179 5636 29463 8544 20919 7500 2304 5196
internal_count=94981 2602 455 108 92379 2062 90317 29724 60593 23997 5727 91 53682 24219 4898 3144 1754 2649 1194 3205 490 495 179 5636 29463 8544 20919 7500 2304 5196
cat_boundaries=0 10 19 20 30 39 48 58 64 74 84 94 104 113 122
cat_threshold=1073774592 270533632 10240 16783360 17301505 67108868 1141670144 73940994 68158468 2 19006464 75513896 287309824 2147483648 69640 1073741832 2959213568 0 2160590984 100 42992256 262144 2152304776 1077936393 1073742080 2283798528 8388625 0 537165824 8 201867268 1073807360 131840 1064980 4334726 301989888 65600 271104 64 71831564 4751360 1107427332 3145728 142402 43008000 65538 553652480 64 512 4194304 1108606976 404759552 2147485760 16387 33555088 2970617856 74496 16 0 0 33554432 8192 2147485696 16384 0 4194304 0 270532608 2048 16385 144 1048576 65536 16 0 0 0 0 0 0 640 16777216 65536 16 4168 2147483648 36 32 0 0 32 0 32768 1 33558696 2147483648 36 33 0 2148532224 0 0 536887296 1 33554432 262144 1 0 33024 2150629376 8404992 0 16777216 37748736 262144 32769 0 33024 2159017984 8388608 0 16777216
is_linear=0
shrinkage=0.05


Tree=150
num_leaves=31
num_cat=4
split_feature=9 3 9 2 3 4 9 0 0 3 7 4 4 9 7 5 2 3 0 3 3 2 7 3 0 7 7 0 3 0
split_gain=5151.77 4757.56 3591.38 4825.66 4387.11 2989.46 2985.01 4036.11 2323.03 3696.89 2224.77 2170.65 2249.5 2207.46 2860.01 2532.94 2357.78 2289.46 2101.04 2090.53 2902.9 2394.42 3425.13 2037.88 1999.23 1916.97 3935.6 1840.75 1787.92 1751.59
threshold=0 20.502448860105044 1 11.516666666666667 73.513959813272578 4.5000000000000009 2 53.62540252409628 21.581003653792607 18.771461173423059 50.408662530935352 131.50000000000003 393.50000000000006 3 50.429107198882384 40.552835459465456 20.387992831541222 63.005929818592953 61.573310718635476 57.293361305803003 55.929873365277508 17.994545454545456 50.379424043569024 60.231792873149494 29.503968931403602 50.549471482093956 50.404742489030475 36.873595371300162 60.06308809961353 5.7784279972209811
decision_type=9 10 9 8 10 2 9 8 8 8 10 2 2 9 10 10 8 10 10 10 10 10 10 10 10 10 10 8 10 8
left_child=1 8 3 10 5 24 7 -3 -1 -10 -2 13 18 14 16 27 -7 19 -13 20 -15 28 -23 -20 -5 26 -9 -16 -21 -4
right_child=2 6 29 4 -6 11 -8 25 9 -11 -12 12 -14 17 15 -17 -18 -19 23 21 -22 22 -24 -25 -26 -27 -28 -29 -30 -31
leaf_value=-0.0063254027224298737 0.17484391487163048 -0.11094832276433426 -0.049542175541132355 0.21923799971225619 -0.41802684236317877 0.65630873020738367 -0.07041721244814346 -0.56451388569413752 -0.045794371763865159 0.70768027036655246 0.83333681780234758 -0.1066379862262391 0.25778341193993887 0.070204580076063436 -0.062811268900716033 -0.14254968899520154 0.23126415380481946 -0.12820188592216283 0.36895648163432876 -0.31155788164872389 -0.30917085051536564 0.014648021275506302 0.65303296516564757 -0.23177160799503327 0.77363232240080837 -0.82494803954815044 0.13832812644541265 0.34195257002188839 0.25944659761313738 0.0019753167427271497
leaf_weight=67 23 212 1681 87 48 40 1335 69 27 41 29 434 60 606 43 94 177 165 48 26 55 34 55 20 20 29 28 81 29 89232
leaf_count=67 23 212 1681 87 48 40 1335 69 27 41 29 434 60 606 43 94 177 165 48 26 55 34 55 20 20 29 28 81 29 89232
internal_value=0.000917223 -0.0824419 0.00254486 0.0659057 0.0545476 0.0654847 -0.105938 -0.237135 0.202627 0.408507 0.54208 0.0514839 -0.0315648 0.0847034 0.177042 0.0532 0.309613 0.0410455 -0.0661482 0.0762458 0.0386378 0.248877 0.409156 0.192272 0.322863 -0.468268 -0.361632 0.201591 -0.0104828 0.00102264
internal_weight=94895 1808 93087 2174 2122 2074 1673 338 135 68 52 1967 562 1405 435 218 217 970 502 805 661 144 89 68 107 126 97 124 55 90913
internal_count=94895 1808 93087 2174 2122 2074 1673 338 135 68 52 1967 562 1405 435 218 217 970 502 805 661 144 89 68 107 126 97 124 55 90913
cat_boundaries=0 9 18 27 36
cat_threshold=1073741844 2097168 134348800 0 1224736777 16384 19005442 2215134208 526400 135296 201392128 1114624 2164656128 4792320 67117056 2185232640 2097424 79691912 4 2097152 134217728 0 1 16384 131072 17408 2048 131072 134217728 65536 2164260864 65536 0 33554432 256 4194312
is_linear=0
shrinkage=0.05


Tree=151
num_leaves=31
num_cat=7
split_feature=9 4 0 1 9 3 9 0 5 5 3 0 3 1 0 0 4 4 3 0 0 9 6 9 1 6 9 0 7 9
split_gain=2951.49 3286.96 3731.3 4044.96 2685.52 2249.84 2242.26 3613.24 2113.31 1968.45 2290.9 1880.75 2603.02 1857.71 3937.34 2925.61 3417.9 2814.37 1787.93 1894.59 1799.97 1751.69 2124.73 6763.15 3171.51 3374.25 2237.29 2568.6 2237.21 2116.11
threshold=0 178.50000000000003 67.185579698645157 46.500000000000007 1 76.194641797471533 2 79.002165687451452 73.44603137856592 63.692854405070527 57.293361305803003 17.869254525317043 29.189999574858991 1.5000000000000002 49.074316285113973 63.280219000088422 95.500000000000014 23.500000000000004 55.313879291776864 37.273426082525972 46.999730862001051 3 52.500000000000007 4 227.50000000000003 131.50000000000003 5 54.908792307627401 50.357380454999216 6
decision_type=9 2 10 2 9 10 9 10 8 8 10 8 10 2 8 10 2 2 10 10 10 9 2 9 2 2 9 10 10 9
left_child=1 6 3 -3 5 11 7 13 -5 -4 -11 12 -2 14 17 18 -17 -1 19 -15 -21 -6 29 24 -24 -26 27 28 -25 -23
right_child=4 2 9 8 21 -7 -8 -9 -10 10 -12 -13 -14 15 -16 16 -18 -19 -20 20 -22 22 23 26 25 -27 -28 -29 -30 -31
leaf_value=0.40088170880079271 -0.016648020154686385 -0.09603909453318131 -0.84174641668796546 0.017802178263664245 0.018054853497881721 -0.59717999160289759 0.05166360378847619 -0.33480953804908264 0.69074552463633676 0.13407419224580128 -0.5882397698319477 -0.081865957226375935 0.49459818386856247 -0.14296978438416352 0.2022062873696549 0.083604343049228202 0.83305055355203561 1.1966407799720764 -0.099810261476565812 0.71428412224935456 0.14488256654569082 -0.023181620132339056 0.15550390158017449 -0.45745371662908135 -0.51147289652573436 0.16897362657955717 0.0064368490624246988 -0.037286505255733293 -0.031842444361524384 -0.00065184544911081014
leaf_weight=25 93 221 20 20 11514 20 1436 31 28 21 23 1232 34 26 114 32 29 20 102 23 35 12404 1059 90 38 35 1014 227 47 64980
leaf_count=25 93 221 20 20 11514 20 1436 31 28 21 23 1232 34 26 114 32 29 20 102 23 35 12404 1059 90 38 35 1014 227 47 64980
internal_value=0.000144199 0.0571713 -0.0873171 -0.00567926 -0.00121764 -0.0702191 0.0831651 0.181348 0.410352 -0.430451 -0.243499 -0.0629807 0.120221 0.225226 0.358531 0.139414 0.439898 0.754552 0.0408686 0.211693 0.37068 -0.000169106 -0.0027974 0.0424767 0.132361 -0.185231 -0.0320894 -0.136715 -0.311441 -0.00426626
internal_weight=94993 2206 333 269 92787 1379 1873 437 48 64 44 1359 127 406 159 247 61 45 186 84 58 91408 79894 2510 1132 73 1378 364 137 77384
internal_count=94993 2206 333 269 92787 1379 1873 437 48 64 44 1359 127 406 159 247 61 45 186 84 58 91408 79894 2510 1132 73 1378 364 137 77384
cat_boundaries=0 10 19 29 39 49 56 66
cat_threshold=4176 134742048 512 2818965568 16851076 83902464 1024 268435474 2151680392 4 1073741856 1143014400 270663680 8391168 655361 65538 50462976 2151695876 75497536 4096 524288 0 2147745792 16842752 0 0 0 4194312 4 2684354560 57360 1073754112 2097450 64 1052672 4130 19660800 537478180 16 16384 0 33028 8208 0 8388608 8388608 0 2 1 0 0 2147483648 0 134250496 0 2097664 35336 2962358272 134285572 33558528 3072 8914944 277118976 1048576 17039362 1
is_linear=0
shrinkage=0.05


Tree=152
num_leaves=31
num_cat=7
split_feature=9 9 2 2 3 5 7 2 1 9 3 4 4 10 5 2 2 3 9 3 7 2 10 7 7 9 5 7 2 4
split_gain=4168.65 2879.73 4569.58 4193.91 2751.18 3589.15 2427.2 2194.15 4274.89 4003.42 3142.95 3110.6 3924.56 2280.28 2957.43 3837.04 2277.99 3201.52 2194.06 3061.91 3354.91 2692.12 2436.14 4861.24 2660.76 2161.52 2153.7 3429.07 3670.57 2037.41
threshold=0 1 15.287593984962408 15.704793028322442 20.502448860105044 28.353418544293351 50.196063337148722 20.223611111111115 1.5000000000000002 2 68.359665484774467 228.50000000000003 14.500000000000002 3 22.001924369716992 18.353889943074005 17.403125000000003 52.491367179691018 4 1.0000000180025095e-35 41.743524848889926 13.98648648648649 5 50.503198651924713 50.56724030058416 6 49.393396017266348 50.275624279421415 14.251262626262628 10.500000000000002
decision_type=9 9 10 10 10 10 10 8 2 9 10 2 2 9 10 10 10 10 9 10 10 8 9 10 10 9 8 10 8 2
left_child=4 2 25 -4 5 6 -1 8 10 11 -6 12 -9 14 16 -16 17 -10 21 20 -20 22 23 -3 -24 26 27 -2 -29 -21
right_child=1 18 3 -5 7 -7 -8 9 13 -11 -12 -13 -14 -15 15 -17 -18 -19 19 29 -22 -23 24 -25 -26 -27 -28 28 -30 -31
leaf_value=-0.14116228017501717 0.56078924452265111 0.51390847091267744 0.509897185821791 -0.027134854753319382 0.27460286765283831 0.88085508743921914 0.32722655200782946 0.16474898326194895 0.82190655505373378 0.060149343738379747 0.92304428863525401 0.37744236428004047 -0.29702966118846358 -0.039736292563687901 -0.24120648174450318 0.51051269819339118 0.10355887697501616 0.053299779593944552 0.23009351094563804 0.064596621997128997 -0.33718009653591341 -0.034104979784076291 -0.05445007169361931 -0.090432708803564313 0.19482474133531613 -0.2830962248734365 -0.16042017861170024 0.24241645738263343 -0.55567672147229319 0.0020627664420800923
leaf_weight=41 30 82 37 2084 74 21 85 59 42 1406 25 26 209 219 58 24 44 20 33 1324 124 7107 362 56 152 253 253 34 25 80323
leaf_count=41 30 82 37 2084 74 21 85 59 42 1406 25 26 209 219 58 24 44 20 33 1324 124 7107 362 56 152 253 253 34 25 80323
internal_value=0.0003793 -0.00129982 -0.0519257 -0.0177665 0.0659554 0.275677 0.174814 0.0522793 0.14368 0.0250741 0.438351 -0.139952 -0.195369 0.0720034 0.193965 -0.0211911 0.378704 0.573969 0.000241042 0.00265231 -0.217944 -0.0251519 0.0720532 0.250515 0.0188978 -0.174566 -0.0835579 0.12555 -0.0957586 0.00307682
internal_weight=94632 92279 2716 2121 2353 147 126 2206 506 1700 99 294 268 407 188 82 106 62 89563 81804 157 7759 652 138 514 595 342 89 59 81647
internal_count=94632 92279 2716 2121 2353 147 126 2206 506 1700 99 294 268 407 188 82 106 62 89563 81804 157 7759 652 138 514 595 342 89 59 81647
cat_boundaries=0 9 18 26 27 37 38 46
cat_threshold=163984 1207963680 1207967760 2164391936 18874369 2284339204 2181038338 4194304 2147483656 2701132292 8945664 3149824 541065216 1073807360 1073750016 805306372 2214661378 8912960 131072 134217728 1073741824 0 16777217 16388 0 4194304 20 2101248 537002497 2592 66050 1674 9 8585216 2113536 1196448 18 12 553648128 32768 0 541065216 0 0 805306368 3330
is_linear=0
shrinkage=0.05


Tree=153
num_leaves=31
num_cat=12
split_feature=9 9 6 9 4 7 7 6 3 9 5 4 0 6 9 9 9 5 3 9 4 9 9 7 9 2 4 9 3 7
split_gain=3408.02 2827.11 2866.88 2495.69 2481.01 2361.09 2867.9 2452.31 2435.07 2888.68 5128.92 5536.63 2430.69 2349.22 12636.8 7445.79 4476.85 4223.47 6214.27 3381.49 3407.38 5543.91 4243.74 3860 3562.17 3267.6 2789.34 5176.66 2754.75 2691.82
threshold=0 1 16.500000000000004 2 414.50000000000006 51.058644582148794 50.439019756605397 30.500000000000004 66.198052430037805 3 57.758996264949509 17.500000000000004 73.954977319592373 22.500000000000004 4 5 6 64.176716226806107 58.513268400965934 7 762.50000000000011 8 9 50.449675812571265 10 28.059262510974545 14.500000000000002 11 1.0000000180025095e-35 50.008196677848993
decision_type=9 9 2 9 2 10 10 2 10 9 10 2 10 2 9 9 9 10 10 9 2 9 9 10 9 10 2 9 10 10
left_child=-1 2 4 5 -2 6 7 8 9 10 11 -3 -7 19 15 -15 17 18 -16 -5 21 26 23 -22 -25 -18 27 -21 -23 -17
right_child=1 3 -4 13 -6 12 -8 -9 -10 -11 -12 -13 -14 14 16 29 25 -19 -20 20 22 28 -24 24 -26 -27 -28 -29 -30 -31
leaf_value=-0.064968505137702803 0.072435862437673845 0.98951040092975873 -0.087693109250048529 -0.04938629493516386 0.53843622259024915 0.20931549006162731 -0.010670149737463577 -0.060737664696952222 -0.14438413969981365 0.049623088565125054 -0.45142918229103091 0.21581307661484234 -0.26545040416298432 0.21585473430529106 -0.23390244567862981 -0.19787087038950582 -0.12029737260986731 0.013570217211400309 -0.90610514404025011 -0.11398848617307336 -0.022048134098059252 -0.24700746308391294 -0.050183870058365235 -0.013342479627043703 0.045914088152058663 -0.00085147295409303205 0.029437067926890201 0.29764031257662105 -0.0067778520556239646 0.048967944145961145
leaf_weight=1974 1893 31 296 4263 29 266 4855 544 156 5353 20 91 30 708 213 113 828 124 41 108 14783 120 6837 4797 5367 1856 12590 236 21551 4891
leaf_count=1974 1893 31 296 4263 29 266 4855 544 156 5353 20 91 30 708 213 113 828 124 41 108 14783 120 6837 4797 5367 1856 12590 236 21551 4891
internal_value=-0.00012498 0.00125838 0.0569024 -0.000107396 0.0794671 0.0218175 0.0181036 0.0406535 0.0504141 0.0559443 0.271613 0.412408 0.161197 -0.00324172 0.0211592 0.0650343 -0.0607016 -0.219817 -0.342408 -0.00627244 -0.00349603 0.00735938 -0.015316 -0.00573766 0.0179794 -0.03756 0.0332495 0.173747 -0.00810435 0.0433073
internal_weight=94964 92990 2218 90772 1922 11346 11050 6195 5651 5495 142 122 296 79426 8774 5712 3062 378 254 70652 66389 34605 31784 24947 10164 2684 12934 344 21671 5004
internal_count=94964 92990 2218 90772 1922 11346 11050 6195 5651 5495 142 122 296 79426 8774 5712 3062 378 254 70652 66389 34605 31784 24947 10164 2684 12934 344 21671 5004
cat_boundaries=0 9 18 27 35 44 53 63 73 83 92 99 108
cat_threshold=1073742848 1211645984 16781312 32 4226 1092622340 536870914 2149581826 146818048 2269248 65536 268435456 2689665024 17309708 2147549184 2415923200 526336 2214594760 1049088 320 141623296 2359370 2147648513 67239936 65556 336924672 65792 0 256 136314880 64 131073 0 0 67108864 171989000 0 696709 17424 2368 8388608 8388776 139264 262146 33556488 0 532608 0 2304 0 8388640 131072 2 536870912 0 33816608 16777216 0 0 2097152 536870912 0 12 33554456 5120 532492 167903488 32 8388608 1107296256 0 262146 1 537198592 4456960 2181333024 1342185472 134217984 1064961 159383936 139264 537042944 20 16384 4456448 2147778592 17424 2112 0 161 16908288 16777216 0 4194304 2147778560 16384 0 0 161 536870912 512 2147745792 0 0 1 134217984 0 40960
is_linear=0
shrinkage=0.05


Tree=154
num_leaves=31
num_cat=8
split_feature=9 3 9 6 5 7 9 9 4 4 3 2 2 5 3 4 5 6 3 9 6 9 9 7 7 9 6 3 7 3
split_gain=3860.71 3833.22 2759.88 2811.59 2664.65 3252.58 2442.34 2177.25 2236.88 2086.87 3745.99 2684.75 4019.7 2155.94 2258.65 2039.65 3122.82 5922.83 1876.93 2341.12 1833.37 4150.12 1964.28 2441.02 2055.71 2790.74 2021.55 7478.32 1937.98 2691.69
threshold=0 20.502448860105044 1 93.500000000000014 30.235803035642014 50.469564595127643 2 3 23.500000000000004 12.500000000000002 73.513959813272578 28.464102564102564 21.379577653033952 38.910193725846177 50.890471775672786 198.50000000000003 26.968464189577713 29.500000000000004 65.501821976194734 4 57.500000000000007 5 6 51.634196594811101 50.253379437664897 7 23.500000000000004 33.131707288380646 49.953826078376224 1.0000000180025095e-35
decision_type=9 10 9 2 8 10 9 9 2 2 10 10 10 10 10 2 10 2 10 9 2 9 9 8 10 9 2 10 10 10
left_child=1 4 3 -2 -1 -6 15 8 -3 10 11 12 -9 14 -13 -4 -17 -18 19 -11 22 -22 23 24 25 -8 -27 -28 -24 -30
right_child=2 7 6 -5 5 -7 20 9 -10 18 -12 13 -14 -15 -16 16 17 -19 -20 -21 21 -23 28 -25 -26 26 27 -29 29 -31
leaf_value=0.068127408482914056 0.024468542392486234 0.14992695012026364 -0.071720090663992625 -0.52891942029413974 0.2050683411859697 0.9132108551614424 -0.21938851654777711 0.28926227624420647 -0.34137040807650643 -0.048664101288909217 -0.4085052716461095 -0.51443386956428483 1.0348073508058275 0.43242740886552 0.18695063333619724 -0.20344489460335452 0.79704089408947365 -0.027899733836000619 -0.15289877065672325 0.14101211214843004 -0.0530330138686727 0.096549700991665377 0.052047405394091119 0.47751909509922075 -0.015257373802858576 -0.066982176278511718 1.0302332594990731 -0.023103092711801842 -0.29516614285799175 -0.001277696082242091
leaf_weight=43 11149 36 1858 23 31 34 279 130 65 249 22 24 21 21 22 47 36 55 104 450 703 1331 1725 24 6686 1202 20 107 78 68484
leaf_count=43 11149 36 1858 23 31 34 279 130 65 249 22 24 21 21 22 47 36 55 104 450 703 1331 1725 24 6686 1202 20 107 78 68484
internal_value=0.00116411 0.0880345 -4.69103e-06 0.0233084 0.373479 0.575481 -0.00315899 0.0618565 -0.151277 0.0831486 0.213314 0.276067 0.392947 0.0126489 -0.178989 -0.0576565 0.127515 0.29845 0.0452803 0.0747662 -0.00180307 0.0450642 -0.00301605 -0.0259767 -0.0274649 -0.0782234 -0.046587 0.142777 -0.000295076 -0.00161204
internal_weight=95059 1252 93807 11172 108 65 82635 1144 101 1043 240 218 151 67 46 1996 138 91 803 699 80639 2034 78605 8318 8294 1608 1329 127 70287 68562
internal_count=95059 1252 93807 11172 108 65 82635 1144 101 1043 240 218 151 67 46 1996 138 91 803 699 80639 2034 78605 8318 8294 1608 1329 127 70287 68562
cat_boundaries=0 9 19 29 35 44 51 60 69
cat_threshold=9232 67633184 136314888 2281963520 1091174400 2121732 83886338 0 4196488 671088640 2147566592 16 3146050 4294656 65536 570953728 605038848 132128 5 67272776 144707584 16779264 8525824 1048579 524290 163908 1041 545276160 16 0 0 0 0 0 24576 0 67108864 136314888 0 0 4 83886080 0 2048 2048 4 2147483649 268436480 64 0 512 1073741956 0 655876 536870921 1796 1233127424 2418032640 115200 83918914 1073741956 0 4 0 0 0 16384 0 64
is_linear=0
shrinkage=0.05


Tree=155
num_leaves=31
num_cat=1
split_feature=10 0 2 0 7 2 0 5 3 2 0 4 3 7 2 0 7 5 1 3 5 1 5 6 3 3 7 7 4 0
split_gain=1636.6 4229.84 3229.63 3205.81 3196.43 4775.7 2737.15 2224.45 2175.78 2077.47 4581.1 2054.64 2401.61 2686.31 2049.26 2496.13 2492.83 2047 2175.78 2501.11 2037.1 2011.78 1975.49 1649.14 1966.25 1644.48 1835.23 3372.69 3472.49 2402.01
threshold=0 58.436241607757573 12.020833333333334 56.575158395017745 50.267349652442064 27.002304147465441 5.2194845413811395 34.560361764846526 53.687731091974904 18.503846153846158 51.389293459458095 203.50000000000003 65.613561096121813 50.499219699423733 11.980000000000002 83.801770600651693 50.56724030058416 7.19614184662663 1.5000000000000002 66.861856985264737 1.3358493591095892 10.500000000000002 47.046769517003348 4.5000000000000009 24.374492356453839 89.488941011245188 50.610084659406134 50.595843046477036 53.500000000000007 26.490902874497305
decision_type=9 10 8 10 10 10 10 10 8 10 10 2 10 10 10 10 10 8 2 10 8 2 10 2 10 8 10 10 2 8
left_child=1 3 17 6 -3 14 8 -8 -1 10 -9 23 13 -13 -6 16 -16 -2 -19 -20 -4 -15 -23 24 -11 26 27 -22 -29 -28
right_child=2 4 20 -5 5 -7 7 9 -10 11 -12 12 -14 21 15 -17 -18 18 19 -21 25 22 -24 -25 -26 -27 29 28 -30 -31
leaf_value=-0.032790353234502363 0.58904307857155802 -0.7604603205735867 -0.31158350481687547 0.54274052302711284 -0.71399724140115417 0.43206063764435909 -0.01226939819687204 0.012897717060842084 -0.13302201384719711 -0.053736362093024785 -0.65764178541990426 0.13571517453379131 -0.18850841305472635 0.16723340666571329 -0.15979733478086883 0.31135520733892919 -0.73354089021682745 0.16051224464795064 0.04876485457903966 -0.30183868900473632 0.0024171736912466006 0.40684275266371278 1.0207673385739326 -0.023027938239934362 0.38045282673931896 0.08907505865751493 0.045628809776290191 0.3632263503354235 0.055530293205328429 -0.02369931458897663
leaf_weight=2528 20 26 52 26 23 28 10892 1254 689 45 26 373 44 43 78 20 25 461 555 56 61561 38 20 402 62 532 1400 97 1676 11613
leaf_count=2528 20 26 52 26 23 28 10892 1254 689 45 26 373 44 43 78 20 25 461 555 56 61561 38 20 402 62 532 1400 97 1676 11613
internal_value=-0.000564874 -0.0147948 0.0024719 -0.0120236 -0.243359 -0.166091 -0.0129022 -0.00282269 -0.0542574 0.0417779 -0.000722617 0.0947483 0.164853 0.197654 -0.280805 -0.199802 -0.299055 0.0878558 0.0785053 0.016631 0.00126024 0.4264 0.618541 0.0234041 0.19785 0.00147184 0.000861403 0.0043753 0.0723642 -0.0162407
internal_weight=94665 16642 78023 16442 200 174 16416 13199 3217 2307 1280 1027 518 474 146 123 103 1092 1072 611 76931 101 58 509 107 76879 76347 63334 1773 13013
internal_count=94665 16642 78023 16442 200 174 16416 13199 3217 2307 1280 1027 518 474 146 123 103 1092 1072 611 76931 101 58 509 107 76879 76347 63334 1773 13013
cat_boundaries=0 1
cat_threshold=96
is_linear=0
shrinkage=0.05


Tree=156
num_leaves=31
num_cat=8
split_feature=9 9 0 4 0 9 2 2 9 7 9 0 1 1 5 1 5 4 6 5 2 5 1 7 0 11 9 5 0 9
split_gain=4551.23 3908.48 3138.6 2383.52 2718.13 3792.63 4445.71 3547.66 3536.27 2615.67 2558.22 2371.79 2658.84 3885 5311.5 6773.38 2475.88 2380.14 6727.46 2457.33 2170.58 2319.33 3662.66 2582.18 2294.38 2043.33 7388.98 4352.15 3308.76 7356.04
threshold=0 1 88.683813433564524 95.500000000000014 56.338979574041645 2 92.389239598278351 12.404545454545456 3 50.508278558414439 4 70.92260372804985 182.50000000000003 56.500000000000007 67.158761367120391 92.500000000000014 31.491293060044274 62.500000000000007 7.5000000000000009 45.158923349774831 16.990909090909096 33.299509733602243 4.5000000000000009 50.421568386872551 39.784434121412495 5 6 88.261769346958417 30.897253480231701 7
decision_type=9 9 10 2 8 9 8 10 9 10 9 10 2 2 10 2 8 2 2 10 10 10 2 10 10 1 9 10 8 9
left_child=2 3 11 4 7 6 -6 9 -9 -2 -5 12 13 -1 15 -15 -14 18 19 -13 21 23 -23 -12 -25 -3 27 -27 -28 -30
right_child=1 25 -4 10 5 -7 -8 8 -10 -11 20 17 16 14 -16 -17 -18 -19 -20 -21 -22 22 -24 24 -26 26 28 -29 29 -31
leaf_value=-0.050787079859399245 0.93958873271942134 0.0023105177106883539 0.08033219303239833 -0.11873254340519257 0.10101104301272655 0.077392183550607382 -0.53394185359279323 0.030529179563379194 0.25874268585067595 0.18264994876725335 0.9081699816953569 -0.37017395111696366 0.63237491321563732 -0.8105500584987344 0.45560667514801029 -0.10720605319127059 0.046871229960368237 -0.10498784731993144 -1.0835300271327679 0.13596793091610859 0.012136315785848541 -0.26029844464734198 0.54290034445849333 -0.14042993400778089 0.59867825281052356 0.038315439899473884 -0.0059641767955248949 0.63361649147925847 -0.027863761031650804 -0.15624905962152269
leaf_weight=2326 25 77249 364 306 51 846 60 371 321 21 21 65 25 61 20 78 65 278 26 38 581 40 22 21 21 3197 3265 31 3386 1665
leaf_count=2326 25 77249 364 306 51 846 60 371 321 21 21 65 25 61 20 78 65 278 26 38 581 40 22 21 21 3197 3265 31 3386 1665
internal_value=-0.0009115 0.00118597 -0.058099 0.0602584 0.0967337 0.0411314 -0.22219 0.168836 0.140571 0.59403 -0.000238765 -0.0751915 -0.0574634 -0.0671325 -0.306248 -0.415868 0.209511 -0.187354 -0.364855 -0.183442 0.052064 0.241813 0.0247076 0.455473 0.229124 -0.000621531 -0.0202425 0.0438964 -0.0451376 -0.0705489
internal_weight=94846 91500 3346 2707 1695 957 111 738 692 46 1012 2982 2575 2485 159 139 90 407 129 103 706 125 62 63 42 88793 11544 3228 8316 5051
internal_count=94846 91500 3346 2707 1695 957 111 738 692 46 1012 2982 2575 2485 159 139 90 407 129 103 706 125 62 63 42 88793 11544 3228 8316 5051
cat_boundaries=0 10 19 25 34 43 44 53 63
cat_threshold=1073762304 136315904 2097152 9570560 1073741826 67125248 537067522 2420130816 2147502208 6 16810192 1073758208 402784264 2168459264 134414464 2149580802 2181825536 0 536872712 128 0 0 4194304 196608 2 64 1073758208 131072 4198400 134217728 0 787456 0 1024 128 0 8 0 0 0 1024 0 768 2 2688550408 12583497 4227072 1073751072 524320 301989888 5 17076480 524306 34603012 294912 2684354581 270532625 2147518784 8388608 134217880 68165632 67174400 1
is_linear=0
shrinkage=0.05


Tree=157
num_leaves=31
num_cat=2
split_feature=10 7 4 7 2 0 4 0 7 4 7 6 3 4 6 2 11 2 4 3 4 3 6 3 4 2 0 2 4 4
split_gain=1461.2 2738.18 3501.19 2555.34 3158.99 4117.2 4760.02 2941.76 2412.51 2306.36 3350.09 2621.05 2293.73 2158.32 2652.37 2048.83 1940.33 2976.65 2755.18 2115.35 1966.65 2444.31 2772.39 1960.47 4049.62 7452.99 3666.57 3499.7 1938.84 1898.23
threshold=0 50.160434440679616 4.5000000000000009 50.945125034222762 12.020833333333334 71.968849941353682 365.50000000000006 8.2660578217802705 50.196063337148722 1202.5000000000002 50.447422995628337 2.5000000000000004 89.488941011245188 393.50000000000006 10.500000000000002 48.07030548068284 1 14.008620689655174 680.50000000000011 58.855310627923494 2930.5000000000005 58.44577951186475 6.5000000000000009 15.904169539288441 246.50000000000003 19.669696969696975 29.099436354179652 30.929574264834155 163.50000000000003 14.500000000000002
decision_type=9 10 2 10 8 10 2 8 10 2 10 2 10 2 2 10 1 10 2 8 2 10 2 10 2 10 10 10 2 2
left_child=-1 2 -2 4 5 8 -7 -6 -3 13 -11 -12 -5 14 29 -14 23 18 19 28 -19 22 -22 24 26 -26 -9 -27 -18 -10
right_child=1 3 -4 12 7 6 -8 16 9 10 11 -13 15 -15 -16 -17 17 20 -20 -21 21 -23 -24 -25 25 27 -28 -29 -30 -31
leaf_value=-0.0079014717376349724 0.17074687278594589 0.68114222401664382 -0.031068300918920478 -0.055492966066721709 -0.15810429438945925 0.17379477660764348 -0.86631176796826448 0.083146170446915302 -0.28001001776697548 -0.0023124559223651887 0.17953472390848524 0.85044819055175458 0.37950731845477881 -0.05770812342686156 0.72298361554741863 -0.048812173538894027 -0.36564953478260176 -0.00033841453906354108 0.18973348401486875 -0.70464131462162938 -0.35957584246485075 -0.16382667659375344 0.28733337175712659 0.01418666166921605 1.1607785454910735 0.060955754857437289 -0.49333690142992775 0.78430836737155918 0.10210355860181153 0.16661180963307354
leaf_weight=44146 222 21 6725 2070 258 22 22 168 26 40 24 37 59 163 20 53 72 4343 32 29 22 378 67 35318 23 102 33 20 32 280
leaf_count=44146 222 21 6725 2070 258 22 22 168 26 40 24 37 59 163 20 53 72 4343 32 29 22 378 67 35318 23 102 33 20 32 280
internal_value=-0.00125229 0.00454018 -0.024619 0.00917306 0.0119427 0.120879 -0.346258 0.0101979 0.154519 0.135775 0.353296 0.586482 -0.0435685 0.0908472 0.165125 0.17682 0.0112664 -0.0179856 -0.226804 -0.327023 -0.0108224 -0.108321 0.127423 0.015347 0.133786 0.335183 -0.0115003 0.179538 -0.221726 0.128664
internal_weight=94827 50681 6947 43734 41552 655 44 40897 611 590 101 61 2182 489 326 112 40639 4975 165 133 4810 467 89 35664 346 145 201 122 104 306
internal_count=94827 50681 6947 43734 41552 655 44 40897 611 590 101 61 2182 489 326 112 40639 4975 165 133 4810 467 89 35664 346 145 201 122 104 306
cat_boundaries=0 1 2
cat_threshold=104 2
is_linear=0
shrinkage=0.05


Tree=158
num_leaves=31
num_cat=2
split_feature=0 3 7 11 3 5 1 0 5 0 3 0 10 3 4 3 7 3 5 4 1 7 0 5 1 0 4 5 0 3
split_gain=1959.56 2579.04 2305.11 1940.29 2221.24 2727.96 2225.46 2199.87 4428.11 3595.79 3752.71 3145.34 3045.03 3576.23 3069.69 2745.06 2261.73 2239.74 2027.15 2042.58 2963.63 2836.66 2596 3042.21 1953.87 1904.24 1881.84 3551.36 2432.82 4678.95
threshold=91.198240103903572 56.988748577203168 50.598712666763085 0 74.225638621467155 79.294303290101013 60.500000000000007 60.863459616494644 57.996020277283201 66.635617484301534 56.714936363299948 81.020847928122905 1 51.905645661980408 1930.5000000000002 50.890471775672786 50.630214311920163 24.048517858808626 62.244391240997878 795.50000000000011 7.5000000000000009 50.641486606622024 74.801347880997199 65.060564801582842 33.500000000000007 54.591079007991091 14.500000000000002 40.262706000489423 54.591079007991091 53.041734699476642
decision_type=10 10 10 1 10 8 2 8 8 10 10 10 9 8 2 10 10 10 8 2 2 10 8 8 2 8 2 8 10 10
left_child=3 2 -2 26 6 24 7 -5 9 -9 -11 12 14 15 17 -14 -13 -10 -15 20 -20 22 23 -21 -6 -7 27 -1 -29 -30
right_child=1 -3 -4 4 5 25 -8 8 11 10 -12 16 13 18 -16 -17 -18 -19 19 21 -22 -23 -24 -25 -26 -27 -28 28 29 -31
leaf_value=-0.15920937628802009 0.10303918340201067 0.025965099332293552 0.45146591305732731 -0.0074372738340572342 -0.73342214641363723 -0.53792724326252939 0.032121488156799376 -0.08057190266327334 0.051474193309308497 0.073233424127101904 -0.63477861853206863 0.12793313726743169 -0.13196956737733939 0.37322246157206024 -0.5772533590729173 -0.71263244206255139 -0.18739374818196938 -0.14681021007599895 -0.042819763504878525 -0.54285795255140823 0.17471167674161681 -0.54251313057952921 -0.2177773892776006 0.061590809955499898 -0.22545688012353726 -0.040457721231579195 -0.00032299669552479995 0.085879823499510233 -0.40671792680025104 0.033812438911403432
leaf_weight=197 176 2575 65 5747 23 20 2009 118 171 24 85 376 272 39 37 22 67 852 303 22 324 29 144 387 107 504 77881 1856 75 307
leaf_count=197 176 2575 65 5747 23 20 2009 118 171 24 85 376 272 39 37 22 67 852 303 22 324 29 144 387 107 504 77881 1856 75 307
internal_value=-0.000481411 0.0406038 0.197013 -0.001739 -0.0207785 -0.110309 -0.0154691 -0.02607 -0.0587968 -0.271833 -0.478886 -0.0429152 -0.0638833 -0.0184187 -0.128634 -0.175421 0.0802426 -0.113666 0.0184197 0.00697447 0.0695888 -0.0604812 -0.0352028 0.0290777 -0.315328 -0.0594451 0.0010303 0.0443143 0.0622295 -0.0526791
internal_weight=94814 2816 241 91998 11682 654 11028 9019 3272 227 109 3045 2602 1542 1060 294 443 1023 1248 1209 627 582 553 409 130 524 80316 2435 2238 382
internal_count=94814 2816 241 91998 11682 654 11028 9019 3272 227 109 3045 2602 1542 1060 294 443 1023 1248 1209 627 582 553 409 130 524 80316 2435 2238 382
cat_boundaries=0 1 2
cat_threshold=2 38
is_linear=0
shrinkage=0.05


Tree=159
num_leaves=31
num_cat=6
split_feature=9 4 9 0 9 5 4 1 7 4 0 2 5 4 7 4 9 5 4 9 1 5 2 2 4 2 4 9 5 4
split_gain=4472.23 3974.68 3106.35 4308.5 2881.53 2669.77 5102.21 2644.13 2640.65 2456.27 2386.78 2538.57 2182.11 2151.08 2136.62 2083.15 1769.16 2994.55 2987.07 3183.06 3958.39 2865.65 3636.1 3499.23 3342.84 3081.02 2565.64 2460.44 2425.75 2234.04
threshold=0 29.500000000000004 1 49.074316285113973 2 27.497049601651021 143.50000000000003 35.500000000000007 50.338829774418102 135.50000000000003 58.97761890656826 28.93440860215054 39.617772227238341 77.500000000000014 50.196063337148722 83.500000000000014 3 92.404083149672033 139.50000000000003 4 21.500000000000004 41.211690026749487 14.860389610389612 12.020833333333334 680.50000000000011 18.503846153846158 640.50000000000011 5 89.653789790195233 127.50000000000001
decision_type=9 2 9 10 9 8 2 2 8 2 8 10 10 2 10 2 9 10 2 9 2 10 8 10 2 8 2 9 10 2
left_child=1 2 10 8 13 6 -3 9 -4 -7 11 -1 -10 -2 -9 -15 17 18 19 20 29 27 23 26 -25 -24 -23 -20 -27 -6
right_child=4 5 3 -5 16 7 -8 14 12 -11 -12 -13 -14 15 -16 -17 -18 -19 21 -21 -22 22 25 24 -26 28 -28 -29 -30 -31
leaf_value=0.81624763334213302 -0.10042666751562737 0.94860882664268675 0.058443419805594858 -0.10413105991064459 0.057439450987486596 -0.00020885346955172221 -0.028610793194350077 0.031242073244518706 0.27221763015982986 -0.28561092892504603 0.23581254034527122 0.13440256237983703 0.77784711477131807 0.27552962340414527 0.49496398250693857 -0.020447588654214956 0.001909753318843882 -0.47276271996465891 -0.051467884462537833 -0.022730260542855412 0.70681539659316728 0.3473363599993966 -0.2286262920528066 0.14465413528184098 0.74801213307814163 -0.0019613399298078244 -0.34974094015179258 -0.16771753250657001 0.45994796501151447 0.35385858088299849
leaf_weight=43 1271 22 140 171 807 822 34 54 119 83 158 20 26 64 46 836 83807 37 2461 1370 26 22 153 48 44 1429 33 560 29 69
leaf_count=43 1271 22 140 171 807 822 34 54 119 83 158 20 26 64 46 836 83807 37 2461 1370 26 22 153 48 44 1429 33 560 29 69
internal_value=5.30883e-06 0.079241 0.174355 0.0922609 -0.00148277 0.0192975 0.355297 0.000575155 0.213333 -0.0263839 0.32487 0.599789 0.362882 -0.0582772 0.244554 0.00059968 -0.000119987 -0.0240881 -0.0217678 0.025431 0.097749 -0.0442068 0.00654823 0.244598 0.433217 -0.0151732 -0.07091 -0.0737425 0.00722616 0.0807875
internal_weight=94804 1738 677 456 93066 1061 56 1005 285 905 221 63 145 2171 100 900 90895 7088 7051 2272 902 4779 1758 147 92 1611 55 3021 1458 876
internal_count=94804 1738 677 456 93066 1061 56 1005 285 905 221 63 145 2171 100 900 90895 7088 7051 2272 902 4779 1758 147 92 1611 55 3021 1458 876
cat_boundaries=0 9 18 27 37 47 56
cat_threshold=67248692 2097184 33689608 2147876864 16842883 69206016 1073741824 2147483650 2282243080 67117088 0 33554440 0 1 0 0 0 2148024328 2097224 202375296 270533120 536870912 5373956 1073766412 34209794 272646148 603979844 268435456 81921 135342080 1082140961 532480 65536 536941056 257 9437186 36 0 0 0 1073750049 0 0 66048 256 0 4 0 1 0 1073750016 0 0 512 256 1048578
is_linear=0
shrinkage=0.05


Tree=160
num_leaves=31
num_cat=5
split_feature=9 9 3 6 2 9 2 9 5 2 3 3 0 7 9 7 5 2 5 3 5 0 3 0 3 7 0 3 5 2
split_gain=4578.98 3901.38 3167.34 2494.72 3789.73 3113.27 2589.41 2757.45 3340.42 4470.32 5333.6 3693.54 2466.44 2904.18 2413.33 2183.62 2034.17 9346.76 2050.47 2621.31 1829.38 1813.75 3433.95 2950.65 3236.71 1814.04 1760.81 1901.59 1693.55 4691.67
threshold=0 1 20.502448860105044 8.5000000000000018 116.67543859649125 2 52.00568181818182 3 67.158761367120391 14.860389610389612 46.076263226145592 59.73872688199252 23.203577540874075 50.308504854024356 4 50.671027177339383 75.605482776278379 22.502577319587633 66.217343701215967 67.288531522517175 97.274844523952183 55.805669707274681 46.076263226145592 38.945420945598151 34.16202007909672 50.357380454999216 46.70262797415625 55.929873365277508 50.32960078307611 22.004672897196265
decision_type=9 9 10 2 10 9 8 9 8 10 10 10 8 8 9 10 10 10 10 8 10 10 10 10 10 10 10 10 10 8
left_child=2 16 12 6 5 -5 7 15 9 -9 -11 -12 -1 -14 -10 -4 18 -18 28 -20 -3 23 -23 25 -25 -16 -26 -28 -2 -30
right_child=1 20 3 4 -6 -7 -8 8 14 10 11 -13 13 -15 21 -17 17 -19 19 -21 -22 22 -24 24 26 -27 27 -29 29 -31
leaf_value=0.084204660718770419 -0.080975682726286163 -0.0004000285128521907 -0.033635220471814893 -0.18410791700159598 0.46900374564704389 0.032063691230075318 -0.0086155890011930924 -0.31438264354415568 0.3169325097193641 0.19736929373183382 1.0920425546796699 0.40778229243871644 0.16452625782953367 0.78729810286790902 0.23121698876259045 0.19439777615645254 0.99577054423093792 -0.056128498440717947 -0.43808818733276322 -0.069610354697162466 0.16474850091506685 -0.6647075700759888 0.021090866295892623 0.72825122111373486 0.47199962914866567 -0.088637853194852831 -0.24987016022205355 0.27648222881394463 -0.31672768916772759 0.15153552488181271
leaf_weight=76 1760 89336 411 273 36 403 610 23 114 109 38 41 36 39 67 141 25 136 86 110 168 20 209 36 34 131 32 37 69 238
leaf_count=76 1760 89336 411 273 36 403 610 23 114 109 38 41 36 39 67 141 25 136 86 110 168 20 209 36 34 131 32 37 69 238
internal_value=0.000171187 -0.00178857 0.0617475 0.0497816 -0.0308653 -0.0574856 0.0777507 0.11426 0.167915 0.343598 0.424095 0.73692 0.284948 0.488368 0.115871 0.0241744 -0.0642473 0.10721 -0.0767294 -0.231289 -9.00328e-05 0.068564 -0.0388042 0.143558 0.320137 0.0195959 0.177495 0.0323768 -0.0620735 0.0462907
internal_weight=94844 91928 2916 2765 712 676 2053 1443 891 211 188 79 151 75 680 552 2424 161 2263 196 89504 566 229 337 139 198 103 69 2067 307
internal_count=94844 91928 2916 2765 712 676 2053 1443 891 211 188 79 151 75 680 552 2424 161 2263 196 89504 566 229 337 139 198 103 69 2067 307
cat_boundaries=0 10 19 28 38 47
cat_threshold=2147491844 67088 301990016 2684489728 8195 16386 2181562624 4195328 537937928 16 100663296 413138952 528 150996992 268439560 1342773252 272629764 2148024337 8388612 0 528 33554560 0 2 0 0 0 2048 2147483648 0 0 0 0 16384 2148007936 0 1064960 16 0 65536 0 0 8193 2 0 0 2048
is_linear=0
shrinkage=0.05


Tree=161
num_leaves=31
num_cat=11
split_feature=9 4 0 9 3 9 4 1 4 9 3 9 1 4 9 0 0 9 9 9 9 5 1 4 9 6 1 1 2 2
split_gain=4031.22 4386.86 3814.12 3489.43 3886.92 3210.7 3003.62 2335.24 2255.4 6785.16 3910.63 3875.15 3447.58 3434.38 5979.87 3673.61 3251.97 12564.8 7550.74 6710.19 4665.01 3937.15 3242.54 3240.98 3641.39 3184.61 3175.26 3105.6 3494.87 3396.08
threshold=0 80.500000000000014 79.002165687451452 1 47.584069216317779 2 35.500000000000007 3.5000000000000004 567.50000000000011 3 13.900006014290604 4 8.5000000000000018 393.50000000000006 5 31.402763151098696 62.852618218946795 6 7 8 9 78.577697037788013 62.500000000000007 258.50000000000006 10 17.500000000000004 63.500000000000007 4.5000000000000009 12.404545454545456 42.751288659793822
decision_type=9 2 10 9 10 9 2 2 2 9 10 9 2 2 9 10 8 9 9 9 9 10 2 2 9 2 2 2 10 10
left_child=1 2 3 4 -1 -2 -6 -4 9 10 -7 -10 -12 23 -15 -16 18 21 25 -19 -20 22 27 -14 -25 -11 -23 28 -18 -29
right_child=5 -3 7 -5 6 8 -8 -9 11 16 12 -13 13 14 15 -17 17 19 20 -21 -22 26 -24 24 -26 -27 -28 29 -30 -31
leaf_value=0.97664251283363068 -0.082542335626184224 -0.018064770789998068 -0.031684577053607402 0.12144094036322431 0.55711985576984491 0.62293900390123502 -0.07175452551420998 -0.60648000966757543 -0.10902643345189428 -0.052142126821673122 0.020515620514727245 -0.0056049218262224504 0.093400722670857361 0.019532898289348087 -0.25026361116996182 0.24613165930843739 -0.11701175927270423 0.078732110171058245 0.075954782535019846 -0.023961438286461613 0.0088697501544062942 0.014605452333177841 -0.45840118875106173 -0.14672754078572642 0.054018501002927516 -0.31046857167816455 0.76760625158037454 0.070600863901795083 -0.28302230592562888 -0.13163393516288591
leaf_weight=27 1193 864 67 1056 43 29 34 24 913 3151 6803 48753 1203 639 39 841 1030 2194 3143 5707 14601 42 75 383 524 124 21 352 458 506
leaf_count=27 1193 864 67 1056 43 29 34 24 913 3151 6803 48753 1203 639 39 841 1030 2194 3143 5707 14601 42 75 383 524 124 21 352 458 506
internal_value=0.000170554 0.0682614 0.128428 0.152881 0.420051 -0.00138979 0.279435 -0.183279 -0.000323155 0.00822554 0.0430799 -0.00752918 0.0415092 0.0808642 0.138192 0.221614 -0.00339744 -0.0262889 0.0079111 0.00461864 0.0207886 -0.124117 -0.134771 0.0395939 -0.0317729 -0.0617345 0.265606 -0.124425 -0.168109 -0.0486658
internal_weight=94839 2115 1251 1160 104 92724 77 91 91531 41865 10461 49666 10432 3629 1519 880 31404 10385 21019 7901 17744 2484 2421 2110 907 3275 63 2346 1488 858
internal_count=94839 2115 1251 1160 104 92724 77 91 91531 41865 10461 49666 10432 3629 1519 880 31404 10385 21019 7901 17744 2484 2421 2110 907 3275 63 2346 1488 858
cat_boundaries=0 9 18 27 37 47 55 65 74 83 93 103
cat_threshold=9872 1075839104 33554960 2684616736 16846859 18874372 3221225472 4194304 138936456 0 0 33554432 0 2 0 0 0 8 1142947840 277352448 134217728 0 134217728 1074855936 33587456 16384 67125250 1118208 2151940352 2147750177 1024 1073776896 67125257 8388800 537921024 1048576 1 34668544 0 128 0 0 33554432 16384 0 1081344 1 65536 262144 256 1024 2048 0 8388736 1048576 34828 8 1074331652 171982864 655360 8388610 138412067 16785408 16786768 4 540768 81952 2261000 16777240 2151677952 167782400 269357568 67209218 536870912 2416459840 67588 537034760 16777224 6291456 436215808 268715528 67145728 425984 37783556 67108864 524288 138424320 656512 2155876354 671088642 2164400128 66560 4 65536 0 2147746048 1024 32768 0 0 0 0 1
is_linear=0
shrinkage=0.05


Tree=162
num_leaves=31
num_cat=4
split_feature=9 9 3 7 2 4 9 0 7 6 0 2 7 5 4 3 9 5 2 7 2 0 4 0 3 5 5 2 7 3
split_gain=3664.96 3155.64 3184.98 2764.98 2860.36 5821.43 2962.68 2826.92 2647.67 2543.9 2172.69 2517.94 2972.67 2809.9 2007.42 3464.63 3318.11 2801.37 2346.7 4189.26 3466.06 4223.82 4557.65 4101.46 3382.28 3296.62 3002.1 4387.48 2942.46 2507.33
threshold=0 1 13.900006014290604 50.569568054948341 37.003690036900373 282.50000000000006 2 43.273803542099934 50.56724030058416 11.500000000000002 22.806166594508216 13.340000000000002 50.356093898919404 27.497049601651021 2323.5000000000005 59.981481703758895 3 88.261769346958417 42.751288659793822 50.362132564370654 35.923443223443229 63.280219000088422 3400.5000000000005 38.945420945598151 61.717467852742793 89.653789790195233 38.910193725846177 42.008379888268159 50.469564595127643 62.159935937251305
decision_type=9 9 10 10 8 2 9 10 10 2 8 10 10 10 2 10 9 10 10 10 8 10 2 10 10 8 10 8 10 10
left_child=10 2 -2 8 6 -6 7 -5 -4 -8 11 12 -1 -13 16 17 -3 -16 19 -17 23 22 26 -21 28 -23 27 -22 -25 -20
right_child=1 14 3 4 5 -7 9 -9 -10 -11 -12 13 -14 -15 15 18 -18 -19 29 20 21 25 -24 24 -26 -27 -28 -29 -30 -31
leaf_value=0.85021864518523216 0.6407475305640179 0.02517244458610754 0.030194148437033087 0.84067741685399877 0.13492835783128007 -0.51261177880819453 0.058470688432663079 0.29780581621023322 -0.42132247112917176 0.53281544609503306 -0.093367672119038334 -0.072933078028131718 0.063258809049924217 0.45956755876541139 -0.00046832158377057941 -0.1674025782255259 -0.0024230176338982615 0.42991861073594351 -0.12404299372411823 -0.15635319941698811 0.66361100731826417 -0.18323064440826201 -0.51433316553250341 0.21547465761562432 0.0086873824796313611 -0.7888899120000693 -0.089484948296295982 -0.19919246279675029 0.80777518997589748 -0.0033624485033355699
leaf_weight=20 23 13082 2014 38 180 43 197 65 33 33 1575 215 30 28 7514 984 64854 38 523 172 41 53 39 166 243 39 95 23 24 2431
leaf_count=20 23 13082 2014 38 180 43 197 65 33 33 1575 215 30 28 7514 984 64854 38 523 172 41 53 39 166 243 39 95 23 24 2431
internal_value=-0.000582946 0.000814276 0.0547398 0.0497722 0.14865 0.0100664 0.241456 0.45401 0.0229152 0.121257 -0.0697362 0.0549127 0.378043 -0.011575 -0.000759445 -0.0194584 0.00221196 0.00169729 -0.0525161 -0.0962011 -0.0179192 -0.160039 -0.0299669 0.0502044 0.132255 -0.439978 0.08884 0.353541 0.290292 -0.0247287
internal_weight=94815 92947 2626 2603 556 223 333 103 2047 230 1868 293 50 243 90321 12385 77936 7552 4833 1879 895 290 198 605 433 92 159 64 190 2954
internal_count=94815 92947 2626 2603 556 223 333 103 2047 230 1868 293 50 243 90321 12385 77936 7552 4833 1879 895 290 198 605 433 92 159 64 190 2954
cat_boundaries=0 9 18 24 34
cat_threshold=2098240 1226833952 1344282624 537920000 2830344 65540 16908546 16400 201326592 1175593120 593920 4096 2147614752 16777378 1073768450 268435456 1025 536887432 1048704 0 4096 32 0 2 536870928 269746264 16 263432 138412096 2415919104 2162820 536870914 952836 1
is_linear=0
shrinkage=0.05


Tree=163
num_leaves=31
num_cat=6
split_feature=9 2 9 3 0 6 5 9 3 3 9 5 5 3 5 7 7 6 7 3 7 9 0 7 7 7 0 3 9 5
split_gain=3858.88 3585 3331.88 5522.22 2614.98 2747.91 2549.22 2490.24 2286.37 2256.92 2203.15 3999.38 2532.13 2090.72 2049.11 2047.65 2020.63 1981.62 2423.5 1932 1906.82 1897.27 2191.01 1845.05 2066.91 2150.24 2004.14 1785.37 1766.33 2102.94
threshold=0 17.667543859649125 1 15.466242804297055 48.380580893955639 8.5000000000000018 88.261769346958417 2 20.138739588753015 1.0000000180025095e-35 3 64.859037862742298 24.240822422786362 36.561114538173904 71.79351747154179 50.995274490917943 50.366851740595564 40.500000000000007 50.09954459517548 29.810846539056879 41.743524848889926 4 76.933717044967423 50.183838393553827 50.685543179964377 50.604878347231953 42.913259055659935 55.313879291776864 5 93.454676376360354
decision_type=9 10 9 10 10 2 8 9 10 10 9 10 8 8 10 10 10 2 10 10 10 9 8 10 10 10 10 10 9 10
left_child=1 4 3 -2 5 7 17 13 16 20 11 -10 -12 -1 -6 21 -3 -5 -19 -17 -4 22 -8 26 25 -25 -14 -24 29 -11
right_child=2 8 9 6 14 -7 15 -9 10 28 12 -13 23 -15 -16 19 -18 18 -20 -21 -22 -23 27 24 -26 -27 -28 -29 -30 -31
leaf_value=-0.2494627288963697 0.61325100029623791 -0.0014780126713417672 0.15228463830174627 0.10504893961928329 -0.50515006818348851 0.19546822136411302 -0.02040581332079389 -0.09573789103367282 -0.095144014882786981 -0.023031252493242751 0.5006027964353561 -0.73221594116517474 0.0116054955942958 -0.73957132822082894 0.040467124364592814 0.54058656529946769 0.52468813492192168 -0.53518938389089377 0.041516781432021949 0.072030115409782436 -0.24720757976174357 0.045517259399087844 -0.036311159578904711 0.0060044483551839455 -0.16010354858956166 0.22404613142544536 -0.43166017281074148 -0.36826184148808105 0.0036252750087007882 0.28174474333461963
leaf_weight=73 43 37 37 1465 79 65 825 540 205 8039 25 28 51 31 22 33 36 27 56 66 155 945 73 555 140 142 51 91 80645 57
leaf_count=73 43 37 37 1465 79 65 825 540 205 8039 25 28 51 31 22 33 36 27 56 66 155 945 73 555 140 142 51 91 80645 57
internal_value=0.00141994 -0.0657666 0.00293659 0.0498641 -0.148277 -0.114369 0.0432383 -0.145642 -0.0136596 0.00101891 -0.030227 -0.164636 0.0039269 -0.360855 -0.386303 0.00642646 0.258001 0.0915837 -0.146086 0.228216 -0.170222 -0.00492676 -0.0530504 -0.00925481 0.0152121 0.0504261 -0.210027 -0.220503 0.00138952 -0.0208597
internal_weight=94637 2080 92557 3624 810 709 3581 644 1270 88933 1197 233 964 104 101 2033 73 1548 83 99 192 1934 989 939 837 697 102 164 88741 8096
internal_count=94637 2080 92557 3624 810 709 3581 644 1270 88933 1197 233 964 104 101 2033 73 1548 83 99 192 1934 989 939 837 697 102 164 88741 8096
cat_boundaries=0 9 18 24 33 42 51
cat_threshold=1073742356 1024 512 2101248 16843266 3374333952 1073774848 2149598208 746588288 690176 2687008 184684560 2080 136315912 4100 301989894 71303168 776 1073741824 1024 0 4096 0 2149597184 16 0 0 0 16777216 1073758208 256 2147483648 603979776 2048 0 167776272 0 134218760 4096 0 4194304 512 4281344 2155880704 8448 570491137 1179648 10242 21364752 536872960 2147778564
is_linear=0
shrinkage=0.05


Tree=164
num_leaves=31
num_cat=6
split_feature=9 0 9 2 9 2 9 3 0 4 0 9 0 3 5 3 2 3 4 7 0 0 9 7 5 5 5 7 5 7
split_gain=3523.08 4353.68 4074.01 2887.87 2830.19 2777.26 2461.84 2647.35 3013.25 2938.27 2931.29 2707.53 2866.43 2830.53 3408.95 2389.88 2387.67 3370.92 2310.58 2317.9 2204.55 2083.37 2715.61 2700.65 2594.66 2216.06 2562.69 1978.07 3671.19 1960.13
threshold=0 56.079481474605821 1 41.670833333333341 2 38.43050193050194 3 55.139764422415276 70.641839722548056 407.50000000000006 68.086552626471558 4 54.908792307627401 56.988748577203168 40.262706000489423 47.584069216317779 22.2910783055199 41.633864175202753 1567.5000000000002 50.29386763403496 56.338979574041645 25.633506881450042 5 50.590582005131346 56.407469600951856 32.930864530896606 31.153066304702918 50.644946801681733 6.0048140616166146 51.3987903309798
decision_type=9 8 9 10 9 10 9 10 10 2 10 9 10 10 10 10 8 10 2 10 10 8 9 10 8 8 10 10 10 10
left_child=1 3 -3 -1 5 18 7 8 10 11 -6 12 13 14 -9 -5 17 -4 19 -2 -11 25 23 24 -23 26 -21 28 -25 -24
right_child=4 2 16 15 6 -7 -8 9 -10 20 -12 -13 -14 -15 -16 -17 -18 -19 -20 21 -22 22 29 27 -26 -27 -28 -29 -30 -31
leaf_value=-0.030527917190441973 0.01143116318794685 -0.040928773823928899 -0.99347186982631686 0.10998734818085243 0.09457671732447441 0.014209088858195726 0.0030380944608257485 0.51086186730500427 0.39807513646873427 -0.12006054599495496 -0.44202933517786169 0.047319214938658226 -0.5180492471324073 -0.41467846500522954 -0.18812902843629994 0.65686665423538382 -0.197746931878819 -0.29862354456563484 -0.28071105131747748 0.045826265104331604 -0.70971361469963323 -0.13225893857946366 -0.054287730894997624 0.56780644409796766 -0.38192880940239798 -0.047322426090157264 0.51389069768690299 -0.3009239725195445 -0.20532032755602683 -0.49046422369205039
leaf_weight=1873 1799 511 24 152 1203 3388 78643 33 81 51 26 1132 45 34 37 23 362 64 99 516 23 243 2759 34 182 1321 31 26 28 26
leaf_count=1873 1799 511 24 152 1203 3388 78643 33 81 51 26 1132 45 34 37 23 362 64 99 516 23 243 2759 34 182 1321 31 26 28 26
internal_value=-0.00025458 -0.0534006 -0.141377 -0.0123793 0.00149384 -0.0229852 0.00464302 0.0518152 0.102692 0.00300991 0.0832246 0.0207064 -0.173042 -0.0403981 0.141395 0.181863 -0.248999 -0.488128 -0.0408566 -0.0374473 -0.303331 -0.0544687 -0.0783655 -0.183399 -0.239176 -0.0122784 0.0723528 0.0651412 0.218652 -0.058151
internal_weight=94769 3009 961 2048 91760 10452 81308 2665 1310 1355 1229 1281 149 104 70 175 450 88 7064 6965 74 5166 3298 513 425 1868 547 88 62 2785
internal_count=94769 3009 961 2048 91760 10452 81308 2665 1310 1355 1229 1281 149 104 70 175 450 88 7064 6965 74 5166 3298 513 425 1868 547 88 62 2785
cat_boundaries=0 9 18 28 38 43 50
cat_threshold=1028 25183232 1107821064 7346176 524288 1073766402 537001984 2415920129 12586240 1024 8388608 520 7340032 0 24576 0 0 1024 149512 4224 5320736 301989888 136314884 2056 2216689696 152320 67108898 16 70254624 1207959552 133120 2164261376 16986664 1638404 16778498 524288 8 8 1048576 0 0 0 8 8 128 8192 0 0 0 2147483680
is_linear=0
shrinkage=0.05


Tree=165
num_leaves=31
num_cat=7
split_feature=9 9 7 5 0 0 9 3 0 7 5 3 1 0 9 7 1 3 5 0 10 5 3 7 0 9 7 1 7 9
split_gain=3990.75 2969.29 3915.34 3170.02 2877.53 3146.64 2475.49 3105.96 4915.68 3372.73 2567.2 5650.25 2774.99 3885.92 5063.61 4936.19 3791.95 3059.48 2991.73 2951.94 2743.25 2698.31 3939.42 3849.3 3101.78 2631.74 2532.78 2464.14 2806.69 2447.04
threshold=0 1 50.445065134732957 51.731402645694637 46.424754930423383 58.436241607757573 2 68.691291717074975 38.945420945598151 50.882891074877143 11.146669254418166 54.731422917529308 4.5000000000000009 43.590252052621373 3 50.27219087201906 2.5000000000000004 50.211334748413059 60.036116010024735 22.806166594508216 4 71.02427230037047 59.73872688199252 50.604878347231953 81.959486922010242 5 50.598712666763085 3.5000000000000004 48.493207107715136 6
decision_type=9 9 10 10 8 8 9 10 8 10 10 8 2 8 9 10 2 10 10 10 9 10 10 10 8 9 10 2 10 9
left_child=-1 2 29 -4 -5 -6 7 10 -9 27 20 12 13 15 -15 16 -12 -14 -17 -20 25 23 -23 24 -13 -3 -19 28 -10 -2
right_child=1 6 3 4 5 -7 -8 8 9 -11 11 21 17 14 -16 18 -18 26 19 -21 -22 22 -24 -25 -26 -27 -28 -29 -30 -31
leaf_value=-0.07953496007923827 -0.093247996806073569 -0.10883386270319034 0.093217842070702758 -0.1389163179056985 1.0285572022199632 0.32949836611747746 -0.0058531503690265798 0.58721000130933065 -0.17120508573747972 -0.31683619137929409 0.31610858498939448 -0.018241656555841534 0.038825793290452118 0.26041399358982037 -0.1088292816709807 0.12304216557428059 0.95825902238870286 0.39785871232914577 0.12503034708400568 0.93676595029731602 -0.052333043061702146 -0.33754718157034075 0.070562169710870523 -0.42445034000320714 -0.26839357396438174 0.025945300121557713 -0.21750740855932238 0.028786034241948328 0.29931690360996788 0.03823000860323586
leaf_weight=1630 488 387 1099 21 22 60 77316 52 37 49 56 1298 1937 145 223 326 39 102 21 24 2337 63 963 69 137 4150 20 355 221 1213
leaf_count=1630 488 387 1099 21 22 60 77316 52 37 49 56 1298 1937 145 223 326 39 102 21 24 2337 63 963 69 137 4150 20 355 221 1213
internal_value=-0.00221548 -0.000855033 0.0488311 0.118076 0.38331 0.517051 -0.00245711 0.0177123 0.119108 0.0823391 0.0118394 0.0375602 0.0852879 0.162231 0.0407797 0.258142 0.579728 0.0541219 0.175795 0.557956 -0.00845217 -0.0170153 0.0455028 -0.059664 -0.0421238 0.0142347 0.296979 0.114247 0.231839 0.00018683
internal_weight=94860 93230 2903 1202 103 82 90327 13011 714 662 12297 5423 2893 834 368 466 95 2059 371 45 6874 2530 1026 1504 1435 4537 122 613 258 1701
internal_count=94860 93230 2903 1202 103 82 90327 13011 714 662 12297 5423 2893 834 368 466 95 2059 371 45 6874 2530 1026 1504 1435 4537 122 613 258 1701
cat_boundaries=0 9 19 28 35 36 45 54
cat_threshold=32832 1208488192 16908288 2172653824 1091043465 0 2148139264 17426 541067264 2237440 32 274731024 1048609 139266 153092100 289406980 2097152 8929480 16 2155872388 2164260872 3255306368 136331274 516 268455944 10485760 598016 150995200 0 0 0 16386 0 0 10485760 28 0 2147483648 33554432 2 0 0 0 0 256 0 0 0 1 0 153092096 4194304 0 540736
is_linear=0
shrinkage=0.05


Tree=166
num_leaves=31
num_cat=2
split_feature=9 0 5 4 4 3 5 9 5 1 0 1 2 4 5 6 1 3 7 1 2 5 7 5 3 3 2 2 5 4
split_gain=4096.22 3668.49 5015.3 2395.82 4411.75 4601.85 3417.34 2319.62 2052.16 1852.82 1953.27 3804.96 3410.68 2604.93 1927.83 1851.63 1820.4 1733.11 1673.26 1646 1618.35 2909.75 2418.04 3907.88 3832.96 3501.92 2113.65 2104.46 2684.11 1810.04
threshold=0 67.185579698645157 51.731402645694637 68.500000000000014 178.50000000000003 54.731422917529308 74.372531791370974 1 60.29076868876944 70.500000000000014 49.410436161066734 13.500000000000002 35.923443223443229 234.50000000000003 65.274975126133725 6.5000000000000009 2.5000000000000004 14.579898591154258 50.401531549631649 40.500000000000007 24.251404494382026 39.24035078096653 50.384026333466394 47.643638477657611 57.488052557017802 53.041734699476642 20.540064102564106 28.93440860215054 57.996020277283201 29.500000000000004
decision_type=9 10 8 2 2 10 10 9 10 2 8 2 10 2 8 2 2 10 10 2 10 8 8 10 10 8 8 10 8 2
left_child=1 9 18 6 8 -6 15 -2 -5 10 12 20 17 -14 -13 16 -4 -1 -3 -7 22 -22 -12 24 25 26 -24 -23 -29 -25
right_child=7 2 3 4 5 19 -8 -9 -10 -11 11 14 13 -15 -16 -17 -18 -19 -20 -21 21 27 23 29 -26 -27 -28 28 -30 -31
leaf_value=0.35678297987690683 0.055078497472408866 -0.42093122033845809 0.015673750355130151 0.74558503514244445 0.38161182085584322 -0.78750918292999272 0.033756155187779288 8.4369728196294068e-05 0.10113278778890769 0.36979780020537201 -0.2223282477336711 0.45833681830338069 0.10383706997220332 0.60126846294962999 0.024246014855605992 -0.88327337671881134 -0.58343587815761566 -0.04840739019550909 -1.0521175036827723 -0.21929409412237316 0.15848470772757675 -0.7507087933165687 -0.55832263914247349 0.69014875342178605 -0.61318926187232137 0.42874629906245643 -0.039134318738409855 -0.54365744881266564 -0.10223486264204157 0.14062274646793688
leaf_weight=27 1949 21 21 21 21 25 47 90427 30 27 232 35 130 33 95 23 32 1169 21 26 33 28 24 23 32 35 107 57 87 43
leaf_count=27 1949 21 21 21 21 25 47 90427 30 27 232 35 130 33 95 23 32 1169 21 26 33 28 24 23 32 35 107 57 87 43
internal_value=-0.000463522 -0.0634228 -0.231555 -0.145341 0.0106971 -0.241327 -0.301378 0.0012505 0.366495 -0.0418676 -0.0469429 -0.107329 -0.010018 0.204544 0.141117 -0.508633 -0.346053 -0.0392601 -0.736524 -0.497831 -0.153403 -0.271574 -0.104563 -0.00107141 -0.112137 -0.0155482 -0.134253 -0.354086 -0.276965 0.332124
internal_weight=94881 2505 288 246 123 72 123 92376 51 2217 2190 831 1359 163 130 76 53 1196 42 51 701 205 496 264 198 166 131 172 144 66
internal_count=94881 2505 288 246 123 72 123 92376 51 2217 2190 831 1359 163 130 76 53 1196 42 51 701 205 496 264 198 166 131 172 144 66
cat_boundaries=0 10 19
cat_threshold=4100 203424000 268959744 33685504 1075380226 16785412 4 2420132868 2160066944 4 1073742928 1358954496 134357520 557846593 16777225 67592 16778496 524304 536872968
is_linear=0
shrinkage=0.05


Tree=167
num_leaves=31
num_cat=9
split_feature=9 9 0 7 9 9 7 2 2 5 0 7 0 1 7 9 0 9 2 0 2 9 5 5 1 7 9 1 10 7
split_gain=4152.93 3453.65 1825.82 1778.31 3568.02 2589.3 2228.88 2096.78 2051.62 2044.29 1986.9 1969.38 1777.9 1624.52 1608.64 4219.71 3296.32 2220.91 3639.26 2070.07 1768.2 1580.34 2029.76 3197.26 3275.55 2849.4 2164.37 2769.99 1978.83 3007.17
threshold=0 1 82.354507810097999 50.471853670817609 2 3 50.437375463475739 84.262013729977127 20.688061377245514 54.939230031418688 41.690153324276217 50.397902130340313 58.436241607757573 1.5000000000000002 49.953826078376224 4 15.709143580217789 5 19.183014354066991 33.397179521643693 20.540064102564106 6 59.573907026589147 56.645448309864769 5.5000000000000009 50.445065134732957 7 1.5000000000000002 8 50.603001284461875
decision_type=9 9 10 10 9 9 10 8 8 10 10 10 8 2 10 9 8 9 8 10 10 9 8 10 2 10 9 2 9 10
left_child=-1 2 3 5 7 6 8 -5 -2 -6 -8 -10 -13 -4 15 16 -3 20 19 -19 -17 22 23 24 -16 26 27 -24 -27 -30
right_child=1 14 13 4 9 -7 10 -9 11 -11 -12 12 -14 -15 21 17 -18 18 -20 -21 -22 -23 25 -25 -26 28 -28 -29 29 -31
leaf_value=-0.057690932490696047 -0.16457381267729845 0.76407049695650742 0.21572429026876178 0.55210759122634223 0.046344403352263697 0.1030631296098703 -0.067534474622119561 0.09602168566650815 0.0077283245790356822 0.39435838061444306 -0.75611812993884087 0.047193947163495148 0.67591091601744946 -0.21711647876072676 0.15735013150961097 -0.23857164130391886 0.1272659067129672 0.068251059949398049 -0.00078521140974116034 0.66479785261732172 0.11548094643072951 -0.004911523387890704 -0.51092324886606855 0.39661855687935876 -0.0021459043794553275 -0.0063891623790660731 -0.0095002380293185643 -0.10595433302860485 0.21694822243523382 0.024970360224673509
leaf_weight=3325 148 21 28 84 413 718 22 36 237 47 20 22 23 96 512 163 629 26 1143 33 45 82897 48 73 867 1033 819 351 326 545
leaf_count=3325 148 21 28 84 413 718 22 36 237 47 20 22 23 96 512 163 629 26 1143 33 45 82897 48 73 867 1033 819 351 326 545
internal_value=-0.00288608 -0.000886492 0.0657493 0.0790902 0.150877 0.0441015 -0.0467826 0.383337 -0.0138165 0.0801597 -0.395431 0.0653044 0.368538 -0.119378 -0.00230334 0.0413692 0.1456 -0.00765857 0.0188246 0.401913 -0.154544 -0.00333212 0.0252478 0.0741432 0.0570723 0.00258811 -0.0571346 -0.150891 0.0407931 0.0957253
internal_weight=94750 91425 1894 1770 580 1190 472 120 430 460 42 282 45 124 89531 2060 650 1410 1202 59 208 87471 4574 1452 1379 3122 1218 399 1904 871
internal_count=94750 91425 1894 1770 580 1190 472 120 430 460 42 282 45 124 89531 2060 650 1410 1202 59 208 87471 4574 1452 1379 3122 1218 399 1904 871
cat_boundaries=0 10 19 28 37 45 51 61 70 71
cat_threshold=32800 2146336 1090523136 285214752 1224744960 4096 268997648 2114561 1024 18 144 134288388 131584 537919744 4326403 1090586632 537001986 524304 2688565256 128 0 0 256 0 16777216 2 0 536870912 128 0 0 1048832 2 1090519040 2 0 536870912 4474880 17 262561 0 2112 0 193 8192 134283268 0 1572864 134217736 2147483648 134217729 2621444 1090519168 672663552 146800640 40 270532614 17039872 2 525122 32 2097152 1073741824 134217728 4194304 0 2097152 512 0 832 112
is_linear=0
shrinkage=0.05


Tree=168
num_leaves=31
num_cat=3
split_feature=10 1 5 6 3 1 1 1 0 10 3 6 3 3 0 5 6 4 6 0 4 10 5 4 4 0 0 1 5 4
split_gain=2019.67 2778.17 2350.47 1888.24 3719.88 3346.49 2642.82 1851.5 1832.68 4026.67 2862.41 2759.26 1882.16 1671.88 5694.16 3773.64 3734.68 5819.97 3501.72 3436.36 4886.23 2213.53 3133.12 2196.12 5277.89 2705.11 2151.07 4268.01 2490.92 2088.5
threshold=0 2.5000000000000004 83.632865569122529 1.5000000000000002 64.223754573099285 1.5000000000000002 266.50000000000006 77.500000000000014 4.4405176701480249 1 72.936448897430552 37.500000000000007 76.194641797471533 56.714936363299948 91.84349373894743 64.859037862742298 9.5000000000000018 543.50000000000011 64.500000000000014 71.313227629310234 6210.5000000000009 2 25.384717077190942 650.50000000000011 1085.5000000000002 72.802411033623585 68.776604598855627 36.500000000000007 52.663592111392823 4237.5000000000009
decision_type=9 2 10 2 10 2 2 2 10 9 8 2 10 10 10 8 2 2 2 10 2 9 10 2 2 10 10 2 10 2
left_child=1 -1 8 5 6 -4 7 -5 9 10 -2 -11 -12 14 -10 16 19 -18 -19 20 21 22 -15 25 -25 -21 -23 28 -28 -17
right_child=2 -3 3 4 -6 -7 -8 -9 13 11 12 -13 -14 15 -16 29 17 18 -20 23 -22 26 -24 24 -26 -27 27 -29 -30 -31
leaf_value=0.097587066016307011 -0.046201875623945315 0.01000668676045658 0.34978994864683888 0.16163395747112541 0.020895578215519586 -0.071425975309574438 -0.33018954868117967 0.40840962737478237 0.0019069681941476461 0.030146310851530217 -0.31898638657096662 -0.34144383493591762 -0.053411440877867533 0.66467296772676976 0.2998327309381425 -0.0038408167698521082 -0.24955743186237328 -0.068150545792792866 0.11117897791756413 -0.72820162171566938 0.61888681115074595 -0.022156880691364816 0.07037519192803772 0.21208109973054945 -0.1560565692462991 -0.17962034215122016 0.58301562603483814 -0.48686899080872537 0.10364429504261352 0.088794889596178192
leaf_weight=969 4694 13816 52 416 1071 506 24 93 41730 2445 165 51 112 23 161 19535 424 3525 295 27 33 2609 620 132 371 134 47 20 64 628
leaf_count=969 4694 13816 52 416 1071 506 24 93 41730 2445 165 51 112 23 161 19535 424 3525 295 27 33 2609 620 132 371 134 47 20 64 628
internal_value=-0.00123549 0.015736 -0.00437318 0.0470509 0.0746112 -0.0321729 0.182546 0.206723 -0.00580195 -0.0293548 -0.0553075 0.0224637 -0.211606 -0.00330303 0.00305199 -0.0126483 -0.0409712 -0.073809 -0.0543018 -0.00681353 0.0134173 0.0075112 0.0902299 -0.110893 -0.0594479 -0.271618 -0.0121853 0.185478 0.306621 -0.00095557
internal_weight=94792 14785 80007 2162 1604 558 533 509 77845 7467 4971 2496 277 70378 41891 28487 8324 4244 3820 4080 3416 3383 643 664 503 161 2740 131 111 20163
internal_count=94792 14785 80007 2162 1604 558 533 509 77845 7467 4971 2496 277 70378 41891 28487 8324 4244 3820 4080 3416 3383 643 664 503 161 2740 131 111 20163
cat_boundaries=0 1 2 3
cat_threshold=2 112 4
is_linear=0
shrinkage=0.05


Tree=169
num_leaves=31
num_cat=9
split_feature=9 9 3 9 0 6 5 9 7 7 9 6 9 9 0 5 5 5 0 7 2 9 5 0 9 0 7 7 2 2
split_gain=4156.77 3288.46 2745.92 3284.45 3069.99 2559.36 2755.54 3169.93 6991.84 3840.46 2670.37 1865.7 3989.67 2031.02 2182.69 5828.88 2675.41 3446.09 3793.86 3030.68 2634.26 2499.62 2334.44 2847.67 2324.13 2146.27 2086.97 2129.8 2023.44 1888.17
threshold=0 1 72.936448897430552 2 56.338979574041645 6.5000000000000009 5.3847030133241081 3 50.505748612622355 50.382773093783378 4 57.500000000000007 5 6 44.968849813500348 48.366874422055268 24.240822422786362 26.493255672660691 39.784434121412495 50.493010939886652 20.688061377245514 7 56.877687956548279 54.591079007991091 8 24.458396351866039 50.404742489030475 50.751798554017732 16.576411960132894 53.355303970223332
decision_type=9 9 10 9 8 2 10 9 10 10 9 2 9 9 8 8 10 10 10 10 10 9 8 10 9 10 10 8 8 10
left_child=5 2 3 4 -2 6 -1 8 9 -8 -7 13 -13 14 16 28 24 -18 -19 -20 -17 22 -22 -24 25 -3 -23 -28 -16 -25
right_child=1 11 -4 -5 -6 10 7 -9 -10 -11 -12 12 -14 -15 15 20 17 18 19 -21 21 26 23 29 -26 -27 27 -29 -30 -31
leaf_value=-0.08145120552000211 0.77420237213373189 0.63841904089564372 -0.41342054149683788 0.032351480030456452 0.16965697943454697 -0.38202603350620012 0.34815406984201186 -0.0076188633564005254 1.1188133521513506 -0.40140959048271185 -0.10217003724745755 0.14102766745694115 -0.0037651399531891104 0.00026703302201781418 -0.67935182176530362 -0.10586724326043689 0.56607970885104597 -0.011633822259403044 0.40295746264358362 -0.039833613720379385 0.42774645922971627 -0.077470428631913446 0.48551624496193502 -0.17053158622916029 -0.041237787047239988 0.092440046393682085 0.048496534614621445 -0.23424158426415592 -0.21323338587023866 0.15164212787084366
leaf_weight=958 28 21 34 6896 84 101 54 341 22 25 505 712 1402 77510 25 894 36 465 120 57 56 940 34 93 1788 126 889 72 339 89
leaf_count=958 28 21 34 6896 84 101 54 341 22 25 505 712 1402 77510 25 894 36 465 120 57 56 940 34 93 1788 126 889 72 339 89
internal_value=0.000419367 0.00196364 0.0347833 0.0370074 0.294499 -0.0706091 -0.0338039 0.0694678 0.300711 0.11095 -0.156803 -0.000737915 0.0456507 -0.00191168 -0.0298033 -0.0560744 0.00457797 0.0900494 0.0633562 0.260364 -0.0336229 -0.00390065 0.1351 0.0654827 -0.0253702 0.159581 -0.0243716 0.0273132 -0.245247 -0.0129851
internal_weight=94716 92710 7042 7008 112 2006 1400 442 101 79 606 85668 2114 83554 6044 3431 2613 678 642 177 3067 2173 272 216 1935 147 1901 961 364 182
internal_count=94716 92710 7042 7008 112 2006 1400 442 101 79 606 85668 2114 83554 6044 3431 2613 678 642 177 3067 2173 272 216 1935 147 1901 961 364 182
cat_boundaries=0 9 18 27 32 41 51 61 71 81
cat_threshold=2214592576 83968000 167903240 155189248 1573378 4096 318898176 4211200 671221760 1073872952 134742016 268435456 2148667912 2164326433 67174400 2097152 1049617 8938504 131072 0 0 2147483648 65537 0 0 0 8 0 0 33554432 16777216 2 67108864 0 33554432 0 2 0 0 0 2048 16384 262208 8452 268435472 0 8388608 8388608 0 65538 1 640 537923584 1583104 268435712 1073742848 412090370 3292528640 2415919106 88080896 21 512 0 0 0 0 134217728 0 0 16777216 1 128 0 8192 0 0 8388610 0 0 0 5
is_linear=0
shrinkage=0.05


Tree=170
num_leaves=31
num_cat=4
split_feature=9 9 2 5 0 3 4 2 4 2 0 3 7 9 0 2 4 4 5 9 3 5 2 7 4 4 2 6 2 7
split_gain=3932.14 3052.05 2449.73 2502.7 5296.14 3692.1 3310.11 3216.82 2636.76 2536.9 2196.23 2039.04 1951.51 1943.27 1937.94 1874.79 3414.34 1876.71 1740.89 1721.48 2771.34 3997.16 1633.24 1585.71 1584.58 1477.11 2512.27 2009.37 2576.76 2427.16
threshold=0 1 11.980000000000002 34.948032930219647 46.424754930423383 42.389360360049885 32.500000000000007 21.003289473684216 885.50000000000011 20.387992831541222 12.951682179111783 69.270995863108737 50.126399808238837 2 34.324976583661737 33.007936507936513 258.50000000000006 218.50000000000003 40.877831511400757 3 22.497148946981202 17.704293352356338 218.79755434782612 50.376811016534631 2608.5000000000005 730.50000000000011 17.667543859649125 10.500000000000002 33.007936507936513 50.406032221939505
decision_type=9 9 8 10 8 10 2 10 2 10 10 10 10 9 10 10 2 2 8 9 10 8 10 10 2 2 8 2 10 10
left_child=-1 2 18 6 5 12 10 14 19 -10 -4 13 -5 15 23 17 -17 -6 -2 -8 21 -21 -3 -7 -24 -15 -27 28 -28 -29
right_child=1 22 3 4 11 7 8 -9 9 -11 -12 -13 -14 25 -16 16 -18 -19 -20 20 -22 -23 24 -25 -26 26 27 29 -30 -31
leaf_value=-0.065503715961593309 -0.094274501147724343 -0.0013486152435244099 -0.0071088518998817189 1.0599312245845796 0.43138817824815451 -0.18224631406012037 0.026022651861041992 -0.037186208994286818 -0.68324686179558436 -0.064522347820771708 0.22315812026408369 -0.30005213044038637 0.43749148522448894 -0.031170392783424251 0.57189474951917851 -0.39297065734863285 0.34950709780678157 -0.048027552478015427 0.42478632380919801 -0.2568422449671704 -0.1375413352758493 0.6131146590075186 0.094066193097160022 0.38047529939682256 -0.10224075199832686 -0.44271098136901854 0.60998587626076883 0.18483077810446094 0.13652144068504099 -0.15697044586087322
leaf_weight=2265 21 88595 181 20 95 21 787 82 30 37 242 41 34 483 59 30 32 26 70 23 428 31 755 31 119 20 42 121 91 91
leaf_count=2265 21 88595 181 20 95 21 787 82 30 37 242 41 34 483 59 30 32 26 70 23 428 31 755 31 119 20 42 121 91 91
internal_value=-0.000561789 0.001033 0.0491767 0.0417731 0.0938386 0.302564 0.00273131 0.200311 -0.0358632 -0.341563 0.124628 0.045746 0.668025 0.0594974 0.37576 0.202737 -0.00975633 0.328373 0.305003 -0.019723 -0.0930254 0.242577 -0.000677558 0.153222 0.0673379 0.0258899 0.102106 0.13369 0.286037 0.0381142
internal_weight=94903 92638 3169 3078 1319 247 1759 193 1336 67 423 1072 54 1031 111 183 62 121 91 1269 482 54 89469 52 874 848 365 345 133 212
internal_count=94903 92638 3169 3078 1319 247 1759 193 1336 67 423 1072 54 1031 111 183 62 121 91 1269 482 54 89469 52 874 848 365 345 133 212
cat_boundaries=0 9 18 26 30
cat_threshold=0 1157644288 131584 135264 1363223552 1090535426 268566530 2162692 2148024704 137376 35652608 1361051648 1048576 131712 1060864 2684420352 2151677953 142606344 131072 0 0 1048576 0 0 65536 4194304 2208 0 16777216 1048576
is_linear=0
shrinkage=0.05


Tree=171
num_leaves=31
num_cat=13
split_feature=9 9 10 9 9 0 4 0 9 0 0 9 0 0 9 6 9 7 4 1 9 9 7 2 2 1 9 7 2 9
split_gain=4283.66 3044.22 2157.28 2556.87 2422.41 1908.73 2956.42 3531.87 2643.79 1790.12 4300.35 1758.9 1940.24 1768.67 1751.32 1784.69 1548.86 1804.73 1755.21 1780.16 6852.9 2559.49 4673.63 2813.15 2280.83 2130.01 3569.96 3766.34 2498.29 2332.6
threshold=0 1 2 3 4 45.581184776306166 12.500000000000002 43.590252052621373 5 44.289366872842955 49.074316285113973 6 13.828613499624497 9.1895162311087137 7 223.50000000000003 8 50.995274490917943 5793.5000000000009 87.500000000000014 9 10 50.348189863939453 21.379577653033952 54.942810457516345 69.500000000000014 11 50.590582005131346 208.76804915514597 12
decision_type=9 9 9 9 9 8 2 10 9 10 10 9 10 10 9 2 9 10 2 2 9 9 10 10 10 2 9 10 10 9
left_child=2 5 3 -1 -4 6 -2 -8 -7 11 -11 -6 13 -13 -3 16 17 -16 19 25 24 22 23 -22 -21 28 27 -27 29 -18
right_child=1 14 4 -5 9 8 7 -9 -10 10 -12 12 -14 -15 15 -17 18 -19 -20 20 21 -23 -24 -25 -26 26 -28 -29 -30 -31
leaf_value=0.052321554615538723 0.21014012609402299 0.026025928771790403 -0.017433592147422391 0.19443395048587619 -0.060249446246611042 -0.037044853730459945 -0.062695544736749584 0.59425319177763802 -0.20084983600504899 0.78125442981719972 0.11664738226537558 0.14364439477385194 0.021774984364121879 0.48383271929994226 0.01230149577003891 -0.46139292035784041 0.0077789358604872551 -0.083322305177774517 -0.069576948607964359 0.072850106378345811 0.27800593006199809 0.013313086631242185 0.027242393365530956 -0.23112859847267422 0.20836033186311892 -0.038263103719323115 -0.14378049078160549 0.23638934242828138 0.098778970767916807 -0.014340045031081359
leaf_weight=903 131 6712 1347 500 220 589 794 21 434 30 129 162 270 50 23515 21 19582 504 1027 860 29 2830 469 421 486 897 733 145 579 30434
leaf_count=903 131 6712 1347 500 220 589 794 21 434 30 129 162 270 50 23515 21 19582 504 1027 860 29 2830 469 421 486 897 733 145 579 30434
internal_value=0.00224196 0.000124412 0.0555765 0.103985 0.0244868 -0.0612126 -0.0103304 -0.045768 -0.108863 0.0895167 0.242045 0.0562449 0.108417 0.223877 0.0014844 -0.000514372 -0.000397136 0.0102907 -0.0047869 -0.00362982 0.0245843 -0.0102839 -0.0823103 -0.198318 0.120881 -0.00637473 -0.060211 -4.32979e-05 -0.00448602 -0.00568145
internal_weight=94824 91213 3611 1403 2208 1969 946 815 1023 861 159 702 482 212 89244 82532 82511 24019 58492 57465 5095 3749 919 450 1346 52370 1775 1042 50595 50016
internal_count=94824 91213 3611 1403 2208 1969 946 815 1023 861 159 702 482 212 89244 82532 82511 24019 58492 57465 5095 3749 919 450 1346 52370 1775 1042 50595 50016
cat_boundaries=0 9 18 19 28 37 45 54 64 73 81 89 99 109
cat_threshold=2147491908 134217728 268435480 678690880 2302082 8192 2147745796 6292992 4202504 18911248 606077192 36700672 2048 1343229953 83906560 537001984 2416459776 8390656 10 64 0 8 4194304 0 0 262148 4194304 8192 4 0 0 137363456 139266 0 2147745792 2097664 8192 16781312 0 512 0 4096 67108864 0 524288 64 0 16 0 2097280 0 0 0 4194304 2720 289473056 537403392 2164260872 516 135266308 336068928 258 67108864 24 675282944 2052 2147619076 1026 2281701440 2148007936 23068697 536936448 537460822 0 0 32768 1073750016 0 0 32 1056768 33554432 262144 0 4 32768 0 0 131072 33554432 0 32769 8196 32768 8388608 8388640 17825792 1048576 4 34684936 266305 16779264 268582932 32768 2048 1082132098 16908289 134349856 1
is_linear=0
shrinkage=0.05


Tree=172
num_leaves=31
num_cat=6
split_feature=9 9 2 7 0 3 9 1 3 5 2 3 9 5 2 0 9 5 2 11 1 7 3 1 3 5 5 3 2 0
split_gain=5111.7 3545.58 3411.04 2998.53 2825.86 2601.18 1978.69 2028.65 2146.95 2380.57 2014.6 2347.75 2192.36 1953.92 2387.43 4488.34 1886.56 2162.96 2769.88 2902.82 2336.12 3156.49 1864.51 1853.4 1744.99 1726.03 1700.43 1686.24 2359.16 1634.31
threshold=0 1 17.994545454545456 50.179641471692598 72.802411033623585 17.791233202063367 2 242.50000000000003 55.139764422415276 27.497049601651021 17.834039548022602 17.791233202063367 3 65.740209439104873 16.990909090909096 22.000992081712059 4 44.212246929247392 23.715838509316772 5 54.500000000000007 50.351979914610062 70.100111956920188 172.50000000000003 52.162579276606401 45.795608963871182 7.808073477822945 55.313879291776864 56.004672897196265 37.692947463019074
decision_type=9 9 10 10 10 10 9 2 8 10 10 10 9 8 10 8 9 10 10 1 2 10 8 2 10 8 8 8 8 10
left_child=2 5 22 4 23 -2 7 8 9 -3 11 -11 -13 14 15 -10 24 18 20 -20 21 -18 -1 29 -12 -9 -8 28 -15 -4
right_child=1 6 3 -5 -6 -7 26 25 13 10 16 12 -14 27 -16 -17 17 -19 19 -21 -22 -23 -24 -25 -26 -27 -28 -29 -30 -31
leaf_value=-0.13696052434814918 0.41374809286173653 -0.028157437277557151 -0.01145880068224427 0.010312444873893361 -0.53224077820777893 0.053054937822461325 -0.051736191870498938 0.024056597054004671 0.26867434265820878 0.43190973028540613 0.010307858302019156 -0.0034564154322392175 -0.21542178392000905 -0.47870100950822236 -0.090685368762604857 -0.5186462392175899 0.9960848593711854 0.044997841913125808 0.066220558204768618 0.59686075363840374 -0.016699626927192398 0.32399525737454155 -0.51501209893647359 0.31972756481170655 -0.29439235949516296 -0.33563880205895474 0.0039940929896983331 -0.022786357307649191 0.080877668050027662 -0.20904096750488421
leaf_weight=800 51 4233 185 1287 41 2510 1393 52 23 24 780 382 172 48 478 85 25 966 324 28 26 58 34 25 50 93 78534 1692 31 241
leaf_count=800 51 4233 185 1287 41 2510 1393 52 23 24 780 382 172 48 478 85 25 966 324 28 26 58 34 25 50 93 78534 1692 31 241
internal_value=0.000151328 0.00211214 -0.0686749 -0.0298231 -0.134812 0.0600035 0.000449032 -0.0210242 -0.0181908 -0.00441011 0.0310475 -0.0522419 -0.073216 -0.0595155 -0.138657 -0.350976 0.0523773 0.0869138 0.176632 0.108431 0.396878 0.526432 -0.152373 -0.098682 -0.00795177 -0.206645 0.00302242 -0.0333286 -0.25912 -0.123237
internal_weight=94671 92058 2613 1779 492 2561 89497 9570 9425 7068 2835 578 554 2357 586 108 2257 1427 461 352 109 83 834 451 830 145 79927 1771 79 426
internal_count=94671 92058 2613 1779 492 2561 89497 9570 9425 7068 2835 578 554 2357 586 108 2257 1427 461 352 109 83 834 451 830 145 79927 1771 79 426
cat_boundaries=0 10 19 29 39 49 50
cat_threshold=2097176 134217728 4608 562233344 1207959553 14342 805863508 2152218640 0 16 4227712 69279776 136314880 2148538368 77952 16777216 3225420800 268438528 2148024328 2147745792 554827913 822083976 2097664 32776 8 35914240 68157441 8388610 9 262144 128 0 0 0 0 2097664 1048576 0 1 262144 0 0 2097152 0 0 512 0 0 1 2
is_linear=0
shrinkage=0.05


Tree=173
num_leaves=31
num_cat=7
split_feature=9 9 4 0 5 6 5 4 0 9 3 5 5 9 2 5 0 9 1 9 11 4 0 4 4 4 3 0 2 0
split_gain=4124.56 3277.32 4673.56 2388.62 3238.61 2907.25 2227.75 2097.6 2667.7 2068.18 2445.17 1855.49 1840.75 1730.52 2018.3 1903.56 2626.04 1702.02 2256.45 2761.68 2527.47 2231.38 1868.93 3492.11 2109.01 7016.97 1834.74 2242.13 1700.03 1830.51
threshold=0 1 103.50000000000001 67.395358880671992 51.969516696494857 25.500000000000004 28.773047801037709 213.50000000000003 72.281034419218869 2 21.908318129619115 66.217343701215967 40.877831511400757 3 21.379577653033952 88.864370881045019 81.959486922010242 4 2.5000000000000004 5 6 1033.5000000000002 19.832007780399017 178.50000000000003 14.500000000000002 44.500000000000007 54.985514577774964 28.667575192464021 15.704793028322442 32.39689235848747
decision_type=9 9 2 8 10 2 8 2 8 9 10 10 8 9 10 8 10 9 2 9 1 2 8 2 2 2 10 8 10 10
left_child=7 2 3 4 5 9 -5 -1 -9 28 -11 -6 -4 14 -8 16 -15 18 19 20 22 26 23 -3 -24 -26 -21 -28 29 -2
right_child=1 17 12 6 11 -7 13 8 -10 10 -12 -13 -14 15 -16 -17 -18 -19 -20 21 -22 -23 24 -25 25 -27 27 -29 -30 -31
leaf_value=-0.0845905338378692 0.045045716688036919 0.69294180517846893 0.054687821696348053 0.53447665534913547 0.79859386246119235 -0.41892366959996852 -0.32082086275150251 -0.024888505100189522 0.27200785397511462 0.73408849641032847 0.20220289318704932 0.29201293628589781 -0.23873528227623969 0.012104492630046535 0.15698204626960141 0.15662626878778532 -0.62613781273365021 -0.0015550151094537357 0.0072814843398747485 0.041938568258585829 -0.095173904479464944 0.43247508501013121 0.38366712032728001 0.12290570864696866 -0.25831972956330634 0.16915365932693116 0.36721735214409623 -0.14639824660908846 0.10205111415441677 -0.572495558716002
leaf_weight=2083 28 44 85 20 28 23 77 426 92 23 357 51 144 83 31 184 20 82685 6011 648 114 30 73 69 114 608 23 279 254 21
leaf_count=2083 28 44 85 20 28 23 77 426 92 23 357 51 144 83 31 184 20 82685 6011 648 114 30 73 69 114 608 23 279 254 21
internal_value=9.98812e-06 0.00176613 0.0766316 0.116669 0.16796 0.133987 0.019648 -0.0619609 0.0278421 0.152607 0.228386 0.471561 -0.129823 -0.00641927 -0.168108 0.058253 -0.111826 0.000578264 0.0225658 0.0685695 0.125509 0.00782963 0.154598 0.344867 0.127553 0.101658 -0.00549781 -0.107282 0.048434 -0.219615
internal_weight=94728 92127 1429 1200 785 706 415 2601 518 683 380 79 229 395 108 287 103 90698 8013 2002 1022 980 908 113 795 722 950 302 303 49
internal_count=94728 92127 1429 1200 785 706 415 2601 518 683 380 79 229 395 108 287 103 90698 8013 2002 1022 980 908 113 795 722 950 302 303 49
cat_boundaries=0 10 19 26 32 41 48 49
cat_threshold=1075872768 136314880 8192 39852544 18876033 100681732 0 2151694354 64 16 67248132 1024 305136128 2147614720 1073807360 1075912704 541200448 268960768 2822766600 67108864 1024 1048576 0 0 2105344 4329472 131072 0 33554944 0 65536 2097152 268437632 1091129608 2281705496 12 268435456 655360 2149908480 536870912 262918 268435456 1090519296 2281701376 12 0 524288 2424832 2
is_linear=0
shrinkage=0.05


Tree=174
num_leaves=31
num_cat=7
split_feature=9 9 1 0 9 7 6 4 4 2 9 0 2 0 4 1 7 10 0 7 7 1 9 0 10 1 7 1 7 7
split_gain=3424.8 2775.29 2320.87 4916.58 2122.06 4128.17 2210.05 2742.05 2720.67 2674.03 2513.38 2861.89 3966.92 2979.94 2216.68 3862.44 2250.51 2021.24 2683.8 2104.01 1983.22 4386.83 1893.06 2106.99 2485.38 2511.04 2250.4 4777.67 6456 2193.24
threshold=0 1 6.5000000000000009 45.581184776306166 2 51.022929515028089 7.5000000000000009 258.50000000000006 203.50000000000003 20.003906250000004 3 64.165038059453494 36.134234234234242 73.662067514329422 294.50000000000006 43.500000000000007 50.32182332172944 4 49.7392168426369 50.622615681096853 50.421568386872551 10.500000000000002 5 32.908193742052994 6 16.500000000000004 50.386241785637942 52.500000000000007 50.360488034661394 50.424908815246077
decision_type=9 9 2 10 9 10 2 2 2 8 9 10 10 10 2 2 10 9 10 10 10 2 9 8 9 2 10 2 10 10
left_child=-1 2 3 -2 5 6 7 10 -8 17 11 -3 13 -13 15 16 -11 19 -19 20 -9 -22 -16 26 25 -25 27 -24 -29 -28
right_child=1 4 -4 -5 -6 -7 8 9 -10 14 -12 12 -14 -15 22 -17 -18 18 -20 -21 21 -23 23 24 -26 -27 29 28 -30 -31
leaf_value=0.056777731520674127 -0.04628270366209386 0.064276750806256208 -0.0037953590316418644 -0.27690949570570217 0.0020396182956652657 0.17648455241695049 -0.09142816954809016 0.056254953166798641 0.029630778152898454 0.31520237490712177 -0.04532816394703449 -0.18288562254807383 0.031387298957891926 -0.75308829095214613 -0.03660337486183065 -0.83398731885850441 -0.23326773475310958 -0.019013421302904152 -0.26981311553818549 -0.28830277005831401 0.69773826588961219 -0.025745707750320437 -0.1230524058143298 -0.21676367157906817 -0.13692596590181569 -0.70223768147826204 -0.32192130047027195 0.097022093183893182 1.1078880202702501 -0.066861737160550508
leaf_weight=2503 944 1497 1127 306 78013 260 557 170 2783 21 2162 97 227 30 1211 25 171 1208 117 30 44 40 117 57 520 50 107 56 22 397
leaf_count=2503 944 1497 1127 306 78013 260 557 170 2783 21 2162 97 227 30 1211 25 171 1208 117 30 44 40 117 57 520 50 107 56 22 397
internal_value=-0.000814594 -0.00238116 -0.0555939 -0.10274 -0.000969562 -0.020557 -0.0249473 -0.0386604 0.00944221 -0.0660971 -0.00883083 0.0338606 -0.0938069 -0.317579 -0.0960168 -0.249397 -0.173279 -0.0148859 -0.0408512 0.10403 0.154465 0.353222 -0.0828975 -0.123966 -0.191448 -0.405704 -0.0652075 0.0790238 0.382138 -0.121011
internal_weight=94869 92366 2377 1250 89989 11976 11716 8376 3340 4363 4013 1851 354 127 2754 217 192 1609 1325 284 254 84 2537 1326 627 107 699 195 78 504
internal_count=94869 92366 2377 1250 89989 11976 11716 8376 3340 4363 4013 1851 354 127 2754 217 192 1609 1325 284 254 84 2537 1326 627 107 699 195 78 504
cat_boundaries=0 9 19 29 38 39 48 49
cat_threshold=532544 150995968 1073872896 9441280 4915202 1411454976 2151710720 2097152 2751463496 2130436 805306368 671093248 2147483649 1225793536 2164793356 67108928 67634196 2 4 20971528 98332 1114368 1344290816 36864 8388610 1342178304 262144 1704836 17 4194304 32788 65792 1073758208 32768 8388608 0 0 256 18 4194304 0 0 1075838976 32768 0 0 262144 1048576 16
is_linear=0
shrinkage=0.05


Tree=175
num_leaves=31
num_cat=3
split_feature=9 9 4 0 5 5 5 7 4 2 5 4 3 7 0 7 4 3 6 0 0 0 0 3 0 2 7 9 0 0
split_gain=4148.06 2731.65 2580.73 1640.6 1533.22 2928.11 4160.95 3670.57 2926.98 2465.53 4370.85 1695.07 1525.36 2792.25 2238.47 1737.8 1512.8 1365.16 1776.32 2870.01 2130.06 1594.36 3920.05 2357.4 1978.56 1628.08 2766.63 2233.36 1618.95 1411.2
threshold=0 1 8.5000000000000018 97.201463845755896 65.274975126133725 59.809433522589721 54.467510358037927 50.323990393646014 95.500000000000014 26.767054263565893 69.188906914078231 393.50000000000006 27.099657320144079 50.4099970842191 66.235855265933665 50.394809996213738 4.5000000000000009 49.516062982869634 1.5000000000000002 69.351511098008572 43.936456667959767 59.255782358848016 62.588027939981053 47.584069216317779 78.162484644760312 21.995305164319252 50.035818846688564 2 53.62540252409628 45.581184776306166
decision_type=9 9 2 10 10 10 10 10 2 10 10 2 10 8 10 10 2 10 2 8 8 8 8 10 10 10 10 9 10 10
left_child=-1 2 12 -3 5 6 11 -8 -7 10 -6 17 13 -2 15 -14 -17 21 20 -20 -19 23 -23 25 -24 26 -4 -27 -28 -29
right_child=1 3 4 -5 9 8 7 -9 -10 -11 -12 -13 14 -15 -16 16 -18 18 19 -21 -22 22 24 -25 -26 27 28 29 -30 -31
leaf_value=-0.081898138582353133 -0.25106219837540078 -0.00067333775369671407 0.5496340331823929 0.10763374147485634 1.0227573105267116 -0.016453734627709941 -0.085633479413532082 0.73428483410523493 -0.82101127862930301 -0.018831885457038882 0.11031896386827743 -0.33633737936615948 0.56232516281846645 0.45675212524153974 -0.11505329035795653 0.42493626276652025 -0.10170035380125048 -0.21969792839355662 -0.085044240016136738 -0.65804949425734005 0.093976836984019832 -0.56953738406300547 -0.035950893373904884 0.32242582957161237 0.36635559558868414 0.037408703110838631 0.0063740369139610306 0.49293958825075024 -0.44037016658555894 0.1809648964633333
leaf_weight=1519 38 90688 23 351 21 26 21 39 20 55 35 32 69 22 26 30 25 69 137 26 251 32 241 94 35 242 591 59 21 94
leaf_count=1519 38 90688 23 351 21 26 21 39 20 55 35 32 69 22 26 30 25 69 137 26 251 32 241 94 35 242 591 59 21 94
internal_value=-0.000209208 0.00112779 0.0539622 -0.000255733 0.0379497 0.0281636 0.0372037 0.447313 -0.366261 0.218949 0.452483 0.0245655 0.221537 0.00846972 0.306764 0.39521 0.185556 0.0305962 -0.0420938 -0.176444 0.0263407 0.0551139 -0.0456718 0.0827313 0.0150662 0.0608563 0.011277 0.14056 -0.00895542 0.282786
internal_weight=94932 93413 2374 91039 2164 2053 2007 60 46 111 56 1947 210 60 150 124 55 1915 483 163 320 1432 308 1124 276 1030 635 395 612 153
internal_count=94932 93413 2374 91039 2164 2053 2007 60 46 111 56 1947 210 60 150 124 55 1915 483 163 320 1432 308 1124 276 1030 635 395 612 153
cat_boundaries=0 9 18 26
cat_threshold=67240992 1208025232 0 134221824 134217729 16384 637534208 2151694339 612894720 1082654788 109052928 134356992 2155085824 17375776 65536 2147615744 65536 72 1074266112 67108864 8192 0 0 0 0 65536
is_linear=0
shrinkage=0.05


Tree=176
num_leaves=31
num_cat=6
split_feature=9 9 2 9 7 5 3 5 5 9 9 1 1 9 2 5 1 3 1 2 5 7 2 3 2 3 2 3 2 6
split_gain=3547.57 3332.14 2382.14 2031.59 2244.32 3359.6 3441.4 6584.88 3555.08 4902.62 3634.03 3321.13 3159.89 3118.57 2554.32 2539.49 2360.71 2594.25 2335.08 3123.25 2241.25 2181.03 5148.86 3285.35 2260.19 2073.41 2025.46 2022.62 1934.78 1909.03
threshold=0 1 11.980000000000002 2 50.480881478311623 71.79351747154179 71.760975876409063 52.886521176945493 25.972425980864305 3 4 52.500000000000007 16.500000000000004 5 120.22179487179488 26.493255672660691 4.5000000000000009 46.076263226145592 11.500000000000002 16.420203735144316 64.859037862742298 50.340673444270699 39.583974358974366 63.239315815814528 51.063508064516135 65.383601620525312 22.735571587125417 57.122872731074786 58.463463005339442 37.500000000000007
decision_type=9 9 8 9 10 10 8 8 10 9 9 2 2 9 10 8 2 10 2 8 10 10 10 10 10 10 10 10 10 2
left_child=29 2 -2 4 5 6 8 -8 9 21 16 13 -9 28 -7 18 17 -10 19 -15 -14 23 25 -3 -24 27 -21 -23 -6 -1
right_child=1 3 -4 -5 11 14 7 12 10 -11 -12 -13 20 15 -16 -17 -18 -19 -20 26 -22 22 24 -25 -26 -27 -28 -29 -30 -31
leaf_value=0.07155912280444103 0.23462917670363287 -0.077475466806033302 -0.083978786019789309 -0.0011196169285413876 -0.091439981316357291 -0.096682964449478243 -0.36584794318675995 0.44726881066910357 0.58857537749622546 0.064766311845023364 0.045719263772130071 0.30094282788388871 0.19030449566091337 0.12829174111679859 0.42063611292839048 0.013596695690769267 0.15681825668368604 0.019118670480591911 -0.10201504150111425 1.0508371105790137 -0.34317766064334487 -0.082811106555755354 0.42043847602956436 -0.37447621589899066 -0.035344115123152733 0.34089361081520719 0.36283977342688523 -0.5141362148112264 0.04699626357909531 -0.16327888783067468
leaf_weight=2251 61 365 1534 82187 1321 524 50 130 70 1480 1187 85 315 62 25 1544 485 28 38 20 21 433 85 125 40 27 23 29 312 90
leaf_count=2251 61 365 1534 82187 1321 524 50 130 70 1480 1187 85 315 62 25 1544 485 28 38 20 21 433 85 125 40 27 23 29 312 90
internal_value=0.00161002 6.99856e-05 -0.0713465 0.00132929 0.0241139 0.0441296 0.0573479 0.179441 0.0428784 0.00548537 0.097468 -0.00767001 0.237949 -0.0155712 -0.0731256 0.0320759 0.198638 0.425873 0.233843 0.355392 0.156962 -0.0739027 -0.0117908 -0.153241 0.274588 -0.084996 0.682839 -0.109886 -0.0645949 0.0622648
internal_weight=94947 92606 1595 91011 8824 5419 4870 516 4354 2584 1770 3405 466 3320 549 1687 583 98 143 105 336 1104 614 490 125 489 43 462 1633 2341
internal_count=94947 92606 1595 91011 8824 5419 4870 516 4354 2584 1770 3405 466 3320 549 1687 583 98 143 105 336 1104 614 490 125 489 43 462 1633 2341
cat_boundaries=0 10 20 30 40 49 58
cat_threshold=0 18874392 272635904 2168459264 524456 3221293056 2181038084 4718592 71321736 16 83890720 67118080 152174592 537004032 16973826 67117058 268959744 17425 671088640 32 691276 549454144 1073750144 256 2105856 268566528 547356674 67108864 524354 9 1096 12582912 0 256 0 0 10485760 0 0 1 8 64 1073741824 0 0 268435456 10485760 0 2 2060 4194624 1073750144 0 0 268435456 0 0 524290
is_linear=0
shrinkage=0.05


Tree=177
num_leaves=31
num_cat=4
split_feature=9 2 2 7 5 9 3 0 9 3 7 2 0 5 3 7 0 3 0 7 5 4 1 7 0 4 4 1 0 9
split_gain=3742.99 3887.17 4533.2 3410.95 5000.32 2855.35 3447.07 2346.92 2464.65 2292.7 3668.77 2172.19 1934.42 3438.42 2442.98 1582.17 2596.9 4292.88 1901.4 1886.44 2223.12 3052.13 1574.42 2213.53 1797.37 1456.37 1777.56 1499.27 1348.69 1335.86
threshold=0 18.00746268656717 21.530330882352946 50.549471482093956 22.001924369716992 1 13.089645694492372 23.621225375341169 2 1.0000000180025095e-35 41.743524848889926 157.23369565217394 35.603415062931951 56.877687956548279 51.263915490700661 50.328057860609896 52.972753869873884 35.036359930215106 58.436241607757573 50.488057131524208 62.244391240997878 53.500000000000007 5.5000000000000009 50.346058707503481 40.140877754056731 29.500000000000004 139.50000000000003 1.5000000000000002 59.255782358848016 3
decision_type=9 10 10 10 10 9 10 10 9 10 10 10 10 10 10 10 10 10 10 10 10 2 2 10 10 2 2 2 10 9
left_child=1 7 3 12 -5 6 -2 8 -1 10 -7 -8 -3 14 -14 18 25 -18 -4 20 21 -19 23 -9 -24 27 -27 -17 -21 -11
right_child=5 2 15 4 -6 9 11 22 -10 29 -12 -13 13 -15 -16 16 17 19 -20 28 -22 -23 24 -25 -26 26 -28 -29 -30 -31
leaf_value=-0.27882969149082676 0.58967120562990505 -0.085837304942930737 -0.22220701427632494 0.21515510749604019 1.1116049122810363 0.25995725595798252 0.055668652044108841 -0.10177206072424139 -0.027044203955729269 0.022497581641146177 -0.28365967757999899 -0.38749831454562295 0.54395901765335697 -0.36803074821829801 -0.089977904728480759 0.20117482818090002 -0.8567007274854751 -0.128101917070433 0.15511745352011463 -0.24910633146762848 0.13633539663119751 -0.90909281671047215 -0.35885051431901316 -0.46112667996047146 0.12056884914636612 0.1419033829873014 -0.13433110381234181 -0.23795833908892297 0.18592433720346421 -0.00094184453555110634
leaf_weight=121 30 120 232 70 20 39 2215 63 407 6543 152 28 55 20 21 26 21 29 39 25 22 22 34 134 46 288 73 77 62 83968
leaf_count=121 30 120 232 70 20 39 2215 63 407 6543 152 28 55 20 21 26 21 29 39 25 22 22 34 134 46 288 73 77 62 83968
internal_value=0.000311151 -0.0667358 -0.0108669 0.155752 0.414366 0.00177986 0.0570067 -0.152375 -0.0905381 0.000389744 -0.172659 0.0501365 0.0479959 0.215287 0.368792 -0.0665277 -0.0239332 -0.184567 -0.167906 -0.0963498 -0.283776 -0.465 -0.270243 -0.346206 -0.0831844 0.0387279 0.0860443 -0.127109 0.0609155 0.000754963
internal_weight=95002 2027 1222 306 90 92975 2273 805 528 90702 191 2243 216 96 76 916 645 181 271 160 73 51 277 197 80 464 361 103 87 90511
internal_count=95002 2027 1222 306 90 92975 2273 805 528 90702 191 2243 216 96 76 916 645 181 271 160 73 51 277 197 80 464 361 103 87 90511
cat_boundaries=0 9 18 27 37
cat_threshold=68 136839168 69632 2147746048 134357120 1074276352 84022276 2113536 75514432 1074431104 369098752 167911936 536873024 16842758 2097158 18 4195328 2147484040 0 0 65536 0 134217856 0 16777216 16384 512 102762528 16796800 18874416 2097152 4723744 135331840 536870976 2147484418 134219776 8
is_linear=0
shrinkage=0.05


Tree=178
num_leaves=31
num_cat=4
split_feature=9 9 7 4 0 6 0 2 3 7 4 9 0 2 7 9 1 3 7 7 3 3 2 2 4 1 2 1 7 1
split_gain=4436.3 3294.89 2120.5 2991.73 3376.99 2912.33 2240.79 2710.32 4187.13 3360.41 3246.69 3216.01 2389.56 2386.88 2224.79 1981.13 3806.03 1816.43 1785.6 3583.67 3612.26 2872.1 2461.71 2121.4 2012.15 1950 1807.96 1795.01 3932.29 4336.75
threshold=0 1 50.08646451795078 503.50000000000006 55.805669707274681 1.5000000000000002 24.076781659978778 18.00746268656717 67.708067422224815 50.103938899590446 252.50000000000003 2 65.625690887458134 13.503164556962027 50.30246424098916 3 9.5000000000000018 46.076263226145592 50.54141363842286 50.737676153841029 21.259095005833309 22.497148946981202 27.002304147465441 25.002145922746784 95.500000000000014 2.5000000000000004 25.62080234392608 30.500000000000004 50.121402713706864 43.500000000000007
decision_type=9 9 10 2 8 2 8 10 10 10 2 9 10 8 10 9 2 8 10 10 10 10 8 10 2 2 10 2 10 2
left_child=18 2 15 6 -5 -6 14 8 9 -8 11 -9 13 -11 -4 16 17 -2 25 20 -20 -22 23 -23 -21 -1 -26 -27 -29 -30
right_child=1 -3 3 4 5 -7 7 10 -10 12 -12 -13 -14 -15 -16 -17 -18 -19 19 24 21 22 -24 -25 26 27 -28 28 29 -31
leaf_value=0.11489535282813429 -0.1802433990687132 0.00019225176117328917 -0.15790912139690616 -0.056939880457435949 0.15769111447227308 0.66150619520952825 0.3156639773505075 0.10181161805657686 0.5219387121822523 0.10759569779300773 -0.13080862520011238 -0.055285702910479885 -0.62286294157306354 -0.19838366015346343 0.10208860635393116 -0.082392093542663539 0.024788140115283786 -0.74739384039615597 0.70462203638894216 0.056250504863500188 -0.2016133876062102 0.28260756237287599 0.083259632308348264 0.81178305716741661 -0.50284679496989537 -0.032744279518397687 0.087213631470998143 -0.15514886571119912 0.63242979198694238 0.034202766328146963
leaf_weight=537 20 88631 103 141 117 38 35 555 23 71 578 760 30 623 409 425 42 48 35 252 45 193 179 21 34 869 21 73 56 66
leaf_count=537 20 88631 103 141 117 38 35 555 23 71 578 760 30 623 409 425 42 48 35 252 45 193 179 21 34 869 21 73 56 66
internal_value=-8.2558e-05 -0.00181774 -0.0460456 -0.0319243 0.12013 0.281207 -0.0460468 -0.064389 -0.142694 -0.162834 -0.0320411 0.0113715 -0.185966 -0.16708 0.0497844 -0.13884 -0.320322 -0.580585 0.0671622 0.129478 0.215821 0.176762 0.220087 0.334536 -0.00355107 0.0372215 -0.277551 -0.00198045 0.135116 0.308799
internal_weight=95030 92649 4018 3483 296 155 3187 2675 782 759 1893 1315 724 694 512 535 110 68 2381 780 473 438 393 214 307 1601 55 1064 195 122
internal_count=95030 92649 4018 3483 296 155 3187 2675 782 759 1893 1315 724 694 512 535 110 68 2381 780 473 438 393 214 307 1601 55 1064 195 122
cat_boundaries=0 9 19 29 39
cat_threshold=139496 134234144 33554432 393216 4234 524294 21627136 536887296 2281704584 1048592 77725696 287375368 1091567912 1091109376 1073741832 536903680 2153775105 524288 8 0 8388608 0 1091567648 1073741824 0 0 0 0 8 1048576 0 65536 17825792 0 0 0 0 0 8
is_linear=0
shrinkage=0.05


Tree=179
num_leaves=31
num_cat=5
split_feature=9 4 4 4 3 4 9 9 3 7 7 3 9 4 7 4 3 3 9 5 4 2 5 5 2 1 2 2 2 3
split_gain=3382.63 4698.56 4065.28 3023.06 2730.56 2781.42 2647.41 2214.42 2607.39 2150.82 2788.69 3118.97 2708.33 2202.05 2139.08 2812.19 2327.79 2121.07 2043.55 2023.81 1957.83 1893.68 1817.68 1951.25 1728.49 1674.38 1619.06 4165 1608.3 1531.9
threshold=0 62.500000000000007 103.50000000000001 115.50000000000001 73.513959813272578 59.500000000000007 1 2 1.0000000180025095e-35 50.311382633537995 50.426788246026568 65.259809218815718 3 6.5000000000000009 50.493010939886652 414.50000000000006 51.347087680989709 63.103144823485117 4 15.857893867631695 2063.5000000000005 16.253415300546454 55.200420650256959 38.581922392636109 20.003906250000004 6.5000000000000009 17.008928571428573 13.98648648648649 21.379577653033952 1.0000000180025095e-35
decision_type=9 2 2 2 10 2 9 9 10 10 10 8 9 2 10 2 10 10 9 8 2 10 8 10 8 2 8 10 10 10
left_child=1 4 22 -4 5 9 -2 8 -8 13 11 18 17 -1 15 19 21 25 -11 -5 -10 -16 23 24 -3 -12 27 -14 -6 -9
right_child=6 2 3 14 28 -7 7 29 20 10 12 -13 26 -15 16 -17 -18 -19 -20 -21 -22 -23 -24 -25 -26 -27 -28 -29 -30 -31
leaf_value=0.3313601078940373 0.047778137975623691 0.51456071691853666 -0.32505758508023891 -0.31273431492888415 -0.75710848702324762 -0.60864485236150889 0.53122286128997798 -0.155091878432392 0.020931357731741648 -0.0010406808013265782 0.097913213446736341 -0.68586167984616919 -0.46687780495733028 -0.056736138278199726 -0.064478006308513983 -0.20449238568704275 -0.37571221061728222 -0.075756225904778526 -0.29099667167409943 0.034409171201263529 -0.45118120312690735 0.2631676873103494 0.097138854353538445 0.76065206278277486 -0.11962530423294415 0.53075840511629657 -0.23642698769291789 0.47784437558480675 -0.18813400009404058 -0.0016475303349493772
leaf_weight=51 3140 21 88 46 27 28 25 163 11950 100 80 37 20 129 63 233 22 136 178 481 22 147 279 23 22 31 219 28 23 76987
leaf_count=51 3140 21 88 46 27 28 25 163 11950 100 80 37 20 129 63 233 22 136 178 481 22 147 279 23 22 31 219 28 23 76987
internal_value=0.00116803 -0.0559632 0.00353815 -0.0441934 -0.134481 -0.11708 0.00272888 0.00113694 0.0211114 -0.103439 -0.137455 -0.254599 -0.0656648 0.0532245 -0.0192781 -0.0598443 0.113611 0.0544114 -0.197201 0.00410822 0.0200638 0.164874 0.152959 0.388924 0.190093 0.218798 -0.17233 0.0842101 -0.49538 -0.00197147
internal_weight=94799 2512 1425 1080 1087 1037 92287 89147 11997 1009 829 315 514 180 992 760 232 247 278 527 11972 210 345 66 43 111 267 48 50 77150
internal_count=94799 2512 1425 1080 1087 1037 92287 89147 11997 1009 829 315 514 180 992 760 232 247 278 527 11972 210 345 66 43 111 267 48 50 77150
cat_boundaries=0 9 19 29 38 44
cat_threshold=65632 270532640 1073743872 2181038080 1090658472 3288416256 2151809282 524288 67125248 69370004 1275133952 0 1179650 0 524290 33853448 2149580801 2697461772 16 528896 17302288 268439584 8256 4099 2097153 16 605070352 1057024 1 0 0 0 0 1073873024 3288350720 131328 524288 67125248 32 0 0 0 16777256 67108864
is_linear=0
shrinkage=0.05


Tree=180
num_leaves=31
num_cat=1
split_feature=10 0 1 5 5 7 4 0 2 0 3 2 5 3 1 5 7 1 7 3 7 7 0 4 0 2 5 6 0 1
split_gain=1449.55 3583.71 4146.25 3708.88 3501.25 2947.63 2757.03 3064.32 2625.59 3001.71 2534.38 2387.62 3635.93 5120.62 4072.65 2811.78 2276.96 2240.76 2730.13 2440.66 3257.07 2350.34 2321.55 2436.58 2790.06 2223.37 2569.63 2522 2107.34 2875.9
threshold=0 62.852618218946795 6.5000000000000009 77.948394479780816 80.218693129238503 50.83871172778921 839.50000000000011 64.016295022174731 24.466978193146421 95.9363159982111 74.225638621467155 13.340000000000002 51.731402645694637 51.482672958869351 21.500000000000004 38.581922392636109 50.299983685339924 4.5000000000000009 50.414491972265473 60.98342952966069 51.022929515028089 50.30246424098916 86.796733968748327 276.50000000000006 74.240732366765144 13.007352941176473 74.372531791370974 38.500000000000007 47.329672508796953 4.5000000000000009
decision_type=9 8 2 10 10 10 2 8 8 10 10 10 8 8 2 10 8 2 10 10 10 10 10 2 8 10 10 2 10 2
left_child=1 -1 3 6 -5 -4 8 -8 9 10 17 12 13 -2 25 -15 -6 19 -19 21 22 -3 23 -21 -25 26 27 -14 29 -27
right_child=11 2 5 4 16 -7 7 -9 -10 -11 -12 -13 14 15 -16 -17 -18 18 -20 20 -22 -23 -24 24 -26 28 -28 -29 -30 -31
leaf_value=-0.0006421287872621648 0.038465782459825279 0.22538012487662806 0.014824429824799441 -0.72358394554919669 -0.62021166111032178 0.61011674985999154 -0.65304744214351684 -0.12060244500393996 -0.025044525153142313 0.44793226491837274 0.21240681324686325 0.0013498475300599928 0.045328265453492562 -0.5553326867402546 0.71135292084266744 -0.15127130745060963 -0.088494517639279374 -0.25141833615608705 0.32954260479836239 -0.66782904105881857 0.19069387284772737 -0.20347563381442146 -0.96174807704630361 -0.45622038249593144 0.18224580649818695 0.93723027204925369 0.26770420217787033 -0.50452848452897303 -0.037367286639554159 0.19460860404651614
leaf_weight=29859 350 37 2127 36 24 21 28 774 4152 21 42 53358 2997 63 24 136 125 39 42 48 21 234 21 44 28 22 131 21 28 32
leaf_count=29859 350 37 2127 36 24 21 28 774 4152 21 42 53358 2997 63 24 136 125 39 42 48 21 234 21 44 28 22 131 21 28 32
internal_value=-0.000942684 -0.00854879 -0.0385807 -0.0608366 -0.281059 0.0206443 -0.0534707 -0.139192 -0.0389331 -0.138873 -0.161037 0.00407761 0.0423501 -0.0766773 0.0624257 -0.27919 -0.17414 -0.191552 0.0498207 -0.236704 -0.390239 -0.144923 -0.476761 -0.391888 -0.207928 0.0576055 0.0509123 0.0415022 0.314637 0.497158
internal_weight=94885 37723 7864 5716 185 2148 5531 802 4729 577 556 57162 3804 549 3255 199 149 514 81 433 162 271 141 120 72 3231 3149 3018 82 54
internal_count=94885 37723 7864 5716 185 2148 5531 802 4729 577 556 57162 3804 549 3255 199 149 514 81 433 162 271 141 120 72 3231 3149 3018 82 54
cat_boundaries=0 1
cat_threshold=112
is_linear=0
shrinkage=0.05


Tree=181
num_leaves=31
num_cat=7
split_feature=9 9 4 5 4 4 9 5 3 2 1 5 6 6 7 7 9 3 9 5 5 7 6 1 2 3 4 10 3 10
split_gain=4232.86 2650.12 2937.08 2434.22 2345.47 1862.11 2918.6 2330.36 2177.52 2148.11 2137.72 3261.23 2374.41 2340.04 2123.17 2654.69 2579.74 2298.2 2041.09 2220.12 2026.04 3115.91 3482.12 2753.4 4929.33 3119.1 2365.16 2340.87 3572.91 2251.03
threshold=0 1 159.50000000000003 91.306307704547905 4.5000000000000009 2323.5000000000005 2 2.3205028676224475 59.292568794439021 11.516666666666667 76.500000000000014 52.886521176945493 11.500000000000002 23.500000000000004 50.346058707503481 50.400324347059481 3 15.134879662893555 4 66.443174242871748 60.036116010024735 50.337184525413498 25.500000000000004 73.500000000000014 30.863367652882278 59.0966810611895 5793.5000000000009 5 51.710485220762301 6
decision_type=9 9 2 10 2 2 9 8 10 8 2 8 2 2 10 10 9 8 9 8 10 10 2 2 8 10 2 9 10 9
left_child=3 2 4 -1 -2 6 7 -3 20 -9 12 13 14 -12 17 18 -17 -11 -16 -20 26 22 -22 24 -23 -26 29 28 -25 -7
right_child=1 5 -4 -5 -6 8 -8 9 -10 10 11 -13 -14 -15 15 16 -18 -19 19 -21 21 23 -24 27 25 -27 -28 -29 -30 -31
leaf_value=-0.064387736785023297 0.28817925983347181 0.52850571543626168 -0.45867862334618209 0.40403114466794898 0.058107768820348661 0.096940548748471578 -0.0014027673118463795 -0.1394100674882422 -0.041198602519904579 0.47270914735020819 0.11172949513610529 -0.05640125215162918 -0.030415756714060833 0.75351920962333685 -0.16597239090720328 -0.060925936111775429 0.055986267389509431 0.075863114932117753 0.14989628866438734 -0.040142137254256485 -0.22009800551982411 -0.40837187040281497 0.043876703658645759 0.12457752929165447 0.032004481667716231 0.52098854828525232 -0.059530938705592923 0.11751519651602049 0.66844060095174918 -0.0080887956783711398
leaf_weight=2933 121 23 26 28 1311 613 66448 196 5625 37 49 1122 1226 20 236 519 4613 2608 188 842 178 59 419 58 275 37 1823 373 63 2813
leaf_count=2933 121 23 26 28 1311 613 66448 196 5625 37 49 1122 1226 20 236 519 4613 2608 188 842 178 59 419 58 275 37 1823 373 63 2813
internal_value=-0.00101724 0.0008813 0.0675227 -0.0597564 0.0775482 -0.000200109 0.00265039 0.0256901 -0.0182532 0.02472 0.0275271 -0.0358834 0.0348815 0.297755 0.0437341 0.0281567 0.0441533 0.0814145 -0.0366891 -0.00540306 0.000979098 0.0530344 -0.0348293 0.113676 0.0107382 0.089993 -0.0135198 0.190983 0.37662 0.010963
internal_weight=94882 91921 1458 2961 1432 90463 78127 11679 12336 11656 11460 1191 10269 69 9043 6398 5132 2645 1266 1030 6711 1462 597 865 371 312 5249 494 121 3426
internal_count=94882 91921 1458 2961 1432 90463 78127 11679 12336 11656 11460 1191 10269 69 9043 6398 5132 2645 1266 1030 6711 1462 597 865 371 312 5249 494 121 3426
cat_boundaries=0 10 19 28 36 45 46 47
cat_threshold=1140854824 2418082816 33694208 2281705472 1073881089 1142947840 262144 4210688 541591552 16 8336 142606344 285216768 536871168 2162818 73732 805437442 268436481 2357200008 553811968 1090802096 2097152 39911424 64 34607113 66688 2147486208 17825792 16777216 1090519424 0 4259840 0 8 0 512 0 0 0 2097152 0 1048577 0 2048 1048576 8 36
is_linear=0
shrinkage=0.05


Tree=182
num_leaves=31
num_cat=4
split_feature=9 0 3 9 3 3 0 5 9 5 5 1 0 5 1 4 4 4 6 5 0 0 3 1 4 3 5 3 0 11
split_gain=4317.08 5779.13 3071.86 2973.47 3509.12 2966.56 2815.67 2762.31 2132.4 2471.39 2090.91 2297.32 1965.64 1916.47 1823.79 1817.35 3123.27 3026.04 2989.92 1733.02 1695.91 1695.16 2498.4 1684.93 1664.92 2540.59 2026.47 1658.34 2202.74 1698.89
threshold=0 62.852618218946795 54.985514577774964 1 72.249895390562457 1.0000000180025095e-35 78.162484644760312 44.858551654774672 2 92.404083149672033 52.428551035964524 4.5000000000000009 23.203577540874075 41.808567773857 42.500000000000007 479.50000000000006 147.50000000000003 567.50000000000011 46.500000000000007 50.094840099625138 85.880032403149201 49.410436161066734 48.600724036086326 1.5000000000000002 29.500000000000004 51.073167546243965 52.886521176945493 72.936448897430552 83.247552018520636 3
decision_type=9 8 10 9 10 10 8 10 9 10 10 2 10 10 2 2 2 2 2 10 10 10 10 2 2 10 8 8 10 1
left_child=1 2 7 4 5 -2 10 13 9 20 11 -3 -9 14 21 16 -14 -17 -19 -18 27 -1 -23 24 26 -26 -8 28 -5 -29
right_child=3 6 -4 8 -6 -7 23 12 -10 -11 -12 -13 15 -15 -16 17 19 18 -20 -21 -22 22 -24 -25 25 -27 -28 29 -30 -31
leaf_value=-0.00097653837709042648 0.644547956145328 -0.2933218767114899 -0.44237933463828516 -0.019982426700713644 -0.41172758381108987 0.072593710839642625 -0.3929925182390781 0.58575068295001986 0.0038228781157782126 -0.46383228516242525 -0.12866366936963189 -0.75767746615409859 0.1571941799073486 -0.30195141583141211 -0.29628918900760631 0.62736432751019799 -0.54980703425407407 0.29378659776071225 -0.45190195173025133 -0.082438763417303565 0.12845161939052835 -0.285531318460712 0.086222978324993801 0.25520693407608913 -0.21018549400185679 -0.82115944951772701 -0.0084657085618825376 -0.098914723664696461 -0.31712470925043501 -0.46851812961854433
leaf_weight=1308 23 57 43 6235 37 1585 42 20 83617 32 54 50 161 69 63 36 25 41 20 96 179 131 69 26 114 20 186 171 63 38
leaf_count=1308 23 57 43 6235 37 1585 42 20 83617 32 54 50 161 69 63 36 25 41 20 96 179 131 69 26 114 20 186 171 63 38
internal_value=0.001052 -0.0619764 -0.0241592 0.00286129 0.069276 0.0807746 -0.206522 -0.0153394 0.00164435 -0.0254366 -0.382305 -0.51031 0.102647 -0.0440448 -0.0327172 0.0771538 0.0129396 0.263838 0.0492985 -0.179002 -0.0233764 -0.0217059 -0.157276 -0.133581 -0.161505 -0.301376 -0.0792996 -0.027553 -0.0229548 -0.166115
internal_weight=94611 2631 2082 91980 1645 1608 549 2039 90335 6718 161 107 399 1640 1571 379 282 97 61 121 6686 1508 200 388 362 134 228 6507 6298 209
internal_count=94611 2631 2082 91980 1645 1608 549 2039 90335 6718 161 107 399 1640 1571 379 282 97 61 121 6686 1508 200 388 362 134 228 6507 6298 209
cat_boundaries=0 10 19 29 30
cat_threshold=268468240 18874624 301989888 2048 524420 1073745926 4195332 4211715 71305920 1 1610743876 268505120 136314880 537001984 134356993 201400328 16908290 2621440 16392 2214660128 134348800 520 277880832 17825800 18874368 2684354560 268438016 1836032 44 2
is_linear=0
shrinkage=0.05


Tree=183
num_leaves=31
num_cat=3
split_feature=11 3 2 5 3 10 0 2 0 7 1 1 7 5 1 3 7 0 0 7 0 2 0 6 2 10 1 1 2 5
split_gain=1556.32 1708.9 4032.1 3778.68 2514.28 3383 2937.41 2679.34 3170.7 2427.21 2320.16 3662.2 5450.57 2712.36 2391.05 2321.47 3102.86 2078.42 2944.4 2664.82 2164.15 2154.03 2004.61 2003.02 2015.41 1921.87 1894.86 1891.07 1880.4 1860.37
threshold=0 63.005929818592953 84.262013729977127 76.472064941311501 61.625628524680799 1 75.105313457807952 116.67543859649125 78.162484644760312 41.743524848889926 7.5000000000000009 19.500000000000004 50.155781968108322 74.372531791370974 170.50000000000003 65.501821976194734 50.414491972265473 81.959486922010242 73.074691790358386 50.232884762325021 51.718417008653034 22.735571587125417 81.493229333752211 4.5000000000000009 145.65686274509807 2 46.500000000000007 68.500000000000014 21.530330882352946 58.913915976929353
decision_type=1 10 8 10 8 9 10 8 10 10 2 2 10 8 2 10 10 10 10 10 10 10 10 2 8 9 2 2 10 10
left_child=-1 3 10 4 7 26 9 8 25 -7 13 12 -12 -3 17 16 -15 18 19 -13 -21 -22 -8 -5 -25 -2 -6 -19 -10 -11
right_child=1 2 -4 23 5 6 22 -9 28 29 11 14 -14 15 -16 -17 -18 27 -20 20 21 -23 -24 24 -26 -27 -28 -29 -30 -31
leaf_value=0.00099919602775749329 -0.10087121726041802 -0.65158225605564735 0.03396302390332722 0.018853602966625398 -0.26336318882777521 0.66309960722923289 -0.58273510010469531 -0.10962422293381163 -0.20264530337375142 0.18500657395919654 -0.69673232409087094 -0.37445450376827216 0.11279627242688298 -0.70144737306982285 0.16821734525940635 -0.068697562863315464 -0.14336013080495777 0.044338355008703451 -0.26911743515133857 -0.33759261452489431 0.41468243537278016 -0.032984066979521935 0.025974032596537945 0.50902375967836844 0.041935813865240888 -0.0071295765839050037 0.14561809927225114 -0.17116355336486147 0.28753533670465459 -0.21681111796248342
leaf_weight=82684 587 31 988 73 97 25 21 746 23 407 22 69 379 40 77 218 66 293 375 54 29 366 38 72 34 6560 40 156 131 31
leaf_count=82684 587 31 988 73 97 25 21 746 23 407 22 69 379 40 77 218 66 293 375 54 29 366 38 72 34 6560 40 156 131 31
internal_value=-0.00144715 -0.0182361 -0.049797 -0.00700066 -0.0116762 0.0822187 0.138917 -0.0193656 -0.0101432 0.183918 -0.0878453 -0.0650378 0.0683832 -0.204774 -0.102742 -0.162024 -0.353959 -0.118288 -0.162411 -0.0851617 -0.0407046 -0.000117412 -0.190685 0.220401 0.359203 -0.0149799 -0.13416 -0.0305354 0.214327 0.156567
internal_weight=94732 12048 3163 8885 8706 659 522 8047 7301 463 2175 1820 401 355 1419 324 106 1342 893 518 449 395 59 179 106 7147 137 449 154 438
internal_count=94732 12048 3163 8885 8706 659 522 8047 7301 463 2175 1820 401 355 1419 324 106 1342 893 518 449 395 59 179 106 7147 137 449 154 438
cat_boundaries=0 1 2 3
cat_threshold=2 36 66
is_linear=0
shrinkage=0.05


Tree=184
num_leaves=31
num_cat=1
split_feature=7 10 1 2 2 5 7 0 4 2 0 3 1 7 3 3 2 7 5 7 2 5 6 3 4 0 2 7 1 5
split_gain=2067.93 1617.65 3249.21 2439.52 2504.67 3336.22 3104.81 4122.07 4196.5 1837.05 1756.97 2916.16 2615.04 2329.62 3063.43 2525.69 2050.29 2952.76 1977.14 1952.43 1750.5 1725.17 1942.45 2988.18 2983.33 1821.97 1733.99 1709.65 1704.78 2566.19
threshold=51.634196594811101 0 2.5000000000000004 15.503731343283585 23.006024096385545 61.543727374754248 50.442727731116364 73.074691790358386 12.500000000000002 11.516666666666667 44.638752879576735 46.396602688492628 17.500000000000004 50.43133720600671 48.125807384684158 64.064612321799913 46.503164556962034 50.401531549631649 41.50433768009102 50.131883645540718 19.859605911330053 89.653789790195233 1.5000000000000002 64.223754573099285 288.50000000000006 72.802411033623585 18.353889943074005 50.136316579874581 74.500000000000014 37.542370103421355
decision_type=8 9 2 8 8 8 10 10 2 10 10 10 2 10 10 10 10 10 10 10 10 10 2 10 2 10 10 10 2 8
left_child=1 2 3 -1 5 -5 7 8 -6 -4 13 12 19 15 -15 16 17 18 27 -12 -7 -3 24 25 -23 -24 -26 -11 -13 -30
right_child=-2 21 9 4 6 20 -8 -9 -10 10 11 28 -14 14 -16 -17 -18 -19 -20 -21 -22 22 23 -25 26 -27 -28 -29 29 -31
leaf_value=-0.14152015961946982 0.11640360289489229 -0.0048700176713463604 0.47500936552172618 -0.14398233573883773 0.044875908063306491 0.25841521464753897 -0.032933322220184046 -0.082081735503549386 0.38604409548398033 -0.32848662553863095 -0.4453418788313866 0.023685494023640799 0.24392903510511657 -0.10388396847486295 -0.53862305847888303 0.38258874593746095 -0.28304934706538915 0.48263869251240976 0.31577158870441574 0.061542643670552954 0.75186745807891942 -0.4435626729940757 0.45836142225258325 0.043059089168060671 0.31122477799654008 0.142870312490884 -0.028085127862534306 0.00084656142636383184 0.34699055707576326 -0.016334861534080033
leaf_weight=93 375 78722 21 24 147 32 287 120 233 55 20 6426 244 294 47 42 64 32 35 379 41 39 83 418 44 102 261 139 49 5955
leaf_count=93 375 78722 21 24 147 32 287 120 233 55 20 6426 244 294 47 42 64 32 35 379 41 39 83 418 44 102 261 139 49 5955
internal_value=-0.000778681 -0.00124395 0.0139434 0.10207 0.127696 0.367426 0.0981491 0.17339 0.254066 0.00771532 0.00700324 0.011158 0.114987 -0.0697122 -0.163804 0.0177137 -0.0294394 0.0327485 -0.0301183 0.0361349 0.53556 -0.00406252 0.0630203 0.117107 -0.0317886 0.284415 0.0208645 -0.0925211 0.00578692 -0.0133697
internal_weight=94823 94448 14779 977 884 97 787 500 380 13802 13781 13073 643 708 341 367 325 261 229 399 73 79669 947 603 344 185 305 194 12430 6004
internal_count=94823 94448 14779 977 884 97 787 500 380 13802 13781 13073 643 708 341 367 325 261 229 399 73 79669 947 603 344 185 305 194 12430 6004
cat_boundaries=0 1
cat_threshold=2
is_linear=0
shrinkage=0.05


Tree=185
num_leaves=31
num_cat=8
split_feature=9 9 3 3 3 9 5 1 1 1 2 2 7 1 9 7 9 9 9 7 3 9 4 2 1 4 2 6 2 3
split_gain=3729.87 3313.46 2463.3 3542.12 2078.09 1671.22 1555.54 5143.94 4752.83 1721.42 1728.27 2072.24 3247.81 1722.29 1545.93 2529.51 7019.62 2606.93 2552.48 2427.98 2655.83 4097.66 3160.83 2946.06 2715.36 2794.13 4658.12 3804.35 2453.87 2451.2
threshold=0 1 73.513959813272578 68.948236798249113 72.249895390562457 2 30.728986473372888 24.500000000000004 46.500000000000007 13.500000000000002 22.968629343629349 27.25131578947369 50.424908815246077 18.500000000000004 3 50.612977016502917 4 5 6 50.351979914610062 65.742994304230095 7 795.50000000000011 27.002304147465441 69.500000000000014 400.50000000000006 21.379577653033952 2.5000000000000004 23.921823274764453 73.513959813272578
decision_type=9 9 10 8 8 9 10 2 2 2 8 10 10 2 9 10 9 9 9 10 10 9 2 10 2 2 10 2 8 8
left_child=4 2 3 6 -1 -3 8 9 -2 10 -8 12 -12 -11 -7 17 -17 19 -18 20 21 24 -22 -24 25 26 27 -16 -27 -21
right_child=1 5 -4 -5 -6 14 7 -9 -10 13 11 -13 -14 -15 15 16 18 -19 -20 29 22 -23 23 -25 -26 28 -28 -29 -30 -31
leaf_value=-0.059477155166260336 0.045544980318884667 0.028141258545525252 -0.44260014425153316 0.42138173774712623 -0.44261572746456501 0.0082699699575208372 -0.077119736394834257 0.5752054748898846 -0.66591925571362187 -0.3968286848760077 0.16647026877055007 0.051640002606880099 0.72929606327994012 0.16773747205734255 0.17736961038334528 -0.10893069323483535 0.046490398242927777 -0.011220928714434189 -0.022502725686022233 0.023723408570091264 0.12919970801119338 0.020996356856651868 -0.2829235924187527 0.01752708106812902 -0.16440222073678745 -0.094498548182247677 -0.30532508809577497 -0.22594935518561626 0.014665667327091226 0.31041150037447612
leaf_weight=2092 1071 4931 23 72 36 26527 87 59 24 35 89 147 36 22 137 2155 1723 29231 5914 12680 679 2729 93 665 538 752 244 102 1632 75
leaf_count=2092 1071 4931 23 72 36 26527 87 59 24 35 89 147 36 22 137 2155 1723 29231 5914 12680 679 2729 93 665 538 752 244 102 1632 75
internal_value=-0.000359856 0.00114961 0.0708339 0.0784571 -0.0656503 -0.000135754 0.0627307 0.138296 0.0299512 0.0763303 0.116858 0.178903 0.328564 -0.178926 -0.00176251 -0.00624732 -0.0294703 -0.00165994 -0.0068966 0.0120894 -0.0103347 -0.0246681 0.0508491 -0.0193356 -0.0611489 -0.0419864 -0.151649 0.00524185 -0.0197687 0.0254091
internal_weight=94600 92472 1665 1642 2128 90807 1570 475 1095 416 359 272 125 57 85876 59349 9792 49557 7637 20326 7571 6134 1437 758 3405 2867 483 239 2384 12755
internal_count=94600 92472 1665 1642 2128 90807 1570 475 1095 416 359 272 125 57 85876 59349 9792 49557 7637 20326 7571 6134 1437 758 3405 2867 483 239 2384 12755
cat_boundaries=0 9 18 28 37 47 57 67 75
cat_threshold=34115584 203423744 1074790912 12847616 1209008257 2162696 339738624 268976128 138412032 1073881740 268959744 2228240 2147483648 18948096 1074266116 17301760 4194304 612384776 27262976 57744 50335744 33558530 32 67119104 2147549206 2214658560 1049088 24 2420129792 1 4300833 1036 4849664 2290089984 8389184 36866 2148409346 262176 262144 2147483780 0 2147483660 268435456 169869312 536870912 16777520 5 262176 262144 2147483776 65552 2147521292 268435456 706740257 555878400 16842800 4 0 0 537657600 134225952 1088 17842176 1073759232 1310720 1028 32 0 262144 2147483648 65552 32768 0 136314880 537001984
is_linear=0
shrinkage=0.05


Tree=186
num_leaves=31
num_cat=5
split_feature=9 9 7 1 4 9 3 0 3 9 0 4 9 7 5 0 7 3 4 5 1 4 4 1 5 5 4 1 0 4
split_gain=4036.2 3204.24 2739.54 2665.14 2417.1 4496.84 3621.65 2368.58 2325.29 2002.18 2226.08 1873.13 1824 2624.09 2334.57 4130.25 2484.31 3142.73 2766.34 2455.29 2202.14 2422.56 2505.31 2836.99 2147.46 2638.13 2115.94 2791.84 2285.27 3703.85
threshold=0 1 50.391632999488998 3.5000000000000004 35.500000000000007 2 65.914694038681475 17.869254525317043 60.06308809961353 3 23.203577540874075 35.500000000000007 4 50.360488034661394 63.222847595500703 41.245453855046541 50.695256832981087 19.869533382353303 147.50000000000003 70.217632311854601 100.50000000000001 885.50000000000011 519.50000000000011 14.500000000000002 25.972425980864305 19.491288840884231 2138.5000000000005 64.500000000000014 45.581184776306166 407.50000000000006
decision_type=9 9 10 2 2 9 8 8 10 9 10 2 9 10 10 8 10 10 2 10 2 2 2 2 8 10 2 2 10 2
left_child=4 2 8 7 5 6 -1 11 9 -2 -11 -4 13 26 16 19 17 18 -15 -16 21 22 -17 -24 25 -19 28 -28 -3 -30
right_child=1 12 3 -5 -6 -7 -8 -9 -10 10 -12 -13 -14 14 15 20 -18 24 -20 -21 -22 -23 23 -25 -26 -27 27 -29 29 -31
leaf_value=0.39064852866319433 0.01960165186282543 0.019184649373735593 0.37789088313933461 0.050479161322902213 0.029199004603571756 0.034307462406793131 0.037547523591005917 -0.16427688487032854 -0.53395413268696179 -0.055446550189950622 -0.22881382577158416 -0.077219506625372636 -0.0023782042534368471 0.072347010683401367 0.93604359342938381 0.067693090981297319 0.074700658623744295 0.01339569185129417 0.53933568562312828 0.22614193270946373 -0.36615607182184862 0.18628628252181584 -0.47708667767462587 0.10296717709728649 -0.043088297922552671 0.38775717351171707 -0.38267379246291616 0.0058152446380028361 0.020391477816618278 0.15401865207423657
leaf_weight=226 242 1911 40 721 2125 530 107 352 33 344 401 52 79599 140 21 228 707 186 41 29 30 260 53 35 4126 63 62 182 932 1169
leaf_count=226 242 1911 40 721 2125 530 107 352 33 344 401 52 79599 140 21 228 707 186 41 29 30 260 53 35 4126 63 62 182 932 1169
internal_value=0.000572634 -0.00128857 -0.0609743 -0.00886675 0.0576645 0.128424 0.269108 -0.105237 -0.121087 -0.107283 -0.146792 0.120655 0.000170748 0.020094 -0.00141751 0.087526 -0.0125038 -0.0260361 0.178129 0.524301 0.0514885 0.0732408 -0.0197713 -0.246383 -0.0344827 0.108114 0.0500581 -0.0928992 0.0587524 0.0947419
internal_weight=94947 91959 2185 1165 2988 863 333 444 1020 987 745 92 89774 10175 5919 656 5263 4556 181 50 606 576 316 88 4375 249 4256 244 4012 2101
internal_count=94947 91959 2185 1165 2988 863 333 444 1020 987 745 92 89774 10175 5919 656 5263 4556 181 50 606 576 316 88 4375 249 4256 244 4012 2101
cat_boundaries=0 10 19 28 36 46
cat_threshold=67109952 25165824 1107427840 2169637376 2818055 67108864 258 514 328 4 2097792 136843297 67584 536871232 134217728 1208041474 537002052 2217213952 536873088 67108864 0 1107296256 16777216 720903 0 256 0 256 512 4096 67584 64 134217728 0 0 67108864 133120 3321888904 285212672 1073741864 4195392 2147483648 2453733408 1049600 541700 18
is_linear=0
shrinkage=0.05


Tree=187
num_leaves=31
num_cat=5
split_feature=9 3 9 6 9 4 7 5 5 6 9 7 4 4 1 4 2 5 9 1 7 2 7 7 6 5 3 3 7 7
split_gain=3376.17 2270.48 2267.02 3241.68 2154.38 3585.73 2149.55 1943.12 3957.38 2943.03 4529.34 5481.02 3113.48 6855.69 4786.35 2671.15 2334.25 2182.64 2123.29 2352.57 2263.03 2507.25 2104.85 2577.95 2226.16 1833.76 2634.41 1817.9 1790.25 1711.22
threshold=0 69.270995863108737 1 38.500000000000007 2 2376.5000000000005 50.176445471206826 15.265342975520435 16.503324899031487 10.500000000000002 3 50.595843046477036 270.50000000000006 435.50000000000006 3.5000000000000004 107.50000000000001 21.741338112305858 24.240822422786362 4 9.5000000000000018 50.357380454999216 20.223611111111115 50.571988095652451 50.374379493941831 4.5000000000000009 67.404119587872458 46.551918583481275 44.128606626606917 50.172541835169888 50.313866509397236
decision_type=9 10 9 2 9 2 10 10 10 2 9 10 2 2 2 2 10 10 9 2 10 10 10 10 2 10 10 10 10 10
left_child=1 7 3 6 5 -4 -2 -1 -9 10 11 12 15 14 -14 16 -10 -17 19 29 -21 27 23 24 -12 26 -5 -22 -20 -11
right_child=2 -3 4 25 -6 -7 -8 8 9 18 22 -13 13 -15 -16 17 -18 -19 28 20 21 -23 -24 -25 -26 -27 -28 -29 -30 -31
leaf_value=-0.072309718971999101 0.1711005695757285 -0.28376158034801485 0.021884554397500967 -0.029786838296179969 -0.002045827742919162 -0.39416704071828956 0.040626405822208195 0.63031892514228827 0.63618847776103671 -0.10761411632411183 -0.11559398818414574 -0.34392496017010316 1.4203406651814781 0.10536079938653149 0.49942841079345968 0.44933194514541397 0.10272699348304584 -0.10500246243632359 0.25600387280186021 -0.23966426044378594 0.74099149473011494 -0.096880330323283359 0.36987161622160958 -0.33290550176586425 0.39770749014403139 0.14021958112716676 -0.73260382930437729 0.095544297248125076 -0.060983554640297102 -0.45665185959653914
leaf_weight=1993 402 100 12664 24 76716 52 1470 25 37 58 86 46 21 79 43 21 46 115 66 92 20 67 21 105 28 20 30 24 137 89
leaf_count=1993 402 100 12664 24 76716 52 1470 25 37 58 86 46 21 79 43 21 46 115 66 92 20 67 21 105 28 20 30 24 137 89
internal_value=0.000477656 -0.0489826 0.00227925 0.055529 0.00111448 0.0201673 0.0686449 -0.0418413 0.00768861 -0.00527206 0.0670333 0.166102 0.235501 0.416966 0.801603 0.11701 0.340535 -0.0194067 -0.0899988 -0.161975 -0.0562916 0.0956929 -0.103972 -0.154157 0.0104801 -0.268765 -0.420241 0.388929 0.040101 -0.318936
internal_weight=94697 3319 91378 1946 89432 12716 1872 3219 1226 1201 648 408 362 143 64 219 83 136 553 350 203 111 240 219 114 74 54 44 203 147
internal_count=94697 3319 91378 1946 89432 12716 1872 3219 1226 1201 648 408 362 143 64 219 83 136 553 350 203 111 240 219 114 74 54 44 203 147
cat_boundaries=0 9 19 29 38 47
cat_threshold=67240656 10486784 1125187584 4194376 1073872896 1058820 67108866 17408 92276736 8192 285278208 136446464 2147484416 18948106 268501000 1342177536 69206288 4194312 18 2149582848 16385 536873356 151076868 268959936 136331264 147456 524290 1048706 1 0 0 1107361792 8 0 1048576 0 0 16777216 0 0 33619968 64 0 1048576 0 0 25167872
is_linear=0
shrinkage=0.05


Tree=188
num_leaves=31
num_cat=10
split_feature=9 9 10 9 9 2 2 2 2 0 7 0 2 9 2 6 9 9 2 5 0 9 5 9 6 7 7 6 2 7
split_gain=3873.59 2794.67 2185.01 2388.81 2089.73 1906.47 1754.45 2727.53 1747.38 2836.13 2281.87 2256.19 2330.68 1609.17 2704.79 1993.85 8449.13 4828.4 3289.99 3426.76 3135.52 2671.99 2621.46 2456.03 2449.76 2763.88 3015.11 2547.18 2016.85 2029.91
threshold=0 1 2 3 4 12.020833333333334 20.223611111111115 44.013888888888893 53.355303970223332 42.118916423261325 50.3310240712851 32.908193742052994 21.995305164319252 5 145.65686274509807 22.500000000000004 6 7 25.62080234392608 40.262706000489423 71.968849941353682 8 43.348430255110884 9 40.500000000000007 50.452477290575736 50.525656213641703 47.500000000000007 11.516666666666667 51.022929515028089
decision_type=9 9 9 9 9 8 8 8 10 10 10 10 10 9 10 2 9 9 8 10 8 9 10 9 2 10 10 2 8 10
left_child=-1 2 4 -4 6 -6 -2 -8 9 11 -10 -5 -13 14 -3 21 17 20 19 -18 24 28 23 -19 25 -17 -27 -26 -15 -30
right_child=1 13 3 8 5 -7 7 -9 10 -11 -12 12 -14 15 -16 16 18 22 -20 -21 -22 -23 -24 -25 27 26 -28 -29 29 -31
leaf_value=-0.06983923029090626 0.026723185970502741 0.018433126440882294 0.063767745674988954 -0.043066984510392342 0.54734139130229043 0.067316387799605026 0.9126529887966488 0.25677711005304377 0.54047343432903294 -0.21229839324386734 -0.15141872506250034 0.70512135597792547 -0.031296791845843906 0.088853728507569466 -0.19094726278995858 0.27353612476710903 -0.03480101436157973 -0.16576422453078687 -0.015055961248070496 -0.24250280133549876 -0.13278839204992568 -0.0015775641885345871 0.062168506738955492 0.013743198063067542 0.67546923187494823 -0.31240827974218588 0.18871360861919295 0.25503803621424309 -0.042637201812085926 0.080383683896047775
leaf_weight=1908 34 13684 777 285 21 1376 23 51 26 264 22 22 21 331 156 217 409 235 1960 386 63 60080 3596 856 56 52 71 101 7506 351
leaf_count=1908 34 13684 777 285 21 1376 23 51 26 264 22 22 21 331 156 217 409 235 1960 386 63 60080 3596 856 56 52 71 101 7506 351
internal_value=0.000495891 0.0019457 0.0499856 0.00521435 0.0918262 0.0740025 0.29657 0.46063 -0.0657605 -0.0903132 0.223356 0.00786996 0.345475 0.000382533 0.0160615 -0.00246431 0.0211482 0.058318 -0.0496743 -0.135647 0.196018 -0.0052324 0.0414834 -0.0263159 0.241642 0.166208 -0.0231428 0.405001 -0.032009 -0.0371414
internal_weight=94940 93032 2922 1417 1505 1397 108 74 640 592 48 328 43 90110 13840 76270 8002 5247 2755 795 560 68268 4687 1091 497 340 123 157 8188 7857
internal_count=94940 93032 2922 1417 1505 1397 108 74 640 592 48 328 43 90110 13840 76270 8002 5247 2755 795 560 68268 4687 1091 497 340 123 157 8188 7857
cat_boundaries=0 9 19 20 29 37 46 55 64 73 77
cat_threshold=2147483648 134217984 1210056704 536873024 1073751713 1074266124 1627389952 2147565568 138414214 622231616 276824064 520 2160066560 131082 67174400 67239936 539493376 8913928 16 10 621150272 268435456 8 2147483648 131072 0 67108864 0 8 0 8388608 512 0 8 0 131072 2097152 33554464 1074271280 33825024 270598184 153124928 1052672 33587728 40960 16777472 1212225544 2112 557221 25616 2147485952 2155872257 8388768 131072 401408 1073745928 0 524416 16 2048 0 8388640 131072 262144 1077941400 41024 537397380 135266817 4096 2189426688 8916996 2048 393728 0 0 4 1024
is_linear=0
shrinkage=0.05


Tree=189
num_leaves=31
num_cat=5
split_feature=9 9 3 10 3 2 7 0 4 2 9 2 3 5 2 7 7 4 2 3 9 5 4 0 3 7 0 4 0 5
split_gain=4457.64 2351.3 2476.6 2173.5 2145.39 3720.61 4797.28 2015.99 3142.17 3121.06 2674.31 2667.03 2527.72 2459.06 5502.89 2025.11 2196.79 1995.03 1847.22 1745.27 1720.08 2458.75 2303.25 3603.39 2596.7 2181.99 2052.29 1730.05 3973.79 1888.04
threshold=0 1 70.100111956920188 2 32.297678194524515 19.504385964912284 50.375432927362482 36.012483343906815 68.500000000000014 13.340000000000002 3 24.803225806451618 58.738202047772781 36.457129114735842 17.236694677871153 50.569568054948341 50.311382633537995 218.50000000000003 38.745579862151637 59.232730816938698 4 86.424605418124813 183.50000000000003 26.909970223445381 77.311278236377248 50.201228894311676 21.581003653792607 163.50000000000003 19.832007780399017 58.693396722426662
decision_type=9 9 10 9 10 8 8 10 2 10 9 10 10 10 10 10 10 2 10 8 9 10 2 10 8 10 10 2 10 8
left_child=4 2 3 -2 5 -1 -7 13 9 -9 18 -10 -13 15 19 16 17 -5 -11 -15 21 22 24 26 27 -25 -24 29 -29 -3
right_child=1 20 -4 7 -6 6 -8 8 11 10 -12 12 -14 14 -16 -17 -18 -19 -20 -21 -22 -23 23 25 -26 -27 -28 28 -30 -31
leaf_value=-0.070712683808345056 0.070871299472030094 0.12148939766708267 -0.50281276285648346 -0.056517925343233279 0.10174203032583916 0.15597847473053705 1.2247206923862299 0.45943907662122341 -0.49317272794000888 0.26523741993176592 -0.20550660833577128 -0.30170718557808712 0.22502392240087776 -0.29565541197455703 0.83307819091356716 0.031792340771932354 -0.18470171469865213 0.29972262890501455 -0.12067856558582241 0.30343306750059129 -0.0012019306304605144 0.52023252592636993 -0.022060358338474695 -0.091493117338732666 -0.3132101657225731 -0.43340075115048438 0.24596907364971499 0.90061129003763196 0.090082263159415421 0.024409807740998334
leaf_weight=26 335 722 30 368 553 21 21 27 97 68 204 69 34 31 26 475 384 44 57 20 88667 26 447 114 47 79 85 20 62 1635
leaf_count=26 335 722 30 368 553 21 21 27 97 68 204 69 34 31 26 475 384 44 57 20 88667 26 447 114 47 79 85 20 62 1635
internal_value=-0.000249856 -0.00113719 -0.0513059 -0.0454854 0.132202 0.399355 0.69035 -0.0659835 -0.14644 -0.0573486 -0.0997597 -0.305024 -0.127835 -0.0332875 0.241083 -0.0499094 -0.0986636 -0.0184728 0.0826479 -0.0607188 0.000106858 0.0358501 0.0320397 -0.0463758 0.0549082 -0.231445 0.0207639 0.0620019 0.287772 0.0541474
internal_weight=94794 94173 2269 2239 621 68 42 1904 556 356 329 200 103 1348 77 1271 796 412 125 51 91904 3237 3211 725 2486 193 532 2439 82 2357
internal_count=94794 94173 2269 2239 621 68 42 1904 556 356 329 200 103 1348 77 1271 796 412 125 51 91904 3237 3211 725 2486 193 532 2439 82 2357
cat_boundaries=0 9 18 19 25 35
cat_threshold=139284 134283264 2097664 0 0 1140924424 33554432 0 136 2621600 1084235776 1207959552 536870912 1207963781 136314884 16941058 4734992 138428928 4 2097280 0 0 0 4225 2097152 2214596608 83906728 33554448 4198404 197122 16781312 1073745984 2415985152 67633156 16
is_linear=0
shrinkage=0.05


Tree=190
num_leaves=31
num_cat=8
split_feature=9 9 3 5 5 6 0 3 6 0 4 0 9 3 6 0 9 10 0 3 0 5 0 10 3 0 0 0 9 9
split_gain=3071.35 2933.4 2646.34 3930.04 3087.89 3443.25 2982.79 2225.08 2170.53 1933.13 2188.16 1636.4 2561.76 1567.68 2225.42 2126.54 4059.5 2229.43 2065.52 1837.71 2201.18 1649.33 1614.78 2030.94 2481.26 1990.38 1925.2 1595.9 1494.9 1629.38
threshold=0 1 55.929873365277508 47.643638477657611 64.176716226806107 6.5000000000000009 76.176852015310388 59.0966810611895 3.5000000000000004 95.9363159982111 14.500000000000002 89.779441208724876 2 52.772500916585436 14.500000000000002 37.273426082525972 3 4 54.908792307627401 49.069201331543333 38.945420945598151 34.948032930219647 62.324111557731555 5 56.219862030414397 66.235855265933665 64.747144917425857 54.908792307627401 6 7
decision_type=9 9 10 8 8 2 10 10 2 8 2 10 9 8 2 8 9 9 8 10 10 8 8 9 8 8 8 8 9 9
left_child=2 13 6 7 5 -5 8 -4 -1 -6 -11 28 -13 14 15 -2 17 27 21 20 -19 -15 -20 24 -24 -26 -25 -17 -3 -30
right_child=1 11 3 4 9 -7 -8 -9 -10 10 -12 12 -14 18 -16 16 -18 19 22 -21 -22 -23 23 26 25 -27 -28 -29 29 -31
leaf_value=-0.092676501074107659 0.05524952520720821 -0.024914263536179239 -0.10517292987732661 -0.17900501051635453 -0.087165645737988295 -0.89090271132332932 0.33672263571777594 0.61436827155676754 0.065108182855022553 -0.18520974663281164 -0.78115571836630515 0.1211652731553915 0.012515583483149018 0.23338243453889282 -0.092128865388017039 0.32755506357976372 0.28316233934275281 -0.082382713221922158 0.16801865947292705 0.14423410450258564 -0.65157127144007854 -0.11718108918310868 -0.33807952911234818 -0.22059284396925749 0.43678171336650851 -0.066963650454255882 0.11080172972372138 -0.070343306944483805 -0.011369423700824522 0.0043964252990400183
leaf_weight=819 838 6557 21 33 194 35 52 22 297 43 24 651 3071 37 159 63 343 41 226 31 29 360 78 49 23 133 415 42 22922 57419
leaf_count=819 838 6557 21 33 194 35 52 22 297 43 24 651 3071 37 159 63 343 41 226 31 29 360 78 49 23 133 415 42 22922 57419
internal_value=-0.000166365 0.000990934 -0.0699732 -0.186568 -0.245321 -0.545423 -0.0334378 0.262964 -0.0506854 -0.167134 -0.398683 -0.00058703 0.0318782 0.0506958 0.0850495 0.10536 0.18185 -0.000557642 0.0108747 -0.160378 -0.318189 -0.0845089 0.0518566 0.0142454 -0.103403 0.0073065 0.0742061 0.153753 -0.00197764 -0.000102566
internal_weight=95027 93487 1540 372 329 68 1168 43 1116 261 67 90620 3722 2867 1546 1387 549 206 1321 101 70 397 924 698 234 156 464 105 86898 80341
internal_count=95027 93487 1540 372 329 68 1168 43 1116 261 67 90620 3722 2867 1546 1387 549 206 1321 101 70 397 924 698 234 156 464 105 86898 80341
cat_boundaries=0 9 18 25 34 35 36 45 55
cat_threshold=5184 69207040 134352896 131072 1092681737 2 1929380096 2153794561 541065216 2147524628 142688288 2097792 2684358656 4206720 16793600 2621444 16 3976 16384 262144 2147483688 32 2147483904 0 8388608 2147483652 8388608 0 4096 0 0 4 0 256 12 18 1140851232 526472 269549576 20203776 544 268437504 67239952 258 9486336 16384 2415919888 34113536 37748832 1280 33554433 2155872416 16785408 17178660 6
is_linear=0
shrinkage=0.05


Tree=191
num_leaves=31
num_cat=5
split_feature=9 9 3 1 2 0 5 9 1 1 2 3 9 9 6 5 0 5 3 1 5 5 2 0 0 3 1 4 5 0
split_gain=3557.65 2906.03 1928.77 4748.95 2024.01 2888.06 2627.62 2448.38 2078.68 3223.33 1989.37 1962.7 1893.59 2066.75 2066.59 3059.74 5277.51 2504.97 2604.23 2357.98 3005.68 2865.14 3312.35 2708.93 2279.37 2054.58 2028.6 2145.7 4068.85 1988.62
threshold=0 1 20.502448860105044 13.500000000000002 14.860389610389612 47.329672508796953 29.743285206781039 2 2.5000000000000004 4.5000000000000009 12.404545454545456 42.540218014214112 3 4 27.500000000000004 63.462073970314002 64.016295022174731 44.212246929247392 59.901256394279137 23.500000000000004 55.664762115014007 47.046769517003348 36.134234234234242 63.480483877733398 49.074316285113973 54.859382278580021 836.50000000000011 7401.5000000000009 56.877687956548279 97.201463845755896
decision_type=9 9 8 2 8 10 8 9 2 2 10 10 9 9 2 10 8 10 10 2 10 10 10 10 10 10 2 2 10 10
left_child=-1 2 3 -2 5 6 -4 -6 10 -10 -8 -9 -3 14 26 16 19 -18 -19 20 21 -16 -23 -21 -17 -26 27 -14 -29 -15
right_child=1 12 4 -5 7 -7 8 11 9 -11 -12 -13 13 29 15 24 17 18 -20 23 -22 22 -24 -25 25 -27 -28 28 -30 -31
leaf_value=-0.048953612694952103 0.49339341579148405 0.020829500601298928 -0.16072598200429369 -0.38766883492469789 -0.15049861286745661 -0.044979859618660141 0.47542014582590619 0.1578741460805759 0.86766236528754248 0.21551121974156962 -0.046128264251278667 0.024613093589039108 0.016668558326226639 -0.0084679824014030208 0.046080120491999145 0.55192980170249939 -0.88471836646397917 -0.16708245642565112 -0.74324841690063481 -0.17949426564627724 -0.27128889024830782 0.84448157208306451 0.088323241670926422 0.0415476246167557 -0.4296579092063687 0.067921818524169231 -0.064915191712674181 0.44477654792167043 -0.2375684340153971 0.11613688765625869
leaf_weight=3658 65 9439 27 20 166 98 33 322 40 36 41 1947 18898 57284 169 23 21 91 25 404 52 28 30 211 22 364 769 74 31 322
leaf_count=3658 65 9439 27 20 166 98 33 322 40 36 41 1947 18898 57284 169 23 21 91 25 404 52 28 30 211 22 364 769 74 31 322
internal_value=-0.000674349 0.0012705 0.0513731 0.286085 0.0442008 0.172781 0.29335 0.0296794 0.375083 0.558749 0.186454 0.0433336 -0.000321832 -0.00285717 0.0104825 -0.0473422 -0.0932476 -0.382225 -0.291256 -0.0489636 0.0715975 0.150144 0.453365 -0.103657 0.0683752 0.0395624 0.0146991 0.0179209 0.243322 -0.00777013
internal_weight=94710 91052 2795 85 2710 275 177 2435 150 76 74 2269 88257 78818 21212 1440 1031 137 116 894 279 227 58 615 409 386 19772 19003 105 57606
internal_count=94710 91052 2795 85 2710 275 177 2435 150 76 74 2269 88257 78818 21212 1440 1031 137 116 894 279 227 58 615 409 386 19772 19003 105 57606
cat_boundaries=0 10 19 28 38 47
cat_threshold=558216 1101004800 134221872 16781632 8 1050624 1145180160 2149597200 540672 2 67240000 0 16973824 538052608 1073750023 3338682370 2434793472 525312 541065352 0 0 16777216 0 0 16384 0 0 4194304 6291488 336077313 34078976 2317352960 2298478848 136445952 295200 258 768 16 805306368 1048640 538189832 4211715 525440 524297 167772169 269811712 17825824
is_linear=0
shrinkage=0.05


Tree=192
num_leaves=31
num_cat=5
split_feature=9 9 3 4 0 9 1 0 2 6 6 4 9 0 6 4 3 2 9 1 2 1 0 3 4 1 4 6 2 6
split_gain=4079.93 3381.45 2274.67 2302.87 2747.99 2060.43 2422.65 1934.28 3733.52 4015.48 3147.73 2805.02 2575.67 2037.91 1924.17 2534.17 1893.01 2077.59 1791.87 3819.9 2981.8 2064.9 3133.04 1827.61 1841.01 1790.23 2346.71 3141.74 3039.62 1961.73
threshold=0 1 76.194641797471533 240.50000000000003 74.240732366765144 2 148.50000000000003 48.380580893955639 20.688061377245514 2.5000000000000004 15.500000000000002 91.500000000000014 3 51.061996992077319 25.500000000000004 630.50000000000011 66.350559326261944 25.002145922746784 4 14.500000000000002 36.134234234234242 25.500000000000004 34.324976583661737 47.04149721763104 240.50000000000003 82.500000000000014 143.50000000000003 1.0000000180025095e-35 26.581231671554256 7.5000000000000009
decision_type=9 9 10 2 10 9 2 8 8 2 2 2 9 8 2 2 8 8 9 2 10 2 10 10 2 2 2 2 8 2
left_child=2 -2 3 -1 14 6 7 18 9 11 12 -9 16 -12 -5 -16 -10 -18 21 -20 23 -3 -23 24 -21 26 28 -28 -14 -29
right_child=1 5 -4 4 -6 -7 -8 8 10 -11 13 -13 25 -15 15 -17 17 -19 19 20 -22 22 -24 -25 -26 -27 27 29 -30 -31
leaf_value=0.08743734542161366 -0.064015607721364651 -0.047398429014604192 -0.44918409911069007 0.027258075355207786 -0.58576516039669524 0.0044522237525782063 0.16738755448225018 0.22506983644939815 -0.012578964770176213 -0.30328556608942336 -0.2185968125452761 -0.1386918975237538 -0.50446052035755096 0.081971486366616997 -0.49405837960359533 0.15285600464170179 0.18021813456501279 -0.24280866926974234 0.079925318434075077 -0.30546171585166898 0.44620838575065136 -0.01172177169613446 0.53598495278602998 -0.27478911414416168 0.024623392891023579 -0.42153888503287701 0.082067388612777001 -0.27075673152594282 -0.13455526942040283 -0.0030357905514851336
leaf_weight=2324 1975 1608 22 833 20 80733 167 77 2517 274 61 170 68 747 41 24 35 170 1349 54 24 79 39 137 194 47 270 161 303 119
leaf_count=2324 1975 1608 22 833 20 80733 167 77 2517 274 61 170 68 747 41 24 35 170 1349 54 24 79 39 137 194 47 270 161 303 119
internal_value=0.00249633 0.000531059 0.0573382 0.0609523 -0.00609714 0.00196396 -0.0211846 -0.0249131 -0.044782 -0.171492 -0.0301053 -0.0252925 -0.049678 0.0592801 0.00681306 -0.255198 -0.0243891 -0.170585 0.00370978 0.03912 -0.0945113 -0.0323959 0.1693 -0.128218 -0.04725 -0.119306 -0.105177 -0.0396271 -0.202355 -0.156975
internal_weight=94642 91378 3264 3242 918 89403 8670 8503 5019 521 4498 247 3690 808 898 65 2722 205 3484 1758 409 1726 118 385 248 968 921 550 371 280
internal_count=94642 91378 3264 3242 918 89403 8670 8503 5019 521 4498 247 3690 808 898 65 2722 205 3484 1758 409 1726 118 385 248 968 921 550 371 280
cat_boundaries=0 10 20 30 39 48
cat_threshold=36896 134217728 4096 2147483648 16842784 18948096 2521301248 268976128 84410376 28 67108928 1280 136445960 557842432 1075446784 1140850692 1627426816 2151680000 536872064 2 1073807376 536936608 17309824 33560832 12 42469376 2097154 537920512 8456194 1 65536 65664 16777344 33554432 4 33554432 2097152 537919488 65536 1073807360 536936576 16785536 2048 8 34080768 2097152 0 2
is_linear=0
shrinkage=0.05


Tree=193
num_leaves=31
num_cat=1
split_feature=4 1 2 6 0 0 5 1 5 2 2 6 2 7 4 0 5 5 2 3 7 1 3 0 0 1 0 11 1 2
split_gain=1532.71 2639.98 2982.48 2798.07 2645.77 2896.42 3311.72 2386.07 2198.99 2967.72 5246.53 2987.23 2096.42 2191.64 2021.76 2085.89 2743.79 1890.88 1849.94 1849.09 2424.96 1788.55 1769.38 2555.3 1794.04 1680.42 1917.14 1642.99 4025.41 1725.25
threshold=2179.5000000000005 79.500000000000014 18.671171171171178 10.500000000000002 60.593562051295038 57.951198506852876 67.669448499526069 113.50000000000001 40.262706000489423 28.251666666666669 18.974596774193554 21.500000000000004 67.011904761904773 50.33423614014162 7401.5000000000009 51.389293459458095 48.906133533602805 54.257012947195811 38.745579862151637 62.159935937251305 50.350086755527926 132.50000000000003 58.738202047772781 63.095316451067596 67.605199405453092 10.500000000000002 24.076781659978778 0 324.50000000000006 11.980000000000002
decision_type=2 2 10 2 10 10 10 2 10 10 10 2 10 8 2 8 8 10 10 10 10 2 10 10 10 2 10 1 2 10
left_child=27 14 -3 4 5 6 -4 18 12 10 11 -10 13 21 25 -16 -17 -18 -7 20 -6 -5 -22 -24 -25 -2 -27 -1 29 -29
right_child=1 2 3 8 19 7 -8 -9 9 -11 -12 -13 -14 -15 15 16 17 -19 -20 -21 22 -23 23 24 -26 26 -28 28 -30 -31
leaf_value=0.0035005376411985883 0.0016875388865823405 -0.27697592248519259 0.03619137030006863 -0.61924375593662262 -0.20919334018542171 0.8621950426697732 -0.55050336074829109 -0.0066778225095375718 0.3907234707847238 0.049049788248109634 0.474929273613789 -0.35767826348543169 0.32032962104883689 0.0074550121712187931 0.41579040626482089 -0.39941122851201466 0.5968080086261035 -0.0038248283102324137 0.3032854760163709 -0.0021636440119766468 0.19621001902748558 -0.17282859837908426 -0.57819658359512693 -0.013367279910586352 -0.23852029449750331 -0.19482237924720003 -0.047202388348140299 -0.085079557669293038 0.48945375184218093 -0.013247567012588885
leaf_weight=70652 1851 90 635 30 337 20 25 46 20 2323 108 40 29 138 49 28 20 38 57 941 68 89 24 511 107 229 5559 915 39 9670
leaf_count=70652 1851 90 635 30 337 20 25 46 20 2323 108 40 29 138 49 28 20 38 57 941 68 89 24 511 107 229 5559 915 39 9670
internal_value=-0.00184031 -0.0175001 0.00854839 0.0131802 -0.0223667 0.0554827 0.0139681 0.278244 0.0486502 0.0637264 0.266665 -0.108211 -0.0826598 -0.128133 -0.0363915 0.155415 0.00706165 0.20329 0.448457 -0.0530286 -0.098744 -0.28537 -0.0463194 -0.0720079 -0.0523501 -0.0397812 -0.0530429 0.000743847 -0.0175888 -0.0194569
internal_weight=94688 13412 5638 5548 2771 783 660 123 2777 2491 168 60 286 257 7774 135 86 58 77 1988 1047 119 710 642 618 7639 5788 81276 10624 10585
internal_count=94688 13412 5638 5548 2771 783 660 123 2777 2491 168 60 286 257 7774 135 86 58 77 1988 1047 119 710 642 618 7639 5788 81276 10624 10585
cat_boundaries=0 1
cat_threshold=2
is_linear=0
shrinkage=0.05


Tree=194
num_leaves=31
num_cat=9
split_feature=9 9 4 9 10 4 1 4 1 9 5 9 0 4 7 1 11 6 7 9 5 7 0 0 5 9 4 5 7 7
split_gain=3345.24 2899.37 2773.56 2334.24 2032.78 1921.67 5422.28 3792.21 2608.67 2006.37 4249.72 1985.57 1950.38 1869.08 2070.36 1946.85 1650.4 2303.56 2603.83 2544.59 2413.3 2139.19 2104.44 1812.79 2480.16 2280.51 4487.02 2248.77 1901.38 1779.85
threshold=0 1 543.50000000000011 2 3 218.50000000000003 7.5000000000000009 103.50000000000001 8.5000000000000018 4 34.155622920210675 5 39.784434121412495 111.50000000000001 50.323990393646014 9.5000000000000018 6 35.500000000000007 50.103938899590446 7 87.094533696422204 50.103938899590446 65.625690887458134 52.972753869873884 73.44603137856592 8 1338.5000000000002 10.459508721003823 50.08646451795078 50.096308510890786
decision_type=9 9 2 9 9 2 2 2 2 9 8 9 10 2 10 2 1 2 10 9 10 10 8 10 10 9 2 10 10 10
left_child=2 5 4 16 13 7 -7 8 9 10 -2 12 -10 14 -1 -15 17 18 19 -3 -20 29 -22 25 28 26 27 -18 -25 -19
right_child=1 3 -4 -5 -6 6 -8 -9 11 -11 -12 -13 -14 15 -16 -17 23 21 20 -21 22 -23 -24 24 -26 -27 -28 -29 -30 -31
leaf_value=0.48171705643335977 0.56567512216467053 -0.10498739043571825 0.50891548226423122 -0.0013302020814035759 0.033577257703291251 0.67318753112446184 -0.13480083231614637 -0.19818005237926162 0.14402552252369269 -0.14465221561405736 -0.037042974896469592 0.00010542693730604137 0.61522536922711879 -0.39115144739127056 0.15249911763697355 0.17185478192918444 0.22427743296412861 -0.15466167881020479 0.032253653477756952 0.15171381607796103 -0.69707963407039653 0.0051821433681871372 -0.088454031092779981 -0.62641538307070732 0.21306603303495444 -0.01533529995662785 0.88875548645854008 -0.19074093178302673 -0.1257561207204406 -0.62926168830498408
leaf_weight=60 31 106 34 79931 1982 33 56 452 70 457 517 199 32 28 234 34 102 140 7161 764 20 287 49 20 53 1247 20 48 366 23
leaf_count=60 31 106 34 79931 1982 33 56 452 70 457 517 199 32 28 234 34 102 140 7161 764 20 287 49 20 53 1247 20 48 366 23
internal_value=0.00181164 0.000299731 0.0603139 0.00157085 0.0540481 -0.0615444 0.16479 -0.0733528 -0.0301507 -0.0688238 -0.00289478 0.0989735 0.265795 0.16251 0.219686 -0.0824061 0.0238344 0.0331348 0.0392519 0.120975 0.0294181 -0.0769742 -0.264867 -0.018881 -0.10766 0.00862341 0.174977 0.0914716 -0.151697 -0.22163
internal_weight=94556 92184 2372 90337 2338 1847 89 1758 1306 1005 548 301 102 356 294 62 10406 8550 8100 870 7230 450 69 1856 439 1417 170 150 386 163
internal_count=94556 92184 2372 90337 2338 1847 89 1758 1306 1005 548 301 102 356 294 62 10406 8550 8100 870 7230 450 69 1856 439 1417 170 150 386 163
cat_boundaries=0 9 19 29 30 40 45 46 56 64
cat_threshold=672 1074266272 402653184 2701393928 65672 3223324680 4194308 4195328 4213896 539624464 151000064 1108345344 6144 1075838976 0 285736960 2214674436 612368384 2 16777220 335544320 133400 5324832 4194305 1048576 2147614784 271581186 2164793408 21 4 656384 0 33554432 0 2097152 0 524288 2147549184 612368384 2 536870912 0 34603008 0 1073741824 2 16777220 0 0 0 0 0 0 0 8192 1 4 0 0 65568 0 0 0 1048576
is_linear=0
shrinkage=0.05


Tree=195
num_leaves=31
num_cat=1
split_feature=1 4 1 6 1 5 5 6 1 7 10 1 5 4 6 7 7 7 0 3 4 7 5 4 5 0 1 1 4 7
split_gain=1220.92 1882.12 2618.09 3888.95 2830.94 2163.22 2693.8 3744.52 1892.68 1571.87 1204.99 3534.42 2400.65 2360.2 2075.77 1969.16 2549.54 2217.75 2638.3 2230.06 1634.74 1677.54 1588.01 1511.15 3153.69 2790.82 3320.18 2593.09 2447.84 3751.44
threshold=2210.5000000000005 7401.5000000000009 137.50000000000003 27.500000000000004 72.500000000000014 57.333173277455323 47.046769517003348 27.500000000000004 294.50000000000006 50.103938899590446 0 1.5000000000000002 29.743285206781039 2.5000000000000004 3.5000000000000004 51.263315318807734 50.720963986989126 50.435702750472508 53.62540252409628 64.520267783602648 14.500000000000002 51.634196594811101 32.930864530896606 5584.5000000000009 65.740209439104873 52.034659776652539 28.500000000000004 88.500000000000014 4748.5000000000009 50.593764819898063
decision_type=2 2 2 2 2 10 8 2 2 10 9 2 8 2 2 10 10 10 10 8 2 10 8 2 10 10 2 2 2 10
left_child=1 10 4 -4 5 6 -3 -8 -5 -6 11 12 -1 14 -12 16 17 18 -14 -19 22 23 -15 27 -25 -26 -27 -22 -29 -30
right_child=-2 2 3 8 9 -7 7 -9 -10 -11 13 -13 15 20 -16 -17 -18 19 -20 -21 21 -23 -24 24 25 26 -28 28 29 -31
leaf_value=0.63882384649054569 -0.20371343762510352 -0.11544399030972273 0.39480955111980442 -0.64066939779690335 0.29789921650963447 -0.20087180593265941 0.13134988009026557 0.98542914213169197 -0.012729113016809738 0.83076957768201831 -0.13029002616926036 0.0095887548468482752 0.24474549770076465 -0.12220573158727753 0.23934279847435835 -0.18753324884634753 0.47893545153189687 -0.20433162346328657 -0.022941872719397297 0.20407071318842618 -0.00237010819065867 0.12436880379796196 0.055062063395210303 -0.070058403319677026 0.44835509955883029 -0.41232208311557772 0.11497757122691335 0.027486087379049024 0.25202165934409609 -0.14691719150543212
leaf_weight=22 72 32 25 28 31 39 33 21 21 25 516 13942 294 135 41 52 49 97 134 51 71536 266 1969 1712 50 35 203 3308 275 75
leaf_count=22 72 32 25 28 31 39 33 21 21 25 516 13942 294 135 41 52 49 97 134 51 71536 266 1969 1712 50 35 203 3308 275 75
internal_value=0.00210394 0.0022599 0.137916 -0.112646 0.240356 0.108003 0.248074 0.463492 -0.371552 0.535788 0.00189485 0.0150792 0.124805 -0.000516218 -0.103082 0.108101 0.132698 0.103244 0.160937 -0.0635984 0.000201744 -0.000979446 0.0436879 -0.00141138 -0.0443065 0.108774 0.0374335 -0.000270459 0.0407904 0.166535
internal_weight=95089 95017 255 74 181 125 86 54 49 56 94762 14641 699 80121 557 677 625 576 428 148 79564 77460 2104 77194 2000 288 238 75194 3658 350
internal_count=95089 95017 255 74 181 125 86 54 49 56 94762 14641 699 80121 557 677 625 576 428 148 79564 77460 2104 77194 2000 288 238 75194 3658 350
cat_boundaries=0 1
cat_threshold=2
is_linear=0
shrinkage=0.05


Tree=196
num_leaves=31
num_cat=11
split_feature=9 9 4 4 3 10 3 3 7 7 0 7 7 0 9 3 1 2 9 2 2 9 10 9 3 9 7 7 9 9
split_gain=3783.02 2672.59 2584.9 3139.85 3243.52 2976.63 3318.28 3114.42 2532.31 2538.81 2452.05 2289.22 2032.6 1984.23 1973.96 1952.8 2282.77 5117.83 2023.84 1842.71 1839.76 12423.4 4942.42 4491.6 4754.93 4052.94 3970.66 4116.99 5746.62 5163.27
threshold=0 1 258.50000000000006 103.50000000000001 77.311278236377248 2 52.374017695722863 43.192914572748684 50.461594573615479 50.595843046477036 72.802411033623585 50.476329485048687 51.147613729566785 43.936456667959767 3 21.908318129619115 9.5000000000000018 14.668238993710693 4 18.503846153846158 15.287593984962408 5 6 7 79.534421241290758 8 50.442727731116364 50.305990253451782 9 10
decision_type=9 9 2 2 10 9 10 8 10 10 10 10 10 8 9 8 2 10 9 10 10 9 9 9 8 9 10 10 9 9
left_child=10 2 3 4 5 6 7 12 -8 -10 -1 -5 13 -2 -3 16 17 -7 -17 -12 21 22 -16 -23 -25 -22 27 28 -24 -29
right_child=1 14 -4 11 -6 15 8 -9 9 -11 19 -13 -14 -15 20 18 -18 -19 -20 -21 25 23 26 24 -26 -27 -28 29 -30 -31
leaf_value=-0.055792572485286955 0.28450334113623416 0.020606693442634657 0.56285780620574954 0.014485536679625511 -0.51072151254523879 0.079064308635757446 0.18607027087954509 0.56725508922711021 -0.394575570166111 0.12309713656703632 -0.67061182352212767 -0.1968797777941127 0.68014219059121039 -0.015404346978271401 0.25656400132342244 0.090160132280745833 -0.052086519695818428 0.86404168985106722 -0.066471002867412518 -0.18456135831582243 -0.029934068203719761 -0.096335724976520765 0.28379994727764668 -0.016854630387464591 -0.30722398357465863 0.0074366759846318771 0.11419907133051088 0.068610217685103822 -0.025946073644945611 -0.17783589617252121
leaf_weight=1658 140 12590 25 550 22 56 138 80 50 45 26 167 21 91 310 420 50 33 387 78 8301 2988 229 6741 144 57105 1247 356 403 508
leaf_count=1658 140 12590 25 550 22 56 138 80 50 45 26 167 21 91 310 420 50 33 387 78 8301 2988 229 6741 144 57105 1247 356 403 508
internal_value=0.0022055 0.00358094 0.0569893 0.0516218 0.0920163 0.100792 0.190575 0.295458 0.049306 -0.149362 -0.0701669 -0.0347446 0.209173 0.166358 0.00223846 0.0446826 0.218249 0.370123 0.0153406 -0.306074 -0.000716047 -0.017953 0.0700658 -0.045196 -0.0228945 0.00269033 0.0481333 -0.00661444 0.0903678 -0.0775552
internal_weight=94959 93197 2275 2250 1533 1511 565 332 233 95 1762 717 252 231 90922 946 139 89 807 104 78332 12926 3053 9873 6885 65406 2743 1496 632 864
internal_count=94959 93197 2275 2250 1533 1511 565 332 233 95 1762 717 252 231 90922 946 139 89 807 104 78332 12926 3053 9873 6885 65406 2743 1496 632 864
cat_boundaries=0 9 18 19 28 37 46 47 57 66 73 82
cat_threshold=2147484196 2102304 402659840 537133056 138936451 1073758208 268435456 2214592512 536887554 75637760 268967936 1107435520 16781313 196608 2215182336 1140855808 65536 67239944 18 65544 17088904 536936448 2165024 1075843072 2048 9044224 537010194 8454656 8520704 268959744 0 16777216 0 2214592512 67108864 65536 131072 4722816 2147485765 262148 4202512 16778528 301989888 2425480 268468224 5275652 6 1645217792 4260352 1048720 135266306 2147518988 2097153 134217732 16781568 17309712 1 285216912 1050644 4 1346379840 16777504 150994948 2425348 272891904 2148532228 0 2147483649 262144 16 0 33554432 640 4722688 0 4 0 288 268435456 8 32768 32772
is_linear=0
shrinkage=0.05


Tree=197
num_leaves=31
num_cat=0
split_feature=6 7 2 6 1 6 5 1 2 2 1 4 4 1 1 1 1 6 5 7 6 3 6 6 7 1 1 3 4 6
split_gain=1314.9 1975.39 3085.42 1881.44 2217.13 1341.79 1222.41 1964.29 1264.45 1220.5 2782.09 2087.66 1173.96 2330.95 2755.35 1601.96 2031.08 3928.04 2304.17 2502.47 2063.8 1865.24 1892.14 1751.9 2699.25 3712.55 1937.47 2322.14 2560.91 1680.63
threshold=109.50000000000001 50.469564595127643 13.340000000000002 84.500000000000014 170.50000000000003 100.50000000000001 30.728986473372888 31.500000000000004 29.334770114942533 218.79755434782612 101.50000000000001 2668.5000000000005 7401.5000000000009 142.50000000000003 72.500000000000014 1769.5000000000002 221.50000000000003 39.500000000000007 55.664762115014007 50.535582260384139 22.500000000000004 61.275707834621947 9.5000000000000018 57.500000000000007 50.002179396503912 182.50000000000003 8.5000000000000018 54.731422917529308 909.50000000000011 10.500000000000002
decision_type=2 10 10 2 2 2 10 2 10 10 2 2 2 2 2 2 2 2 10 10 2 10 2 2 10 2 2 10 2 2
left_child=3 2 -2 9 6 -6 -5 8 -8 12 -11 -12 15 14 -14 16 23 20 -19 -20 21 22 -18 29 -25 26 27 -26 -29 -1
right_child=1 -3 -4 4 5 -7 7 -9 -10 10 11 -13 13 -15 -16 -17 17 18 19 -21 -22 -23 -24 24 25 -27 -28 28 -30 -31
leaf_value=0.002317859719812639 -0.45790452891244338 0.46955042322250934 0.11587340584582795 0.3279766079038382 -0.47070252818280256 -0.0042563912946553461 -0.58790491277521306 0.019648807922565431 -0.16045424310881418 0.094424053327372637 -0.071128158439667175 -0.6289294290542603 0.088815357061949651 -0.071065497221583035 0.53005912943184386 0.10680113454341195 -0.12441568015134429 -0.4747821305192223 -0.030755301432631839 -0.64008047401905066 0.11025028932075986 0.012870321540983136 0.01809231257572284 -0.28054084788475719 0.0099430350667756538 0.52537781392986127 0.085741000950381771 -0.78933789784258068 -0.034769650702535571 -0.015054041059936563
leaf_weight=71620 26 33 237 20 58 21 22 189 81 756 104 20 121 118 50 343 842 76 107 20 243 837 322 56 138 44 961 22 23 17282
leaf_count=71620 26 33 237 20 58 21 22 189 81 756 104 20 121 118 50 343 842 76 107 20 243 837 322 56 138 44 961 22 23 17282
internal_value=-0.000314203 0.104904 0.0591501 -0.00064379 -0.110096 -0.346711 -0.0501844 -0.0760859 -0.251754 -0.000189022 0.0584189 -0.161096 -0.000742253 0.099875 0.217834 -0.00105514 -0.00145468 -0.0464017 -0.257024 -0.126712 -0.027348 -0.0440579 -0.0849934 -0.000234601 0.0586901 0.0746807 0.0573462 -0.091765 -0.40367 -0.00105913
internal_weight=94792 296 263 94496 391 79 312 292 103 94105 880 124 93225 289 171 92936 92593 2447 203 127 2244 2001 1164 90146 1244 1188 1144 183 45 88902
internal_count=94792 296 263 94496 391 79 312 292 103 94105 880 124 93225 289 171 92936 92593 2447 203 127 2244 2001 1164 90146 1244 1188 1144 183 45 88902
is_linear=0
shrinkage=0.05


Tree=198
num_leaves=31
num_cat=5
split_feature=9 9 0 5 4 9 2 0 0 0 2 4 3 2 9 4 6 10 4 2 6 6 4 6 6 0 4 2 2 0
split_gain=3842.57 2839.22 2324.15 2124.34 2259.24 2641.29 3661.95 3211.82 2614.7 2146.44 2043.33 2266.12 2122.5 1936.23 1742.03 3478.96 3947.53 4062.99 3306.1 3620.08 3250.05 3153.04 3777.12 2850.49 2592.4 2501.4 2461.39 2450.2 2074.72 1954.58
threshold=0 1 60.317955901339168 4.0533892512678582 32.500000000000007 2 27.460607940446653 79.441412676580228 61.815719259288002 13.828613499624497 62.601724137931043 38.500000000000007 54.593240856307581 77.240000000000023 3 1202.5000000000002 16.500000000000004 4 2063.5000000000005 17.834039548022602 6.5000000000000009 37.500000000000007 1871.5000000000002 40.500000000000007 9.5000000000000018 56.079481474605821 1324.5000000000002 23.287087912087916 18.671171171171178 40.140877754056731
decision_type=9 9 8 8 2 9 8 10 10 10 8 2 10 8 9 2 2 9 2 10 2 2 2 2 2 10 2 8 10 10
left_child=3 2 -2 -1 5 8 7 9 -5 -7 11 12 -6 -12 15 23 17 20 19 21 27 22 -18 -3 -22 -21 -27 28 -17 -25
right_child=1 14 -4 4 10 6 -8 -9 -10 -11 13 -13 -14 -15 -16 16 18 -19 -20 25 24 -23 -24 29 -26 26 -28 -29 -30 -31
leaf_value=0.5214080657809973 -0.027714490473207471 -0.030727967287958093 -0.14956002751050373 0.057675946889401863 -0.014283747036083073 0.049345309917743392 0.089257223870137806 -0.19564264409598853 -0.43943727730677051 0.54765301398001609 0.4480774770744822 0.018671998303042944 -0.49119574885035666 0.093349062498305851 0.0014577156215116501 0.01298464471222581 0.10508836428565321 0.020074316336333088 -0.067034905350379398 -0.086534278716628013 -0.69413262210786353 0.9433618566264278 0.88808058023452752 -0.014868346380315861 -0.22351206013710676 0.45916983895614499 0.1221768669964573 -0.25401740065519363 0.57608575337965584 -0.39760993412074946
leaf_weight=24 1339 8872 553 301 51 26 263 21 29 128 44 2030 43 306 77820 74 67 1511 209 127 40 23 20 53 109 61 485 69 21 90
leaf_count=24 1339 8872 553 301 51 26 263 21 29 128 44 2030 43 306 77820 74 67 1511 209 127 40 23 20 53 109 61 485 69 21 90
internal_value=-0.000639589 -0.00254336 -0.062995 0.0525683 0.0492597 0.124174 0.202564 0.384423 0.0135788 0.463523 0.0260042 0.00755851 -0.232446 0.137943 -0.00126071 -0.0191276 0.0293683 -0.0142893 0.109642 0.156801 -0.175222 0.422726 0.285087 -0.0342974 -0.349853 0.113336 0.159826 -0.0272472 0.13746 -0.255755
internal_weight=94809 91543 1892 3266 3242 768 438 175 330 154 2474 2124 94 350 89651 11831 2816 1824 992 783 313 110 87 9015 149 673 546 164 95 143
internal_count=94809 91543 1892 3266 3242 768 438 175 330 154 2474 2124 94 350 89651 11831 2816 1824 992 783 313 110 87 9015 149 673 546 164 95 143
cat_boundaries=0 9 18 27 37 38
cat_threshold=67641368 201326720 134283400 2185302080 525315 1076887562 2684354816 0 138412032 612 268959744 33554448 133633 1208033408 67584 71434240 2422734864 2148024324 16 67108992 134283392 37752896 1024 1073741824 536870912 0 134217728 2684389376 65576 528384 2105376 272629824 268435456 263168 1123586 320 52 16
is_linear=0
shrinkage=0.05


Tree=199
num_leaves=31
num_cat=5
split_feature=9 9 3 3 6 7 0 10 1 1 5 7 9 9 7 7 1 0 5 4 3 0 1 3 5 5 3 0 7 3
split_gain=3048.58 2794.61 1767.88 1639.29 1841.7 2448.31 2557.23 1998.09 1801.87 2834.74 1928.98 1776.93 2489.78 2353.9 2737.61 1768.63 2497.34 1557.98 1488.39 2400.68 2586.65 1467.84 1382.52 2727.05 1374.47 1365.12 1361.33 1341.83 1790.45 1301.85
threshold=0 1 1.0000000180025095e-35 70.402164552793764 9.5000000000000018 50.382773093783378 12.518407257705361 2 12.500000000000002 9.5000000000000018 71.79351747154179 50.351979914610062 3 4 50.407296339824519 50.490687223045647 6.5000000000000009 26.490902874497305 3.2778654425476983 119.50000000000001 11.53454772502513 93.153721910639391 6.5000000000000009 60.514985330220171 36.809319862670712 54.257012947195811 28.312121519385261 67.605199405453092 50.160434440679616 66.580065870254387
decision_type=9 9 10 10 2 10 10 9 2 2 10 10 9 9 10 10 2 10 8 2 10 8 2 10 8 8 10 8 10 10
left_child=29 2 -2 4 7 8 -7 -4 9 10 17 12 27 -13 24 16 26 -6 19 20 -3 -5 23 -14 -15 -24 -16 28 -9 -1
right_child=1 18 3 21 5 6 -8 11 -10 -11 -12 13 22 14 15 -17 -18 -19 -20 -21 -22 -23 25 -25 -26 -27 -28 -29 -30 -31
leaf_value=-0.04875304898475824 0.46092212349176409 -0.10736341056498616 0.16649767714638286 -0.014732725516198173 0.2218375063460806 0.59641892313957212 0.046545566687758527 0.26607564872986561 -0.24629244806794381 0.38936941607130904 -0.44857588550075889 -0.048352306821327184 0.21783936727472178 0.12430131862992827 0.43102069537554472 0.093349102471154521 0.80351217113151829 -0.12515855535454709 -0.00078182269071455808 -0.11876003967989593 0.66844082616624378 -0.42637251416842148 -0.25167106501758102 0.80463106042959476 -0.35654371778170268 0.16522205698808345 -0.001182231905036851 -0.45179191291332244 -0.19272597838938238 -0.20125762787957988
leaf_weight=2086 26 22 479 63 46 23 262 37 139 36 32 618 198 23 35 228 23 109 89232 471 21 33 27 22 42 72 38 20 50 150
leaf_count=2086 26 22 479 63 46 23 262 37 139 36 32 618 198 23 35 228 23 109 89232 471 21 33 27 22 42 72 38 20 50 150
internal_value=-0.00116386 0.000234898 0.0504413 0.0466115 0.0542212 -0.018697 0.0909213 0.0788959 -0.104999 -0.0169277 -0.0951454 0.0481162 0.134055 0.0122384 0.106991 0.169152 0.349183 -0.0221791 -0.00127038 -0.0861103 0.271518 -0.156234 0.20041 0.276519 -0.186399 0.0515239 0.206038 -0.0754473 0.00239655 -0.0587211
internal_weight=94663 92427 2681 2655 2559 647 285 1912 362 223 187 1433 426 1007 389 324 96 155 89746 514 43 96 319 220 65 99 73 107 87 2236
internal_count=94663 92427 2681 2655 2559 647 285 1912 362 223 187 1433 426 1007 389 324 96 155 89746 514 43 96 319 220 65 99 73 107 87 2236
cat_boundaries=0 9 18 19 26 33
cat_threshold=2147516544 1024 0 537004032 1080242721 1073741826 3271820288 2147484672 67650052 140292 83894304 17965056 2202013696 0 3162116 270532882 4718592 536871048 6 4 0 0 0 0 16384 2097154 1024 0 17825792 37752832 0 3145728 2097168
is_linear=0
shrinkage=0.05


Tree=200
num_leaves=31
num_cat=11
split_feature=9 4 9 5 9 9 9 5 9 0 0 9 4 6 6 2 5 0 4 10 4 0 2 2 4 9 4 10 9 4
split_gain=3360.97 3338.76 16118 12266.8 8699.48 4336.69 3502.42 2962.72 2950.35 2890.57 2793.83 3152.61 2561.25 2441.3 2407.27 2185.6 3598.1 5498.11 3319.47 2899.78 4761.88 3746.6 2258.91 2724.32 2176.64 2882.21 3043.45 2172.27 2818.84 2444.95
threshold=0 71.500000000000014 1 21.430432379521886 2 3 4 68.703419301063335 5 73.369589982026397 89.250050792195992 6 252.50000000000003 6.5000000000000009 55.500000000000007 20.003906250000004 21.430432379521886 52.034659776652539 1111.5000000000002 7 969.50000000000011 19.832007780399017 15.005747126436782 18.223611111111115 294.50000000000006 8 264.50000000000006 9 10 95.500000000000014
decision_type=9 2 9 8 9 9 9 8 9 10 10 9 2 2 2 8 10 10 2 9 2 10 10 10 2 9 2 9 9 2
left_child=-1 2 3 -2 -4 7 12 24 9 -6 11 14 27 -11 -9 16 19 -18 -19 -14 -21 -22 -23 -24 25 26 -3 28 29 -7
right_child=1 5 4 -5 8 6 -8 10 -10 13 -12 -13 15 -15 -16 -17 17 18 -20 20 21 22 23 -25 -26 -27 -28 -29 -30 -31
leaf_value=-0.080806795191917441 1.3671770388171787 -0.15763981931457491 -0.095194483092256213 0.15155251625979216 0.11793238448449242 -0.49096494592726236 -0.002542016771720786 -0.17178421456380907 0.0087155485753664438 -0.001830316099184978 0.060909030719643889 -0.057677378174446695 -0.033812608117088402 -0.43852767525492492 -0.72722676247358331 -0.014674339363080472 0.23726889885945346 -0.44715040349043333 0.10079628931263747 -0.018618565716218848 0.12058079493775342 0.23993535829441892 1.2482699771225452 0.47206480901401782 0.062052769470028579 -0.015749125164534621 -0.75616351102407164 0.09813816268299165 0.052961672054785261 -0.067830419702687231
leaf_weight=1235 21 116 1862 1762 1297 40 69727 791 5539 237 285 1365 1063 37 20 3386 447 52 59 242 96 28 20 26 764 1022 26 2009 1021 233
leaf_count=1235 21 116 1862 1762 1297 40 69727 791 5539 237 285 1365 1063 37 20 3386 447 52 59 242 96 28 20 26 764 1022 26 2009 1021 233
internal_value=0.000804373 0.0018897 0.0280989 0.164945 0.000718938 -0.00151286 0.00119607 -0.0498214 0.0259356 0.0862106 -0.0862955 -0.105575 0.0310484 -0.0608004 -0.183223 0.00993051 0.0509104 0.159058 -0.155899 0.00999757 0.120918 0.326665 0.594017 0.809545 -0.00352243 -0.0465632 -0.249648 0.0657891 0.0146936 -0.125241
internal_weight=94828 93593 10755 1783 8972 82838 78449 4389 7110 1571 2461 2176 8722 274 811 5419 2033 558 111 1475 412 170 74 46 1928 1164 142 3303 1294 273
internal_count=94828 93593 10755 1783 8972 82838 78449 4389 7110 1571 2461 2176 8722 274 811 5419 2033 558 111 1475 412 170 74 46 1928 1164 142 3303 1294 273
cat_boundaries=0 9 18 28 37 46 56 65 66 73 74 82
cat_threshold=1073774600 218107936 285217296 536872960 8704 4 570425344 2147500050 549455872 268435456 2147745792 33816576 285278465 4096 2162696 476232 18088192 1148736 37814336 4194816 1073741956 6291456 72 2432696321 2621494 536883200 2147491888 5 2433500160 3221227776 38797312 16777473 4198400 524296 300032 262144 526148 37748804 33284 1610620928 139476994 524300 2432712704 136314934 536870912 2147483666 16912512 1073744000 4194593 1024 525571 1209548800 8392832 1 262284 8 16384 2147483648 33554432 1 4096 0 5120 0 4 96 16384 0 0 16777472 0 0 262144 36 64 32768 0 5242880 0 268451840 16 536870912
is_linear=0
shrinkage=0.05


Tree=201
num_leaves=31
num_cat=11
split_feature=9 3 4 9 2 9 6 4 7 3 9 7 5 3 9 4 9 9 2 9 2 5 4 9 4 9 9 2 1 5
split_gain=3548.57 2778.94 4231.61 2759.47 2620.26 2322.17 1848.39 2865.6 2786.03 2330.17 2264.56 1858.39 1735.7 2047.46 1573.17 1712.27 9800.57 4482.41 5181.09 3841.24 3273.84 3036.06 2886.4 3437.7 2816.55 5974.33 5219.41 2862.43 2812.37 2840.21
threshold=0 73.513959813272578 14.500000000000002 1 181.72077922077924 2 8.5000000000000018 143.50000000000003 50.595843046477036 51.347087680989709 3 50.505748612622355 71.79351747154179 47.584069216317779 4 264.50000000000006 5 6 13.340000000000002 7 14.668238993710693 7.19614184662663 87.500000000000014 8 183.50000000000003 9 10 12.802777777777779 18.500000000000004 24.240822422786362
decision_type=9 10 2 9 8 9 2 2 10 10 9 10 8 8 9 2 9 9 8 9 8 8 2 9 2 9 9 8 2 8
left_child=1 2 3 12 6 -2 7 10 11 -10 -4 -9 -1 -14 -7 16 21 18 -18 -17 -20 -16 23 -23 26 -26 -24 -28 -27 -30
right_child=5 -3 4 -5 -6 14 -8 8 9 -11 -12 -13 13 -15 15 19 17 -19 20 -21 -22 22 24 -25 25 28 27 -29 29 -31
leaf_value=0.33182023042546854 -0.052462412094148342 -0.37019880289832752 -0.017732396321688482 0.31524455324105255 -0.13470186247875554 -0.019380681888510005 -0.040786326358730564 0.25442675091661848 0.90670252685193664 0.20445130900258113 0.13855033099179356 -0.18343782271108322 0.068978887289128418 -0.47736066701235597 0.55261392621323469 -0.11024745855052867 0.31371599585811299 0.00097182417874265613 -0.54236376704864719 -0.0012118056752377239 -0.099241339446743959 -0.090386580530510352 0.23114796917566369 0.054458777308183173 -0.063188408551576189 0.077571196692535857 0.44158306640386585 0.056619897830359478 -0.25035779456729473 0.33560765403618176
leaf_weight=28 2212 36 489 247 191 10036 334 111 27 21 432 31 47 27 32 809 75 13219 43 58836 1360 544 772 1566 765 805 50 1410 23 205
leaf_count=28 2212 36 489 247 191 10036 334 111 27 21 432 31 47 27 32 809 75 13219 43 58836 1360 544 772 1566 765 805 50 1410 23 205
internal_value=-0.000532273 0.064847 0.0730637 0.231123 0.0393456 -0.00196347 0.0623511 0.0933574 0.270154 0.599468 0.0568847 0.158837 -0.00317646 -0.130361 -0.000724197 0.00160344 0.0139306 -0.0082889 -0.0905653 -0.00270941 -0.112822 0.0667458 0.0643223 0.0169445 0.0891281 0.0425557 0.126645 0.0693287 0.120313 0.276497
internal_weight=94783 2021 1985 349 1636 92762 1445 1111 190 48 921 142 102 74 90550 80514 20869 14697 1478 59645 1403 6172 6140 2110 4030 1798 2232 1460 1033 228
internal_count=94783 2021 1985 349 1636 92762 1445 1111 190 48 921 142 102 74 90550 80514 20869 14697 1478 59645 1403 6172 6140 2110 4030 1798 2232 1460 1033 228
cat_boundaries=0 9 16 26 34 43 53 61 71 81 91 101
cat_threshold=2229440 134234128 134217736 2734950400 19406977 1140850688 3225419776 536871936 536871048 2228224 0 0 570427392 16777344 1073741824 4194304 2147778564 2228228 196608 8392960 196610 18939910 603980800 2153857024 2160066560 16 1088 16384 134217728 0 2097152 67108864 3225419776 536870912 536872992 1051648 16779776 141688841 260 2147483648 2343010 133120 10752 4263944 262144 2147746049 1073832964 32768 135274496 262785 269488128 32834 12 0 4194304 1073741824 16 2147483648 0 134217728 16785408 4096 0 4194304 65536 0 135266304 262144 0 0 12 4259848 0 0 65536 32768 134217728 0 0 2 8 4096 0 2147745792 74756 0 134217728 512 4096 66 4 4194312 0 2147483648 8196 0 134217728 0 4096 2 12
is_linear=0
shrinkage=0.05


Tree=202
num_leaves=31
num_cat=14
split_feature=9 9 9 0 7 4 0 0 4 0 9 6 5 4 9 10 6 4 10 9 9 1 9 0 9 9 9 1 9 0
split_gain=3124.65 2970.58 1837.15 2058.36 1850.75 1964.15 1922.84 3279.63 1832.6 1769.68 2331.91 2091.94 1506.9 1506.59 1425.61 2317.95 2581.12 1890.73 2673.62 5899.44 4904.24 2871.4 3517.62 4317.08 2689.95 2402.12 2366.55 2228.05 3558.37 2581.87
threshold=0 1 2 15.329255579072045 50.751798554017732 159.50000000000003 27.782181643278459 40.140877754056731 6.5000000000000009 22.806166594508216 3 4.5000000000000009 6.0048140616166146 2.5000000000000004 4 5 118.50000000000001 1380.5000000000002 6 7 8 1.5000000000000002 9 16.591805785355536 10 11 12 9.5000000000000018 13 36.012483343906815
decision_type=9 9 9 8 10 2 8 10 2 8 9 2 8 2 9 9 2 2 9 9 9 2 9 8 9 9 9 2 9 10
left_child=8 9 3 -3 -5 -6 -7 -8 -1 -2 11 -11 -4 -12 15 -14 -17 18 20 21 -16 22 -20 -24 -21 -19 -22 28 -27 -29
right_child=1 2 12 4 5 6 7 -9 -10 10 13 -13 14 -15 17 16 -18 25 19 24 26 -23 23 -25 -26 27 -28 29 -30 -31
leaf_value=0.22446470146923395 0.010775528903617416 0.025331367003418072 -0.062032087768480598 -0.04126424054512632 -0.018309351636732859 -0.061470242664217946 0.88650433692065167 0.18781646457041656 0.051393950538194712 -0.24336463301157463 0.15977242097991412 -0.80448729634284977 0.0090812894803402721 -0.097945108875063511 -0.035447065921603592 -0.029456970089351737 0.31723629459738734 -0.034664264688409073 -0.016466546155429085 0.027240153954862702 0.094226885395299886 0.062436453016480702 0.91401291831086073 0.22344714183153902 -0.012781509432160512 -0.027889725812116441 0.010578918577344366 -0.067795625429474191 0.083098658311052342 0.002368233281453433
leaf_weight=173 430 1768 918 6423 205 40 22 71 1320 98 61 20 8191 806 6872 9217 54 5521 169 11201 892 3180 24 397 6707 1149 13687 1475 1926 11802
leaf_count=173 430 1768 918 6423 205 40 22 71 1320 98 61 20 8191 806 6872 9217 54 5521 169 11201 892 3180 24 397 6707 1149 13687 1475 1926 11802
internal_value=-0.000546293 -0.00169786 -0.00058711 -0.0226758 -0.0352632 0.0787747 0.228415 0.353097 0.070973 -0.0733359 -0.110799 -0.312027 0.00167475 -0.0789027 0.00238415 -0.0102964 -0.0274081 0.00579131 0.011865 0.024243 -0.000654891 0.0810173 0.182538 0.256717 0.0122523 -0.00618214 0.0157579 0.0034535 0.0418064 -0.00542658
internal_weight=94819 93326 91911 8529 6761 338 133 93 1493 1415 985 118 83382 867 82464 17462 9271 65002 43129 21678 21451 3770 590 421 17908 21873 14579 16352 3075 13277
internal_count=94819 93326 91911 8529 6761 338 133 93 1493 1415 985 118 83382 867 82464 17462 9271 65002 43129 21678 21451 3770 590 421 17908 21873 14579 16352 3075 13277
cat_boundaries=0 9 18 28 36 45 46 47 56 66 74 84 92 102 110
cat_threshold=164356 75497504 268576784 2147487744 1090596864 2177024 1090519040 4196352 200 32 404833280 136318976 536872961 131 1073741834 268435524 2416460818 608174080 270532608 8192 553648896 138477572 406850048 268435456 2183331888 32768 2281719810 17 0 2097152 0 0 1 0 4 2147484688 67125256 1632110592 168 139296 96 8388608 16640 539046144 16982036 10 40 151000064 0 3221487616 16650 131076 2148007940 4719618 67502080 512 16784400 32768 1074102276 1090535688 34048 2216165376 525315 17170432 512 4 16777216 0 0 16386 0 0 0 131072 4196480 294912 1671173 1090520064 34048 68157441 142868608 16777216 8684544 4 2048 0 2147745797 0 0 1 8388736 131072 64 0 0 2097154 8 16384 536871040 512 256 8 0 0 32768 0 2147483648 0 134217728 16777216
is_linear=0
shrinkage=0.05


Tree=203
num_leaves=31
num_cat=3
split_feature=9 9 6 3 4 4 1 6 2 2 5 7 6 2 1 3 3 5 2 7 4 4 3 9 4 7 3 7 3 5
split_gain=3312.45 2516.74 2506.85 2262.77 2386.03 1775.55 3603.41 2931.78 2737.63 2723.29 2047.39 1665.63 2254.93 1562.89 1441.57 1425.18 2565.99 2457.52 3599.07 1759.39 1654.45 1703.47 1588.5 1531.84 2073.05 1689.24 1596.85 1556.46 1478.3 1423.86
threshold=0 1 26.500000000000004 57.122872731074786 344.50000000000006 414.50000000000006 8.5000000000000018 3.5000000000000004 25.002145922746784 39.583974358974366 50.570896980444523 50.590582005131346 6.5000000000000009 13.98648648648649 48.500000000000007 51.781162138850938 51.073167546243965 65.511530964415613 22.502577319587633 50.267349652442064 8.5000000000000018 10.500000000000002 28.312121519385261 2 17.500000000000004 50.09954459517548 54.859382278580021 50.344223823597069 43.192914572748684 89.653789790195233
decision_type=9 9 2 10 2 2 2 2 8 10 10 10 2 10 2 10 10 10 8 10 2 2 10 9 2 10 10 10 10 10
left_child=11 2 5 4 -4 9 8 -8 -7 -2 14 15 13 -13 -9 16 20 23 -19 -20 22 -22 -1 24 -17 -25 -26 -27 -24 -3
right_child=1 29 3 -5 -6 6 7 10 -10 -11 -12 12 -14 -15 -16 17 -18 18 19 -21 21 -23 28 25 26 27 -28 -29 -30 -31
leaf_value=-0.078974241018295296 0.069740696439312161 0.00041376181201175071 0.12398313245801039 -0.49247986435890195 -0.28684442500273388 -0.39023055324537892 0.84435537169128672 0.22145997931559883 0.176982364574304 -0.081119177064419484 0.50761610905329391 -0.15207624061868108 0.33864696261286742 0.041962409107754492 -0.28379123423248531 0.38602126789093022 0.36228823081443184 0.4858042217565306 -0.35298798475000592 -0.0028531948599101464 0.39107195547093521 -0.045081082430551762 -0.77429561132476454 -0.56325623757309384 0.18094246934713989 -0.059380820832215256 -0.26631151440087708 -0.27216918420114306 -0.19985797600820662 0.050812941745153807
leaf_weight=63 2131 88282 86 35 60 36 25 48 52 348 45 145 50 365 20 25 38 33 45 177 23 840 21 36 29 125 64 275 24 1424
leaf_count=63 2131 88282 86 35 60 36 25 48 52 348 45 145 50 365 20 25 38 33 45 177 23 840 21 36 29 125 64 275 24 1424
internal_value=0.00119572 0.00269486 0.0485717 -0.131408 -0.0448501 0.0607943 0.194959 0.35439 -0.0550593 0.0485631 0.245991 -0.0569479 0.01821 -0.0132054 0.0728567 -0.080412 -0.0407717 -0.129852 -0.00140367 -0.0738265 -0.0565454 -0.0334571 -0.241039 -0.188975 -0.0167662 -0.229925 -0.126845 -0.205673 -0.467929 0.00121367
internal_weight=94970 92592 2886 181 146 2705 226 138 88 2479 113 2378 560 510 68 1818 1009 809 255 222 971 863 108 554 118 436 93 400 45 89706
internal_count=94970 92592 2886 181 146 2705 226 138 88 2479 113 2378 560 510 68 1818 1009 809 255 222 971 863 108 554 118 436 93 400 45 89706
cat_boundaries=0 9 19 22
cat_threshold=570458128 136839168 134873096 537001984 135331968 1073750016 2701787138 339756032 640 3224380420 67110144 268435472 4528128 16785408 69228544 1073742080 2 549454848 4 32768 0 131080
is_linear=0
shrinkage=0.05


Tree=204
num_leaves=31
num_cat=9
split_feature=9 9 4 9 6 9 7 4 10 1 9 1 0 6 0 0 9 7 0 4 9 1 0 10 1 7 6 2 0 0
split_gain=3164.78 2012.44 1793.46 1751.31 2903.34 3788.67 3024.53 3227.81 2741.67 4840 3329.62 3007.56 4920.81 5465.39 2818.63 2658.96 2622.2 2981.78 2546.9 2137.5 2121.87 3350.09 2564.3 3746.59 3911 2999.49 3550.06 2322.81 2261.2 2120.04
threshold=0 1 1.0000000180025095e-35 2 23.500000000000004 3 50.538577231186885 8.5000000000000018 4 74.500000000000014 5 6.5000000000000009 45.851906481394302 15.500000000000002 63.695287304293679 77.321803775304431 6 50.232884762325021 5.7784279972209811 1268.5000000000002 7 141.50000000000003 65.81974937223886 8 61.500000000000007 50.408662530935352 4.5000000000000009 51.063508064516135 76.176852015310388 18.2260892033872
decision_type=9 9 2 9 2 9 10 2 9 2 9 2 8 2 10 10 9 10 10 2 9 2 10 9 2 10 2 10 10 10
left_child=-1 2 -2 4 6 -6 7 -3 9 10 11 12 13 29 -11 -12 19 -18 -7 -14 21 22 23 24 -10 -24 27 28 -27 -9
right_child=1 3 -4 -5 5 18 -8 8 20 14 15 -13 16 -15 -16 -17 17 -19 -20 -21 -22 -23 25 -25 -26 26 -28 -29 -30 -31
leaf_value=-0.077061603728524622 0.44752160774336924 0.23259150575846435 0.038262379924089637 -0.0016602247265829304 -0.15251023190292887 -0.33194706394122198 0.049914560844890515 -0.10190230184802558 0.1241673726962873 -0.21303408466852627 0.011179434605003582 -0.22636062492507356 0.0030223886088396497 0.84092421400445427 -1.0025597994029523 -0.35844853416085248 -0.90893187333237047 -0.27222476966146913 0.17229301014154985 -0.49232569742202764 -0.015383439545146323 0.63964462100217745 0.03567377788325151 -0.066973466308293303 0.77086974432071054 -0.34312611469408361 0.047985194690679155 -0.13631014319196824 -0.96253020815227353 0.14694967726089433
leaf_weight=1258 27 140 3132 78308 113 26 3625 164 903 26 1808 367 169 22 20 50 22 112 680 25 2668 24 594 284 24 41 97 62 23 179
leaf_count=1258 27 140 3132 78308 113 26 3625 164 903 26 1808 367 169 22 20 50 22 112 680 25 2668 24 594 284 24 41 97 62 23 179
internal_value=0.00140184 0.00246284 0.0416285 0.00109242 0.0186499 0.109609 0.0121595 -0.00533317 -0.00966808 -0.0472647 -0.039402 -0.109593 -0.0493372 0.0769653 -0.556306 0.00122591 -0.189887 -0.350595 0.151576 -0.0578302 0.0140118 0.0521205 0.0454246 0.0916051 0.139407 -0.0230267 -0.179386 -0.354425 -0.565724 0.0279651
internal_weight=94993 93735 3159 90576 12268 819 11449 7824 7684 2964 2918 1060 693 365 46 1858 328 134 706 194 4720 2052 2028 1211 927 817 223 126 64 343
internal_count=94993 93735 3159 90576 12268 819 11449 7824 7684 2964 2918 1060 693 365 46 1858 328 134 706 194 4720 2052 2028 1211 927 817 223 126 64 343
cat_boundaries=0 8 18 28 38 39 47 54 64 65
cat_threshold=164372 86049824 512 536875008 21103106 20480 3020029952 2148024324 25429184 1208500224 135270400 66112 8320 524292 33554688 66560 68174860 16 35127296 2952790016 2097200 36700160 1073743872 33622024 1082654720 271593474 9177088 4 1048576 0 2097152 0 0 0 0 4096 0 4 48 1572864 0 0 3145728 2048 33556480 1082130432 1048576 0 0 0 0 2048 33554432 8388608 1048576 2147483648 0 1048576 0 33554432 524288 12288 524288 4 10
is_linear=0
shrinkage=0.05


Tree=205
num_leaves=31
num_cat=6
split_feature=9 9 3 9 5 0 7 5 4 5 9 7 9 5 5 0 2 3 4 0 5 2 5 5 2 0 5 4 2 9
split_gain=4104.67 3758.16 2837.26 2020.63 2078.06 2900.59 1913 1989.29 1964.97 3625.21 2776.81 2118.65 2401.39 4191.18 2900.96 1944.53 2839.41 1824.31 1955.53 1792.43 1766.49 1754.22 1537.21 2143.78 2438.81 1730.07 1575.85 1518.89 1482.43 6780.54
threshold=0 1 14.579898591154258 2 76.472064941311501 51.061996992077319 50.055848134040104 4.0533892512678582 87.500000000000014 30.235803035642014 3 50.160434440679616 4 49.393396017266348 54.467510358037927 55.520394700283909 30.738612836438929 76.194641797471533 228.50000000000003 61.573310718635476 76.771783523336197 20.003906250000004 55.200420650256959 61.769839193746655 26.403873489694387 93.153721910639391 63.462073970314002 551.50000000000011 26.003012048192776 5
decision_type=9 9 10 9 10 8 10 8 2 8 9 10 9 8 8 10 10 8 2 8 8 10 10 10 10 10 10 2 10 9
left_child=2 -2 -1 4 17 -6 -4 -8 9 -9 -11 -10 13 -13 -15 16 -14 18 22 -7 -16 -22 25 24 -24 -3 -25 -21 29 -5
right_child=1 3 6 28 5 19 7 8 11 10 -12 12 15 14 20 -17 -18 -19 -20 27 21 -23 23 26 -26 -27 -28 -29 -30 -31
leaf_value=0.51455799920218337 -0.06127050938660919 0.035212368687916884 -0.13765677834253595 -0.059937061667681341 0.68931204924980805 -0.3400947239995003 0.56818125955760479 0.52076027811157943 0.22463339746111269 -0.067202976110399285 0.12804210529788138 0.56983914811436731 -0.096676064801862471 -0.4214701371267438 0.3787177920208446 -0.4636951865628362 0.37219241993767876 -0.29736372991041704 -0.016497084373612584 0.10220835374955516 0.31582832327394778 -0.10971631365162987 0.66615151546307305 -0.35468404635787015 0.14528349178245248 0.47072093720021457 0.11452322940616047 0.47309258501045409 0.0035335010513864239 9.9104987540415143e-05
leaf_weight=35 2564 2676 115 5640 24 20 20 51 99 224 903 41 417 32 42 32 35 44 1712 201 33 91 38 20 55 23 170 32 51315 28070
leaf_count=35 2564 2676 115 5640 24 20 20 51 99 224 903 41 417 32 42 32 35 44 1712 201 33 91 38 20 55 23 170 32 51315 28070
internal_value=-0.000103467 -0.00169972 0.0677121 3.24262e-06 0.0308123 0.163987 0.0607039 0.0719967 0.0670348 0.108434 0.0897755 0.00770552 -0.0219983 0.105304 0.0144306 -0.0852742 -0.0603699 0.0230915 0.0260953 0.114154 0.0984596 0.00353347 0.0505481 0.161412 0.358111 0.0389236 0.065133 0.153145 -0.00181737 -0.00996326
internal_weight=94774 92604 2170 90040 5015 277 2135 2020 2000 1178 1127 822 723 239 198 484 452 4738 4694 253 166 124 2982 283 93 2699 190 233 85025 33710
internal_count=94774 92604 2170 90040 5015 277 2135 2020 2000 1178 1127 822 723 239 198 484 452 4738 4694 253 166 124 2982 283 93 2699 190 233 85025 33710
cat_boundaries=0 9 18 28 37 45 55
cat_threshold=40964 134217760 2103312 2147817472 16777385 2097152 1024 604504064 671105416 16777408 8520704 437256192 1049088 1208098818 1108348928 336068610 2147500034 71827456 37748736 2117632 16843272 8388680 2691072 419430406 37753088 65793 2156003328 8 0 0 4096 65536 0 0 0 536870912 536870920 0 0 4096 0 0 0 0 536870912 1678770216 1140916737 1074397312 687866896 2048 524289 2147680260 135168 8224 32
is_linear=0
shrinkage=0.05


Tree=206
num_leaves=31
num_cat=7
split_feature=9 9 4 2 3 2 9 3 4 9 3 1 4 2 4 9 4 4 2 2 3 4 7 7 9 9 2 7 2 7
split_gain=3247.08 2835.65 2490.44 2263.23 1984.5 1922.42 1737.95 1984.54 1666.83 2639.72 1944.42 3664.67 4088.12 2259.64 1659.05 2332.44 1995.31 2224.65 4053.2 3632.87 3180.33 2588.4 2165.92 4756.35 3024.91 2417.57 2283.68 2164.9 1899.33 1798.18
threshold=0 1 4.5000000000000009 11.025000000000002 34.16202007909672 30.001170960187356 2 70.100111956920188 2138.5000000000005 3 51.547949235834956 87.500000000000014 5584.5000000000009 25.25105042016807 23.500000000000004 4 91.500000000000014 344.50000000000006 151.21558872305144 38.003030303030307 56.988748577203168 379.50000000000006 50.368532106343174 50.386241785637942 5 6 25.818926974664681 50.429107198882384 59.779299847793006 50.695256832981087
decision_type=9 9 2 8 10 8 9 8 2 9 10 2 2 10 2 9 2 2 8 8 10 2 10 10 9 9 10 10 10 10
left_child=2 3 5 4 -2 -1 7 -3 9 -8 11 -10 13 -13 15 29 22 18 -18 -19 -20 -21 24 -24 26 -25 -16 -27 -26 -4
right_child=1 6 14 -5 -6 -7 8 -9 10 -11 -12 12 -14 -15 16 -17 17 19 20 21 -22 -23 23 25 28 27 -28 -29 -30 -31
leaf_value=0.63507600200587311 -0.037267433715363348 -0.019942925526600486 -0.13779543187883167 -0.060670197681309546 0.53784181038538614 0.16940024025896763 0.031144091543777033 -0.36067118932341424 -0.015218821858860849 0.0031421177382804908 -0.022925746594249268 0.57105233453503634 0.0030110548629923022 0.16616799996496065 0.37956806450044811 0.032867608784017704 0.025568892159761575 -0.28985505998134614 0.0016128734234840639 0.81986305507329793 -0.6808165569054454 0.20042969053611159 0.8076993241392334 0.34005145863629882 -0.032999174485604306 -0.15766555611292521 -0.16873521041870118 0.14070293855421084 -0.45780587869305767 -0.61713547874987129
leaf_weight=29 30 6934 90 2364 30 94 9796 43 2340 59440 10243 37 584 502 79 309 781 24 31 26 38 48 29 118 174 75 25 321 31 25
leaf_count=29 30 6934 90 2364 30 94 9796 43 2340 59440 10243 37 584 502 79 309 781 24 31 26 38 48 29 118 174 75 25 321 31 25
internal_value=0.00197602 0.000496583 0.0599273 -0.0527556 0.250287 0.279194 0.00193784 -0.0220113 0.00395483 0.00710899 -0.0119755 0.0204134 0.0946605 0.193962 0.0480701 -0.0409085 0.0690295 0.0191232 -0.00688438 0.244699 -0.374218 0.418068 0.124559 0.184697 0.0188792 0.149547 0.226031 0.08212 -0.0927155 -0.22264
internal_weight=94690 92343 2347 2424 60 123 89919 6977 82942 69236 13706 3463 1123 539 2224 424 1800 948 850 98 69 74 852 543 309 514 104 396 205 115
internal_count=94690 92343 2347 2424 60 123 89919 6977 82942 69236 13706 3463 1123 539 2224 424 1800 948 850 98 69 74 852 543 309 514 104 396 205 115
cat_boundaries=0 10 20 30 39 49 54 60
cat_threshold=41120 8455168 8 2148532320 12424 2149580810 268435456 4194816 545261768 16 1140854800 136314880 0 134222336 1090584578 152055808 54920192 2147503105 4210688 2 394240 536875008 587726976 574619648 2152235008 0 1677725700 268960000 134873094 4 269484032 17039616 2576 2231304 2100324 67651588 98560 2097154 2214592512 32 8389632 0 0 12288 2147483648 0 0 64 16 0 8388608 0 96 4096 128 65536 0 0 8 2097154
is_linear=0
shrinkage=0.05


Tree=207
num_leaves=31
num_cat=6
split_feature=9 9 1 6 0 9 9 1 4 4 4 2 2 5 5 0 0 9 0 5 4 2 0 1 0 2 4 0 1 9
split_gain=3872.05 3587 2196.75 2191.07 2137.35 2690.74 1945.65 2396.9 4396.92 2392.09 2572.35 1877.27 2701.69 2665.53 2860.4 1818.54 1785.74 1733.65 1693.09 3567.44 2318.22 2047.11 2008.09 2714.82 2723.03 1997.15 4162.72 4681.03 2246.83 1855.06
threshold=0 1 37.500000000000007 30.500000000000004 45.581184776306166 2 3 1.5000000000000002 71.500000000000014 99.500000000000014 188.50000000000003 17.994545454545456 12.802777777777779 39.24035078096653 64.859037862742298 26.068114313825394 63.480483877733398 4 67.185579698645157 35.682773725679432 365.50000000000006 12.584770114942531 58.436241607757573 11.500000000000002 61.100647318425978 23.921823274764453 428.50000000000006 43.936456667959767 6.5000000000000009 5
decision_type=9 9 2 2 8 9 9 2 2 2 2 10 10 8 10 10 8 9 10 10 2 8 10 2 10 8 2 10 2 9
left_child=3 2 4 18 6 -6 -2 8 15 17 -11 12 -7 -13 -15 -8 -5 -9 19 21 -20 -1 29 -24 -25 26 -21 28 -28 -23
right_child=1 -3 -4 16 5 11 7 9 -10 10 -12 13 -14 14 -16 -17 -18 -19 20 25 -22 22 23 24 -26 -27 27 -29 -30 -31
leaf_value=-0.14158616949328415 -0.20878983647562566 0.0012656618541730627 0.44467581373062876 -0.03448085429048852 -0.027749533218596259 -0.18672451015186162 -0.15142291331569019 -0.050619803165240146 0.66029392339681325 -0.2667275448735415 0.042099357273267662 0.31169294766017375 -0.52417915659614767 -0.21163766276091339 0.22859662015554172 0.26545551124405353 -0.47496385646588879 0.14899055587668572 0.0084247351236824784 0.38814309766908922 -0.41061831576483593 -0.069238886605611658 0.068840395418160102 0.93822397163936078 0.25337942860069429 0.10492680759222002 -0.12564646349503444 -0.7027669793367386 0.53822406363487241 0.063557385662207672
leaf_weight=139 102 89085 21 76 532 238 59 213 38 163 115 35 79 260 43 47 33 207 579 211 35 311 119 21 47 423 26 20 25 1504
leaf_count=139 102 89085 21 76 532 238 59 213 38 163 115 35 79 260 43 47 33 207 579 211 35 311 119 21 47 423 26 20 25 1504
internal_value=0.0017228 -0.00027857 -0.0639143 0.0527384 -0.0692262 -0.113882 -0.0130755 0.0129592 0.198845 -0.0252041 -0.138975 -0.180658 -0.270822 -0.10144 -0.149162 0.0334194 -0.167838 0.0501017 0.0598397 0.0760854 -0.0154621 0.0439623 0.056845 0.212853 0.464876 0.173639 0.276708 -0.0544584 0.19978 0.0407715
internal_weight=94806 91237 2152 3569 2131 1187 944 842 144 698 278 655 317 338 303 106 109 420 3460 2846 614 2141 2002 187 68 705 282 71 51 1815
internal_count=94806 91237 2152 3569 2131 1187 944 842 144 698 278 655 317 338 303 106 109 420 3460 2846 614 2141 2002 187 68 705 282 71 51 1815
cat_boundaries=0 10 20 27 34 44 51
cat_threshold=2166358192 128 2048 4196352 9346 136323076 196864 73400320 2164785800 4 75632644 134283264 1342181384 1048576 1208680448 524288 654835712 1026 146802752 32 131072 65536 268439560 1048576 131072 0 34078720 0 65536 8 0 0 0 17301504 0 0 4096 0 134217728 524288 67108864 0 2048 32 128 0 0 4196352 1024 0 65536
is_linear=0
shrinkage=0.05


Tree=208
num_leaves=31
num_cat=5
split_feature=9 9 4 9 4 4 7 0 4 7 6 2 4 5 0 5 6 0 4 2 2 2 7 9 9 5 2 7 0 2
split_gain=3107.08 2806.88 1925.35 3637.21 1902.33 2808.85 1641.67 2863.4 2911.13 2658.41 2341.78 2093.41 2043.33 3237.57 2008.53 1846.88 5156.18 4896.2 2914.69 2062.9 2368.79 2850.64 1661.53 2149.18 1637.84 1890.33 3262.97 3311.51 2450.52 3143.83
threshold=0 1 12.500000000000002 2 567.50000000000011 503.50000000000006 50.559994353022098 67.185579698645157 198.50000000000003 50.535582260384139 6.5000000000000009 29.334770114942533 264.50000000000006 65.511530964415613 50.400292809707452 40.552835459465456 8.5000000000000018 54.908792307627401 168.50000000000003 37.360555555555564 33.007936507936513 29.751344086021508 50.58230147833283 3 4 72.041368992139851 19.859605911330053 50.612977016502917 72.281034419218869 97.384226884226891
decision_type=9 9 2 9 2 2 10 10 2 10 2 10 2 10 10 10 2 10 2 10 10 10 10 9 9 10 8 10 8 10
left_child=4 2 3 -2 5 -1 7 9 10 12 -9 22 13 15 -11 19 17 -17 -18 20 21 -4 -8 -24 25 -3 -27 28 29 -28
right_child=1 24 6 -5 -6 -7 11 8 -10 14 -12 -13 -14 -15 -16 16 18 -19 -20 -21 -22 -23 23 -25 -26 26 27 -29 -30 -31
leaf_value=-0.060012068898203069 -0.075781806513794472 0.030377818896486237 0.052556489826868835 0.27527275365083775 -0.42365764192172461 0.33456814250220424 0.2841498435040315 0.064848901510915977 -0.60741214079241601 -0.46581058193777891 -0.29068314319942146 0.25853222412761395 0.27827675022869086 -0.26340406342053119 0.14068890750408172 0.24943755687328806 0.12001896982884591 1.0887025585174561 -0.42634629726409917 -0.24816612055668466 0.47502556968360177 -0.54570877523649308 0.16047246104947502 -0.10397472221607176 -0.0032747795282126397 0.28678113527703974 -0.25430221842558581 -0.46544327734410768 0.010254729935446474 0.20112807158097301
leaf_weight=2311 107 6679 384 225 35 46 60 110 31 43 80 164 98 81 20 57 131 25 30 65 31 21 114 192 82619 69 215 50 584 46
leaf_count=2311 107 6679 384 225 35 46 60 110 31 43 80 164 98 81 20 57 131 25 30 65 31 21 114 192 82619 69 215 50 584 46
internal_value=-0.00136317 9.74905e-05 0.0575369 0.16814 -0.0575045 -0.0523113 0.0367281 0.00451754 -0.15815 0.0409774 -0.0848488 0.110083 0.0624266 0.0367863 -0.273271 0.0694683 0.182583 0.505311 0.0182118 0.0146044 0.0537789 0.0215353 0.0435647 -0.00360885 -0.00122537 0.0209035 -0.0445214 -0.0700631 -0.0466678 -0.174035
internal_weight=94723 92331 2069 332 2392 2357 1737 1207 221 986 190 530 923 825 63 744 243 82 161 501 436 405 366 306 90262 7643 964 895 845 261
internal_count=94723 92331 2069 332 2392 2357 1737 1207 221 986 190 530 923 825 63 744 243 82 161 501 436 405 366 306 90262 7643 964 895 845 261
cat_boundaries=0 9 19 29 38 48
cat_threshold=613421584 270598144 35659792 131584 16842880 2629642 2684354882 2147485696 8 1073913888 1074266112 1209008128 16777216 8195 1073807364 17301504 2622480 2826979520 4 131104 0 1048576 0 8192 0 524288 1040 536870976 4 0 0 0 0 8192 0 524288 524288 16384 16796736 29364736 67592 272448 1212678688 67115008 0 4194816 1536 10
is_linear=0
shrinkage=0.05


Tree=209
num_leaves=31
num_cat=3
split_feature=4 7 2 6 5 0 6 1 2 6 0 2 5 5 2 6 2 0 10 3 7 6 10 5 7 2 3 4 11 1
split_gain=1264.75 3084.15 3621.71 2011.81 2694.8 4803.35 4025.2 2593.4 2593.6 4766.58 2839.02 3325.79 3643.95 2967.83 2581.29 3416.12 2548.63 2488.74 4144.85 3500.05 3040.33 5232.32 3399.24 3743.97 2747.93 2567.86 3486.02 2482.17 3121.95 6524.11
threshold=1410.5000000000002 50.778660259946982 29.035208894878711 22.500000000000004 60.530174963879311 63.878295706173127 32.500000000000007 3.5000000000000004 42.408249158249163 4.5000000000000009 46.70262797415625 19.504385964912284 77.948394479780816 60.29076868876944 16.006250000000005 25.500000000000004 14.668238993710693 40.140877754056731 0 42.810839667185839 50.09954459517548 6.5000000000000009 1 38.910193725846177 50.183838393553827 22.502577319587633 58.44577951186475 6002.5000000000009 2 52.500000000000007
decision_type=2 10 8 2 10 8 2 2 10 2 10 10 10 10 10 2 10 8 9 10 10 2 9 8 10 8 10 2 1 2
left_child=-1 3 -3 7 5 6 14 17 9 -9 16 12 13 -12 15 -5 -11 20 19 -19 21 -2 23 -22 25 -20 -27 28 -13 -30
right_child=1 2 -4 4 -6 -7 -8 8 -10 10 11 27 -14 -15 -16 -17 -18 18 24 -21 22 -23 -24 -25 -26 26 -28 -29 29 -31
leaf_value=0.0032774715427112697 -0.0365941672370984 0.77344167387043994 -0.10205802406583514 0.013622325100004674 0.056230727805024139 -0.15821176988557284 -0.037716694765637285 -0.010140476521027238 -0.0035963217208265959 -0.15871997880603886 -0.41601825575783569 -0.10638872939288702 -0.85205537183926661 -0.047703178873104331 0.075684876807555659 0.69147566426091078 -0.0013193648820409715 0.15195634716043349 -0.67100728920527875 -0.40875932234697621 -0.099015423784754725 0.9324956999222439 -0.019947832017801832 0.41606154544131152 0.084124884454526289 -0.46035266798969943 0.12617506290736952 0.030233697596693712 -1.182553764184316 -0.15858221498628458
leaf_weight=70743 26 27 21 34 2363 492 1328 5142 8511 320 106 1713 26 113 707 41 1310 38 21 104 49 30 279 126 677 38 76 321 21 60
leaf_count=70743 26 27 21 34 2363 492 1328 5142 8511 320 106 1713 26 113 707 41 1310 38 21 104 49 30 279 126 677 38 76 321 21 60
internal_value=-9.36245e-05 -0.00998091 0.390411 -0.0107793 0.0175767 -0.0175269 0.0152773 -0.0181477 -0.023454 -0.0419613 -0.0829694 -0.118021 -0.292416 -0.225974 0.105272 0.384182 -0.0322201 0.0458 -0.00186513 -0.241688 0.134962 0.482561 0.0920861 0.257146 0.0425271 -0.162928 -0.0693342 -0.0978191 -0.120732 -0.424056
internal_weight=94863 24120 48 24072 4965 2602 2110 19107 17643 9132 3990 2360 245 219 782 75 1630 1464 954 142 510 56 454 175 812 135 114 2115 1794 81
internal_count=94863 24120 48 24072 4965 2602 2110 19107 17643 9132 3990 2360 245 219 782 75 1630 1464 954 142 510 56 454 175 812 135 114 2115 1794 81
cat_boundaries=0 1 2 3
cat_threshold=96 24 2
is_linear=0
shrinkage=0.05


Tree=210
num_leaves=31
num_cat=4
split_feature=9 1 9 3 1 2 1 4 6 4 5 9 0 2 3 7 9 0 7 5 4 3 1 2 4 0 2 7 0 6
split_gain=4394.23 3683.42 3196.1 2907.13 3386.75 2732.11 2878.97 2608.2 2770.46 2530.2 2543.81 2202.95 2123.26 2097.88 3768.45 4034.91 2387.84 3516.91 3328.46 2868.19 2650.28 3153.19 2469.13 2428.5 2171.21 2311.87 2102.25 4162.24 3093.05 2107.33
threshold=0 5.5000000000000009 1 20.502448860105044 13.500000000000002 49.00847457627119 4.5000000000000009 4.5000000000000009 2.5000000000000004 1587.5000000000002 75.605482776278379 2 17.021531896243555 22.968629343629349 63.005929818592953 50.103938899590446 3 26.490902874497305 50.275624279421415 33.754816235123315 344.50000000000006 60.681020396566915 10.500000000000002 13.503164556962027 1310.5000000000002 26.068114313825394 23.287087912087916 50.308504854024356 34.724070178262771 38.500000000000007
decision_type=9 2 9 10 2 8 2 2 2 2 10 9 10 10 10 10 9 8 10 10 2 10 2 8 2 10 10 10 10 2
left_child=1 5 3 4 7 9 -7 -2 12 10 -1 13 -9 14 15 -4 17 22 23 -20 21 -18 24 -19 25 -17 27 -15 -29 -28
right_child=2 -3 11 -5 -6 6 -8 8 -10 -11 -12 -13 -14 26 -16 16 20 18 19 -21 -22 -23 -24 -25 -26 -27 29 28 -30 -31
leaf_value=-0.027885325987609667 0.043874127116609131 -0.012665397168315926 0.089616422272136578 0.039623329307097971 -0.34898649841547014 -0.18196493573361916 -0.70238726362586024 1.087422574222088 0.22732493592345199 -0.4667436706053244 -0.59947303295135501 0.0013744835053935975 0.40544414082098579 0.87090979814529423 -0.27688460580221463 -0.015700408513680094 0.006580907251420097 0.4103267987951254 -0.13719703036935998 -0.35973109221922428 -0.21690770472128562 0.43439951380093894 -0.13759779868962463 -0.033176392727575547 0.27149731317597831 0.51938441026778459 -0.0026302890611812741 0.55493357387286701 -0.15230560583563954 -0.20490122869836563
leaf_weight=728 47 1745 519 2820 20 522 28 25 46 37 20 79037 21 20 176 521 1004 39 1089 167 127 45 272 148 89 21 5258 22 52 132
leaf_count=728 47 1745 519 2820 20 522 28 25 46 37 20 79037 21 20 176 521 1004 39 1089 167 127 45 272 148 89 21 5258 22 52 132
internal_value=-0.00164981 -0.0602955 0.000326148 0.05118 0.259366 -0.123005 -0.208459 0.346899 0.501705 -0.0631331 -0.0431684 -0.00138663 0.776085 -0.0238605 -0.0504005 -0.0405363 -0.0597156 -0.0886784 -0.137484 -0.166786 -0.00117375 0.0249335 -0.011668 0.0593189 0.0426156 0.00503166 -0.00349566 0.230924 0.0579547 -0.00758386
internal_weight=94797 3080 91717 2979 159 1335 550 139 92 785 748 88738 46 9701 4217 4041 3522 2346 1443 1256 1176 1049 903 187 631 542 5484 94 74 5390
internal_count=94797 3080 91717 2979 159 1335 550 139 92 785 748 88738 46 9701 4217 4041 3522 2346 1443 1256 1176 1049 903 187 631 542 5484 94 74 5390
cat_boundaries=0 9 18 28 37
cat_threshold=688 69276672 134219800 2048 134283273 1073741826 1342177346 271082496 2176 2147557376 134750208 1392640512 3103784960 16916482 2147565568 2701262848 0 2151678216 0 1073743872 2101376 4457057 268435460 69208065 99377 4198658 542208 16 0 1073741824 0 4194336 0 2099201 32817 4096 524288
is_linear=0
shrinkage=0.05


Tree=211
num_leaves=31
num_cat=3
split_feature=7 7 2 3 0 10 10 6 5 3 0 4 5 0 2 5 3 4 3 3 7 2 2 6 4 7 0 0 5 10
split_gain=1141.15 2547.37 3211.75 1635.12 1519.2 1484.58 1444.44 2440.49 2581.13 2058.89 2306.07 2972.28 3422.89 3801.54 3181.51 2779.32 2695.66 2432.9 2069.83 5928.78 3002.81 2629.92 2299.84 3202.67 2174.13 2671.69 2108.76 2020.98 2390.48 2931.48
threshold=50.08646451795078 49.529928891491899 25.002145922746784 28.819017488029417 70.011616754003299 0 1 132.50000000000003 38.261427881039147 43.192914572748684 57.69216164445983 95.500000000000014 38.910193725846177 44.968849813500348 73.123106060606077 28.353418544293351 50.976425168389056 188.50000000000003 53.440350687862164 56.988748577203168 50.435702750472508 84.262013729977127 54.371966019417478 46.500000000000007 2376.5000000000005 50.423208808525892 50.721663217001058 4.4405176701480249 54.706810568152108 2
decision_type=8 10 8 10 10 9 9 2 10 10 8 2 10 10 10 8 10 2 8 10 10 10 10 2 2 10 10 10 10 9
left_child=1 2 3 -1 5 -4 7 9 -9 -2 11 16 14 17 -13 -12 -11 -14 20 -20 22 24 23 26 25 -21 -15 28 -8 -30
right_child=6 -3 4 -5 -6 -7 27 8 -10 10 15 12 13 18 -16 -17 -18 -19 19 21 -22 -23 -24 -25 -26 -27 -28 -29 29 -31
leaf_value=0.034876982313467239 0.064665316322067207 -0.037048276801685091 -0.0042830671950302443 0.31755787258392532 -0.1283841031137854 0.11291094963867845 -0.042080417018633604 0.56024106428390597 -0.069345744561266021 -0.043998061982378114 0.31226693280996426 -0.053508751827817613 0.68250408183783295 0.096516081999088163 -0.22447312876291867 0.013230969178159614 0.17745057495231642 0.11800181465112031 -0.42560829112552245 -0.22425103940008509 -0.092946105543146973 0.31748129146603438 -0.23439932328004104 -0.094791607541400341 0.11644319809923237 0.0043131565855395416 0.38082107184517305 0.00012492360024730746 0.1501381370509095 -0.099301731477627608
leaf_weight=82 1639 5273 1126 136 184 346 5031 41 27 236 78 2336 20 116 308 20323 329 418 106 236 247 52 39 86 149 279 149 54947 352 168
leaf_count=82 1639 5273 1126 136 184 346 5031 41 27 236 78 2336 20 116 308 20323 329 418 106 236 247 52 39 86 149 279 149 54947 352 168
internal_value=-4.09457e-05 -0.0192528 0.0308196 0.211228 0.00707008 0.0240019 0.00152449 0.0110889 0.310258 0.0103436 0.00685301 -0.0231982 -0.0366544 0.0145948 -0.0734244 0.0143743 0.0849517 0.143778 -0.0241867 -0.0766123 0.0434645 -0.0249453 0.129858 0.170331 -0.0517618 -0.100427 0.256371 -0.00277927 -0.0315317 0.0705275
internal_weight=94859 7147 1874 218 1656 1472 87712 27214 68 27146 25507 5106 4541 1897 2644 20401 565 438 1459 822 637 716 390 351 664 515 265 60498 5551 520
internal_count=94859 7147 1874 218 1656 1472 87712 27214 68 27146 25507 5106 4541 1897 2644 20401 565 438 1459 822 637 716 390 351 664 515 265 60498 5551 520
cat_boundaries=0 1 2 3
cat_threshold=56 6 24
is_linear=0
shrinkage=0.05


Tree=212
num_leaves=31
num_cat=4
split_feature=9 9 9 7 1 4 4 5 3 0 4 7 3 3 3 0 9 5 1 1 5 2 1 0 2 0 5 2 2 5
split_gain=4529.64 2640.08 2084.53 1642.07 1631.72 1581.45 2375.96 2064.35 2181.77 2049.53 3028.99 2188.14 2150.95 2987.85 1766.85 1760.02 1556.72 2458.21 4610.19 3646.68 2746.15 3034.26 4930.17 2645.61 2510.73 3414.91 2484.5 2406.09 3540.43 3457.8
threshold=0 1 2 51.634196594811101 30.500000000000004 20.500000000000004 23.500000000000004 72.041368992139851 49.848433795382142 5.7784279972209811 127.50000000000001 50.578125997039535 60.231792873149494 59.652115994052345 61.082278044903248 27.782181643278459 3 49.63410213461372 118.50000000000001 99.500000000000014 51.731402645694637 59.065044949762033 53.500000000000007 51.389293459458095 19.336879432624116 50.091200911579669 52.886521176945493 40.294427244582053 31.637626262626267 46.731955824456698
decision_type=9 9 9 8 2 2 2 8 8 10 2 10 10 10 10 8 9 10 2 2 10 8 2 8 8 10 10 8 10 10
left_child=3 4 -3 5 -2 7 15 8 -1 10 11 -8 13 -11 -14 -7 17 18 19 27 24 22 -22 -23 -19 -26 -25 28 29 -4
right_child=1 2 16 -5 -6 6 9 -9 -10 12 -12 -13 14 -15 -16 -17 -18 20 -20 -21 21 23 -24 26 25 -27 -28 -29 -30 -31
leaf_value=-0.19540745329398376 0.040543721910040055 -0.022556892002426207 0.012912855268470073 0.27016906189067025 0.19874904681443953 -0.070262798046072328 0.4031458312074343 -0.092555513382698837 -0.65077062968064003 -0.076763670072452925 -0.23614819174589116 -0.1217765991334562 -0.71259646862745285 0.45441324578391185 -0.1899199636133968 0.48566064350839178 0.0011725073841558041 0.59015015297784257 0.52158160653225216 -0.47981440654167767 0.033477788358795807 0.66271423725854783 -0.20174263743406973 -0.37761016101748857 -0.18270293230673784 0.2999834006227422 0.10729118677362215 -0.027034211896549983 0.11147928706046316 -0.30727592422518624
leaf_weight=91 2815 7968 4315 35 173 24 75 352 37 1359 43 27 22 27 61 35 68427 39 43 39 2560 21 244 27 54 114 1222 3582 986 86
leaf_count=91 2815 7968 4315 35 173 24 75 352 37 1359 43 27 22 27 61 35 68427 39 43 39 2560 21 244 27 54 114 1222 3582 986 86
internal_value=0.00170018 0.00338146 0.00183906 -0.0692419 0.0495377 -0.0750811 -0.0521276 -0.155084 -0.327036 -0.06352 0.115818 0.264196 -0.0812219 -0.0664161 -0.328461 0.259522 0.00421909 0.0198432 0.00509231 0.00262683 0.0510762 0.0420494 0.0130092 0.106166 0.228734 0.144834 0.0968089 0.00472464 0.0258422 0.00665604
internal_weight=94903 92715 89727 2188 2988 2153 1673 480 128 1614 145 102 1469 1386 83 59 81759 13332 9051 9008 4281 4074 2804 1270 207 168 1249 8969 5387 4401
internal_count=94903 92715 89727 2188 2988 2153 1673 480 128 1614 145 102 1469 1386 83 59 81759 13332 9051 9008 4281 4074 2804 1270 207 168 1249 8969 5387 4401
cat_boundaries=0 10 19 28 37
cat_threshold=268439556 405340160 269484032 4198400 1073742336 550912 1879310594 4195333 671088640 4 69337176 5120 150995608 0 19070978 2162688 52559872 268960256 4458752 17039392 33563180 532736 2170880 1056900 1291845642 8421376 67108866 1120 676367488 16809984 539035648 2164523380 2147488768 301989888 589824 8192 16793600
is_linear=0
shrinkage=0.05


Tree=213
num_leaves=31
num_cat=1
split_feature=11 3 3 2 2 4 6 3 2 3 1 6 4 6 6 0 1 4 4 0 7 3 3 1 2 1 3 0 6 1
split_gain=1101.89 1764.64 2605.56 2528.74 2313.27 2128.51 2107.93 2625.62 3646.87 2774.2 2301.71 2152.35 2104.28 2054.74 3172.48 2073.53 1744.16 2510.76 2097.27 1739.6 2222.07 3467.77 1906.79 2933.69 2923.31 2260.75 2202.1 2182.9 1883.21 1529.66
threshold=0 63.005929818592953 61.625628524680799 58.463463005339442 89.533936651583716 2429.5000000000005 3.5000000000000004 60.681020396566915 35.336309523809533 59.73872688199252 463.50000000000006 14.500000000000002 5166.5000000000009 32.500000000000007 36.500000000000007 66.635617484301534 6.5000000000000009 1567.5000000000002 6626.5000000000009 62.852618218946795 50.328057860609896 67.987390188917189 64.990724522491078 9.5000000000000018 18.00746268656717 27.500000000000004 66.580065870254387 56.079481474605821 4.5000000000000009 66.500000000000014
decision_type=1 10 8 10 10 2 2 10 10 10 2 2 2 2 2 8 2 2 2 10 10 10 10 2 10 2 10 8 2 2
left_child=-1 2 6 13 5 -4 12 9 -9 10 16 -10 -2 19 -15 -16 17 -8 29 22 21 -21 23 24 -3 26 27 -24 -23 -18
right_child=1 3 4 -5 -6 -7 7 8 11 -11 -12 -13 -14 14 15 -17 18 -19 -20 20 -22 28 25 -25 -26 -27 -28 -29 -30 -31
leaf_value=0.0017827664771169515 -0.026753251888650038 -0.0036365245069776269 0.10691205815803329 0.00031026615552249886 -0.12017157975960216 0.51483191356939428 0.11230388279641745 -0.72311576100496155 -0.32428768557660725 0.40627266565021486 -0.18668612294461367 0.21998429256371962 0.37356339611790401 -0.83497383665470848 0.15027200960450704 -0.2946923170180526 -0.023600436220375259 0.59154865145683289 0.34104972598599459 0.33825592683709188 -0.078409341589689721 0.046664449515688516 0.37279064787480121 -0.028511635020927146 -0.69372994842236502 -0.47575977834708549 -0.13072414994908022 -0.12576678191360677 -0.35312828947054714 0.098166293440692096
leaf_weight=82977 6274 21 538 1493 109 34 307 26 34 53 106 39 33 21 36 96 841 30 51 92 741 131 52 54 57 34 223 38 38 372
leaf_count=82977 6274 21 538 1493 109 34 307 26 34 53 106 39 33 21 36 96 841 30 51 92 741 131 52 54 57 34 223 38 38 372
internal_value=-0.00026335 -0.0144425 -0.00303092 -0.0467283 0.0909314 0.131159 -0.0108669 0.0359244 -0.21462 0.0500176 0.0389563 -0.0335122 -0.0246587 -0.0897079 -0.264151 -0.173338 0.0538958 0.154967 0.0269489 -0.0716864 -0.0342192 0.0912403 -0.150063 -0.311808 -0.507936 -0.0885341 -0.0464713 0.162289 -0.0432298 0.0137427
internal_weight=94951 11974 8847 3127 681 572 8166 1859 99 1760 1707 73 6307 1634 153 132 1601 337 1264 1481 1002 261 479 132 78 347 313 90 169 1213
internal_count=94951 11974 8847 3127 681 572 8166 1859 99 1760 1707 73 6307 1634 153 132 1601 337 1264 1481 1002 261 479 132 78 347 313 90 169 1213
cat_boundaries=0 1
cat_threshold=2
is_linear=0
shrinkage=0.05


Tree=214
num_leaves=31
num_cat=0
split_feature=6 7 3 5 1 4 6 5 6 5 5 5 1 4 5 5 6 1 1 1 0 5 5 1 5 6 7 1 0 0
split_gain=1242.62 3982.65 2028.06 1050.69 1029.5 1595.62 3160.38 3075.13 1896.74 1708.63 1969.3 1881.33 1545.38 1412.63 2197.82 2253.08 2374.92 1952.11 1666.15 1543.96 2255.54 1339.48 1291.32 1138.46 2836.65 1809.45 1794.84 1127.85 1126.23 1125.29
threshold=142.50000000000003 50.402620083950445 32.030149806861978 97.274844523952183 2112.5000000000005 7042.5000000000009 2.5000000000000004 46.095420523682158 23.500000000000004 50.794809982490342 50.094840099625138 48.366874422055268 27.500000000000004 6626.5000000000009 73.758703022164269 53.371537626670246 25.500000000000004 17.500000000000004 72.500000000000014 35.500000000000007 51.061996992077319 53.127671384922984 49.393396017266348 137.50000000000003 58.22900780554064 17.500000000000004 50.172541835169888 114.50000000000001 52.972753869873884 63.480483877733398
decision_type=2 10 10 10 2 2 2 10 2 10 10 10 2 2 10 8 2 2 2 2 10 10 10 2 10 2 10 2 10 10
left_child=3 2 -2 4 5 13 -7 8 -8 10 11 -9 -10 -1 15 17 -17 -15 -18 20 -19 -11 29 24 -23 -26 -25 -24 -27 -21
right_child=1 -3 -4 -5 -6 6 7 9 12 21 -12 -13 -14 14 -16 16 18 19 -20 22 -22 23 27 26 25 28 -28 -29 -30 -31
leaf_value=-0.0010278404928049736 -0.23357670060782271 0.80010932654142375 0.1854575855391366 0.11896759459728397 -0.12606833004590237 -0.43109447990677191 0.26486860451598965 0.47713534077629449 0.11643820960413327 -0.096156643304908487 0.79430752098560342 -0.047737905959929189 -0.37457404399322253 -0.27893478593999343 0.28620385110378266 -0.40372992167719685 -0.42719690044378417 0.50259434042705431 -0.0045428230325464444 -0.12824025610616194 -0.15965730130672456 0.64165807108621342 0.38306502262130382 -0.18591949474876343 -0.28272666902769183 -0.014524721945154258 0.23073196779873412 -0.024901065271761683 0.37177704843106096 0.22353265285491944
leaf_weight=93211 44 20 84 182 165 28 24 38 22 57 21 31 59 62 40 99 29 36 119 181 20 37 32 46 21 29 59 36 54 26
leaf_count=93211 44 20 84 182 165 28 24 38 22 57 21 31 59 62 40 99 29 36 119 181 20 37 32 46 21 29 59 36 54 26
internal_value=-0.000826193 0.143941 0.0414145 -0.00105229 -0.00128324 -0.00106516 0.0857766 0.114838 -0.125537 0.17906 0.370353 0.241323 -0.241213 -0.00155167 -0.0733561 -0.0958285 -0.214164 -0.0214547 -0.0873602 0.0267742 0.266076 0.12224 -0.0219563 0.172844 0.265665 0.131899 0.0481989 0.167083 0.236804 -0.0840562
internal_weight=94912 148 128 94764 94582 94417 526 498 105 393 90 69 81 93891 680 640 247 393 148 331 56 303 275 246 141 104 105 68 83 207
internal_count=94912 148 128 94764 94582 94417 526 498 105 393 90 69 81 93891 680 640 247 393 148 331 56 303 275 246 141 104 105 68 83 207
is_linear=0
shrinkage=0.05


Tree=215
num_leaves=31
num_cat=5
split_feature=6 1 0 0 2 3 6 4 2 0 1 10 2 10 1 3 0 2 0 1 5 10 6 10 11 4 5 6 3 5
split_gain=1442.07 2949.08 2505.56 2329.19 3195.78 3052.46 2294.66 1754.96 1759.55 2785.64 2424.88 2289.96 2474.1 2131.65 4046.24 3369.69 2119.56 2721.47 1846.7 2693.09 4859.61 2604.04 3001.4 1831.18 1808.73 2159.73 1713.01 1690.9 6665.89 2827.31
threshold=22.500000000000004 2.5000000000000004 60.317955901339168 67.395358880671992 30.738612836438929 44.399551162202698 42.500000000000007 471.50000000000006 41.35973084886129 36.873595371300162 12.500000000000002 0 40.778632478632481 1 10.500000000000002 51.658696014795517 78.575091204176417 34.752358490566046 67.395358880671992 28.500000000000004 56.877687956548279 2 11.500000000000002 3 4 3540.5000000000005 49.168309795108222 13.500000000000002 58.513268400965934 59.140379541574205
decision_type=2 2 10 10 10 10 2 2 8 8 2 9 10 9 2 10 10 10 10 2 8 9 2 9 1 2 10 2 10 10
left_child=7 -2 -3 4 26 -6 -7 -1 11 10 23 16 27 14 15 -11 18 -18 21 20 -20 -9 -23 -10 25 -14 -4 -13 -29 -30
right_child=1 2 3 -5 5 6 -8 8 9 13 -12 12 24 -15 -16 -17 17 -19 19 -21 -22 22 -24 -25 -26 -27 -28 28 29 -31
leaf_value=0.0030482091854610763 -0.092040376874627516 -0.0024040080530046098 -0.085169138588632148 0.020298153666737654 0.57668800983164048 0.1064727734151473 -0.030640289298861596 0.0075026692653248003 0.024936391031305634 0.036730686837073527 -0.19979303602033263 -0.024163355106501978 -0.019307079775872069 0.005540011939919421 0.51350894880294795 -0.25089064968357744 -0.25375904208149319 0.039908875329216033 -0.74975355052948001 0.089038632862929637 -0.019142639512328183 -0.085451041013296675 0.062334569293767385 -0.18724103806806464 -0.54440962751706445 -0.30912943128670489 0.22859613084101826 0.018045856743648076 -0.27674317410189547 -0.086548492990687731
leaf_weight=39044 602 4966 48 2744 27 622 599 6937 427 165 313 12114 161 19692 25 266 186 137 25 1118 254 1709 430 123 30 107 464 857 400 382
leaf_count=39044 602 4966 48 2744 27 622 599 6937 427 165 313 12114 161 19692 25 266 186 137 25 1118 254 1709 430 123 30 107 464 857 400 382
internal_value=-0.00262041 0.0152676 0.0220891 0.0490945 0.0939907 0.0508358 0.0392076 -0.00474247 -0.0113755 -0.000724877 -0.0886919 -0.0203819 -0.0336765 0.00304302 -0.102658 -0.14078 -0.00304493 -0.1292 0.000842949 0.0543587 -0.0846096 -0.00739433 -0.0554825 -0.0254652 -0.176233 -0.13502 0.199181 -0.0306121 -0.0782755 -0.183835
internal_weight=94974 10072 9470 4504 1760 1248 1221 84902 45858 21011 863 24847 14051 20148 456 431 10796 323 10473 1397 279 9076 2139 550 298 268 512 13753 1639 782
internal_count=94974 10072 9470 4504 1760 1248 1221 84902 45858 21011 863 24847 14051 20148 456 431 10796 323 10473 1397 279 9076 2139 550 298 268 512 13753 1639 782
cat_boundaries=0 1 2 3 4 5
cat_threshold=38 96 36 24 2
is_linear=0
shrinkage=0.05


Tree=216
num_leaves=31
num_cat=6
split_feature=9 3 9 9 1 2 9 4 6 0 1 9 2 9 1 1 5 2 6 3 5 0 0 2 4 5 6 0 4 5
split_gain=3942.61 3331.29 2981.23 2029.95 2989.76 3235.4 3186.62 3691.29 2340.51 2275.51 2036.4 2448.64 2640.82 2041.72 2228.31 2369.18 3143.9 2394.47 1975.63 4394.28 1837.04 2256.82 3114.8 2432.51 1773.11 2792.88 1744.4 3550.78 1704.17 1749.92
threshold=0 64.674564579882954 1 2 10.500000000000002 16.751068376068378 3 1137.5000000000002 7.5000000000000009 36.873595371300162 1.5000000000000002 4 32.693979933110377 5 5.5000000000000009 3.5000000000000004 45.795608963871182 14.501851851851853 12.500000000000002 33.700989734582699 76.771783523336197 64.9436005445029 55.221228141234988 84.262013729977127 168.50000000000003 9.1409835344265407 28.500000000000004 75.105313457807952 414.50000000000006 83.632865569122529
decision_type=9 10 9 9 2 10 9 2 2 8 2 9 10 9 2 2 10 10 2 10 8 10 10 10 2 10 2 10 2 10
left_child=1 28 26 4 9 8 18 -8 -6 10 11 -4 -13 14 15 16 -12 -17 19 -7 -21 22 -22 -24 25 -19 -2 -28 29 -1
right_child=2 -3 3 -5 5 6 7 -9 -10 -11 13 12 -14 -15 -16 17 -18 24 -20 20 21 -23 23 -25 -26 -27 27 -29 -30 -31
leaf_value=-0.042734357646551341 0.064984940264143531 -0.32581356988588639 -0.045903703372212168 0.00023493047293876758 -0.40361528463057567 0.735577026734481 -0.017324351090745826 0.25881541958078741 0.08791949037048552 -0.078067388064606003 -0.059660247632010437 0.17785184283796421 0.78088812890152148 -0.076034213480725657 -0.099572707893436446 -0.085240831851959242 0.61238309621810916 0.35539426803588869 -0.11676081212199466 0.45073493691377858 0.1292185272682797 0.32020961071054144 -0.7474579350514845 0.014438241794705393 0.11225200839664624 1.1041874262690545 -0.19177929679974026 0.29584318054063868 -0.37393423273432547 -0.50179613615785335
leaf_weight=1812 2378 121 131 83808 74 37 1455 132 36 2895 134 134 21 796 136 25 20 33 49 43 99 72 22 20 23 20 168 48 41 21
leaf_count=1812 2378 121 131 83808 74 37 1455 132 36 2895 134 134 21 796 136 25 20 33 49 43 99 72 22 20 23 20 168 48 41 21
internal_value=-0.00181694 -0.0711856 -0.000318102 -0.00184031 -0.0289439 0.0210021 0.0360424 0.00560846 -0.242749 -0.0523252 -0.00173209 0.118036 0.243823 -0.0305895 0.0622789 0.151042 0.0276181 0.339233 0.172071 0.226247 0.152633 0.0924527 -0.0238488 -0.38465 0.478863 0.637958 0.0524254 -0.0834187 -0.0551247 -0.0479937
internal_weight=94804 1995 92809 90215 6407 2039 1929 1587 110 4368 1473 286 155 1187 391 255 154 101 342 293 256 213 141 42 76 53 2594 216 1874 1833
internal_count=94804 1995 92809 90215 6407 2039 1929 1587 110 4368 1473 286 155 1187 391 255 154 101 342 293 256 213 141 42 76 53 2594 216 1874 1833
cat_boundaries=0 10 20 30 39 49 59
cat_threshold=2130064 2228736 134349312 2147485952 200705 1140850688 604110848 2216755713 67108866 4 587341920 1275133984 1048576 554831873 522 0 16777218 1024 540808 16 526336 2148007948 4112 138412544 1091043332 2181627904 2181038084 810024960 16777476 11 0 0 16 0 524288 33554432 0 536870912 16777216 524288 2147483648 0 4194304 0 33554432 0 0 16777220 8 526336 0 0 4194816 1074266112 0 0 268435456 4 9
is_linear=0
shrinkage=0.05


Tree=217
num_leaves=31
num_cat=2
split_feature=0 5 4 5 3 0 6 2 3 0 4 11 5 1 0 6 10 0 3 2 2 0 2 0 1 3 4 2 2 3
split_gain=949.278 1133.57 2729.13 971.039 2480.81 2540.89 1287.07 915.641 902.115 2593.98 3312.13 3309.34 2669.84 3673.74 2660.45 2336.53 3515.76 3752.26 3026.58 2786.95 2431.88 2424.12 2008.07 1835.84 4294.98 2547.68 2390.75 2273.85 2181.14 1803.73
threshold=4.4405176701480249 37.157473267602846 567.50000000000011 5.3847030133241081 51.710485220762301 40.491958579579268 8.5000000000000018 25.62080234392608 29.189999574858991 49.7392168426369 1111.5000000000002 0 24.240822422786362 22.500000000000004 25.22762368467686 14.500000000000002 1 41.690153324276217 28.312121519385261 29.751344086021508 22.004672897196265 31.882308941364528 22.502577319587633 61.100647318425978 9.5000000000000018 20.502448860105044 276.50000000000006 44.548589341692796 38.745579862151637 22.497148946981202
decision_type=8 10 2 8 10 10 2 10 8 10 2 1 10 2 10 2 9 8 10 8 10 10 10 10 2 10 2 10 10 10
left_child=1 -1 -3 4 5 6 7 -2 9 12 11 23 13 -5 -15 18 17 22 -14 20 21 -20 -17 25 26 -11 -25 -27 -28 -16
right_child=3 2 -4 8 -6 -7 -8 -9 -10 10 -12 -13 15 14 29 16 -18 -19 19 -21 -22 -23 -24 24 -26 27 28 -29 -30 -31
leaf_value=-0.057932744010167882 0.0073852211678687761 0.62076089155106318 -0.12242433389027914 0.022255685847561255 0.44737381599843506 -0.61126578198302361 -0.16570180373150528 -0.18091702806713009 -0.00088744119559183536 0.095798410784523447 0.21465281094761865 -0.55463001103477283 0.0041212727105662183 -0.015864674918484058 -0.23718758184360983 0.20251668367315745 0.082214149288866958 -0.11150945256153742 0.06308068302662477 0.63582084677049089 -0.24266468472778799 0.6670960880242861 0.66672806687451702 0.095072686326676537 0.65740657785664436 -0.45399462650530042 -0.74593925759905866 -0.050793199715289207 -0.054727172493934634 -0.066914856552722918
leaf_weight=1024 506 21 30 9374 24 21 193 74 78411 53 69 47 1268 2182 247 34 651 30 46 35 32 26 74 69 23 96 21 55 25 420
leaf_count=1024 506 21 30 9374 24 21 193 74 78411 53 69 47 1268 2182 247 34 651 30 46 35 32 26 74 69 23 96 21 55 25 420
internal_value=0.000244962 -0.0464743 0.183593 0.00077865 -0.0534609 -0.0685995 -0.0538569 -0.0166395 0.00125425 0.0125423 -0.104605 -0.161234 0.0162633 0.00714379 -0.0425786 0.0670228 0.135896 0.357285 0.0284012 0.24989 0.120009 0.281197 0.520587 -0.107171 0.0336773 -0.20245 -0.0910686 -0.307133 -0.370281 -0.129969
internal_weight=95181 1075 51 94106 818 794 773 580 93288 14877 458 389 14419 12223 2849 2196 789 138 1407 139 104 72 108 342 138 204 115 151 46 667
internal_count=95181 1075 51 94106 818 794 773 580 93288 14877 458 389 14419 12223 2849 2196 789 138 1407 139 104 72 108 342 138 204 115 151 46 667
cat_boundaries=0 1 2
cat_threshold=2 8
is_linear=0
shrinkage=0.05


Tree=218
num_leaves=31
num_cat=5
split_feature=9 9 5 2 5 7 1 9 6 5 2 0 7 9 2 6 2 2 4 2 5 5 7 10 0 5 0 7 5 5
split_gain=3202.71 2985.93 3099.14 2280.33 2651.09 2675.57 2163.81 2126.6 4412.19 3007.09 3078.59 2542.79 3279.82 2259.84 2109.91 2937.92 2435.03 2388.33 2588.46 2103.74 2035.07 1981.79 3479.39 1941.98 2921.36 1853.41 3067.01 2186.12 2053.16 2197.17
threshold=0 1 89.653789790195233 16.006250000000005 72.871202340432021 50.319155284902529 6.5000000000000009 2 23.500000000000004 91.306307704547905 15.005747126436782 44.968849813500348 50.945125034222762 3 20.688061377245514 49.500000000000007 29.334770114942533 20.003906250000004 680.50000000000011 13.007352941176473 66.937396103183801 36.061542677607562 50.126399808238837 4 62.588027939981053 43.908118470675966 54.591079007991091 50.354903231339854 60.036116010024735 52.663592111392823
decision_type=9 9 10 8 10 10 2 9 2 10 10 10 10 9 8 2 8 10 2 10 10 10 10 9 8 8 10 10 8 10
left_child=19 2 3 4 5 -2 -7 8 9 10 11 13 -13 20 15 17 -16 18 21 23 -3 -5 -23 24 -1 26 -18 -28 29 -27
right_child=1 7 -4 14 -6 6 -8 -9 -10 -11 -12 12 -14 -15 16 -17 25 -19 -20 -21 -22 22 -24 -25 -26 28 27 -29 -30 -31
leaf_value=0.13555146564136852 -0.053930283403849304 -0.0095172042903719101 0.42537887967982385 -0.092848420517649466 0.67614083899693056 0.15354397488923255 0.58061263153724596 0.0034372558694371865 -0.17028192318683671 -0.43601085864717054 0.0048379007659335553 -0.41414417643388063 0.28906938254833225 -0.10958744260534291 0.12976486573233448 0.36486655927839734 0.010072740390824602 -0.30682543264908924 -0.49619121983133518 -0.032413783197986046 0.43140328007715723 -0.40019234033191903 0.1351334942893089 -0.091224391130626512 -0.51683340905568542 0.017588950010637441 -0.056643372833728792 -0.66188892645610353 0.015126599196445718 0.35330034438708818
leaf_weight=22 158 851 53 368 22 293 33 80250 478 42 6309 97 20 871 674 42 129 90 29 1599 27 34 283 384 78 96 25 37 1437 99
leaf_count=22 158 851 53 368 22 293 33 80250 478 42 6309 97 20 871 674 42 129 90 29 1599 27 34 283 384 78 96 25 37 1437 99
internal_value=0.00139357 0.00277194 0.0455249 0.0404127 0.139333 0.114933 0.196775 0.000891472 -0.0225817 -0.0140171 -0.0118491 -0.0682682 -0.293937 -0.053172 0.0254399 -0.0428031 0.0485611 -0.0640993 -0.0335035 -0.0597721 0.00399634 -0.0139153 0.0777168 -0.151391 -0.339372 0.0185385 -0.12883 -0.417838 0.0357857 0.188027
internal_weight=94930 92847 3902 3849 506 484 326 88945 8695 8217 8175 1866 117 1749 3343 846 2497 804 714 2083 878 685 317 484 100 1823 191 62 1632 195
internal_count=94930 92847 3902 3849 506 484 326 88945 8695 8217 8175 1866 117 1749 3343 846 2497 804 714 2083 878 685 317 484 100 1823 191 62 1632 195
cat_boundaries=0 9 19 29 38 39
cat_threshold=1544 65664 268435968 542246912 18022529 18939904 33554434 6292496 4197386 67244032 402658304 35651584 2298478592 134217742 167774208 553713664 2148007937 2148548736 1 2621444 1082130432 4456464 81920 4096 16396 341884928 67207168 84443968 4 524288 0 262144 65536 4096 16384 274726912 0 16810240 16
is_linear=0
shrinkage=0.05


Tree=219
num_leaves=31
num_cat=8
split_feature=9 9 2 3 9 0 1 2 1 0 9 3 5 4 0 0 5 0 4 3 4 9 9 4 9 0 10 5 5 2
split_gain=3104.89 2695.3 2558.3 2784.16 2357.96 2118.12 3083.82 2021.45 1938.73 5218.08 3705.19 3241.99 3381.1 2678.64 2103.94 2101.54 3449.26 2103.52 1910.72 1799.13 1793.76 4861.74 3673.42 2912.02 5920.3 5869.42 4216.07 3649.08 3495.28 3972.91
threshold=0 1 14.251262626262628 14.79454829274402 2 14.631685409782909 2.5000000000000004 13.340000000000002 5.5000000000000009 44.968849813500348 3 60.98342952966069 60.530174963879311 6.5000000000000009 50.091200911579669 46.138519243588995 42.731020108516802 43.273803542099934 83.500000000000014 53.687731091974904 730.50000000000011 4 5 344.50000000000006 6 11.10153303180403 7 62.958585469510624 53.809336901915465 21.995305164319252
decision_type=9 9 8 10 9 10 2 10 2 8 9 10 10 2 10 10 10 10 2 10 2 9 9 2 9 10 9 10 10 10
left_child=8 2 5 -4 -3 -2 7 -7 9 11 13 12 19 -11 15 17 -17 -10 -8 -1 21 23 -22 -6 25 -25 27 28 -27 -30
right_child=1 4 3 -5 20 6 18 -9 14 10 -12 -13 -14 -15 -16 16 -18 -19 -20 -21 22 -23 -24 24 -26 26 -28 -29 29 -31
leaf_value=-6.288550663478151e-05 0.6215378334296161 -0.02344961084654671 0.37311057801047964 0.028646840356813769 0.012994722902005746 -0.15137605470501714 0.72594699212189384 0.40615177736395885 -0.055963299999720439 0.35012523012283525 -0.24903410421326841 0.55721571202631359 0.48890368342399598 -0.087438459898781989 0.078907478050531568 -0.80293324540058775 0.013930906781128474 0.29319279142048049 0.16559753129258753 -0.28362517761332645 -0.035540755966699242 -0.0011832631367295766 0.0024138409879656941 0.44739128628915009 0.017318122832680107 0.18873480231316719 0.041183612514600412 -0.07042162940201778 1.1342162881578719 0.30422554770889493
leaf_weight=499 29 10054 60 2628 5757 72 29 21 693 39 537 27 33 339 457 24 28 46 32 63 8004 28678 31171 132 3020 818 1239 126 21 46
leaf_count=499 29 10054 60 2628 5757 72 29 21 693 39 537 27 33 339 457 24 28 46 32 63 8004 28678 31171 132 3020 818 1239 126 21 46
internal_value=-0.000694291 0.00088399 0.0484821 0.0363358 -0.000655582 0.229543 0.155725 -0.0254827 -0.05261 -0.0903901 -0.166348 0.0213487 -0.00296797 -0.041203 -0.00650266 -0.0558483 -0.363083 -0.0342296 0.431993 -0.0318501 0.00224748 0.00971855 -0.00534927 0.0377029 0.0641045 0.122834 0.104339 0.179554 0.217173 0.564372
internal_weight=94722 91937 2871 2688 89066 183 154 93 2785 1537 915 622 595 378 1248 791 52 739 61 562 79012 39837 39175 11159 5402 2382 2250 1011 885 67
internal_count=94722 91937 2871 2688 89066 183 154 93 2785 1537 915 622 595 378 1248 791 52 739 61 562 79012 39837 39175 11159 5402 2382 2250 1011 885 67
cat_boundaries=0 10 19 28 36 46 56 65 66
cat_threshold=32896 2150107408 136445960 16777216 285286408 612354 33685568 603979780 536870912 2 1073882176 1207959584 16777728 196640 2756608 268435460 2218787074 525312 2147616776 2216692224 336691328 1052944 832 4194496 8193 805834788 256 81920 0 2147485696 8 0 8192 2 131136 67108864 65536 4456448 2147745793 41951240 134253314 1107296256 1207960192 147456 142614530 37 4259840 262144 2147483648 1073750020 33024 0 142606848 0 16777216 1 0 4194304 2147483648 0 33024 33554432 134217728 131072 8192 82
is_linear=0
shrinkage=0.05


Tree=220
num_leaves=31
num_cat=5
split_feature=9 9 4 0 10 3 7 7 2 3 4 0 3 7 1 5 0 2 2 5 1 0 2 7 9 2 5 3 9 7
split_gain=3567.3 2823.72 2399.16 3511.39 2546.69 3062.42 3090.81 2698.14 2647.85 2281.86 2228.74 1881.95 2361.82 2035.63 1873.99 1848.42 3264.38 1717.17 2537.23 1526.98 1537.79 1908.67 1503.21 3545.14 2834.74 2909.78 2745.58 2179.4 2074.55 2710.21
threshold=0 1 234.50000000000003 68.776604598855627 2 72.936448897430552 50.121402713706864 50.192165292613723 11.980000000000002 65.914694038681475 151.50000000000003 56.575158395017745 59.48440880868781 50.56724030058416 29.500000000000004 75.310952095656816 65.143451441686992 12.584770114942531 13.503164556962027 46.416688465660265 7.5000000000000009 24.857254681626873 28.93440860215054 50.362132564370654 3 92.389239598278351 44.212246929247392 51.219036417343887 4 50.641486606622024
decision_type=9 9 2 10 9 10 10 10 8 10 2 10 10 10 2 10 10 8 8 10 2 10 8 10 9 8 10 10 9 10
left_child=9 2 4 15 5 6 -2 -6 -9 22 14 12 -8 -13 17 16 19 -10 -19 20 -4 -22 28 26 25 -25 -24 -27 29 -1
right_child=1 -3 3 -5 7 -7 11 8 10 -11 -12 13 -14 -15 -16 -17 -18 18 -20 -21 21 -23 23 24 -26 27 -28 -29 -30 -31
leaf_value=0.04856442463495237 0.83932199478149416 0.00055086599236083814 -0.22846542330458763 -0.65036128017430506 -0.088120659221788411 -0.29085255265235904 0.82756886952198472 0.56905985131327597 -0.39231630630791187 -0.34586343169212341 0.27223380521110452 -0.0058438049479462642 0.15989744045116283 0.41147613586349929 -0.28635104191608923 0.35778178839847963 -0.57261983784181736 0.49389567136764523 0.060812484937582449 0.25678221881389618 -0.12206302296031607 0.33186409562826158 -0.055983573693389958 -0.20679262979915647 -0.089587529322976242 -0.2173547212373127 0.15255117856304964 -0.84268693437701792 -0.045127867477444503 0.54013771923879783
leaf_weight=429 24 89402 80 24 262 24 26 28 20 64 131 87 27 44 39 29 28 35 1002 46 55 40 722 165 575 22 202 38 1186 30
leaf_count=429 24 89402 80 24 262 24 26 28 20 64 131 87 27 44 39 29 28 35 1002 46 55 40 722 165 575 22 202 38 1186 30
internal_value=4.0508e-06 0.00188483 0.0597469 -0.070101 0.0825094 0.233859 0.305646 0.0574428 0.088289 -0.0499588 0.0773179 0.236036 0.487434 0.134325 0.0540205 -0.0200066 -0.0640061 0.0665791 0.0754296 0.000433691 -0.0669494 0.0690642 -0.0444859 -0.0771103 -0.154167 -0.301807 -0.0103948 -0.613398 -0.0102946 0.0789729
internal_weight=94886 91453 2051 302 1749 232 208 1517 1255 3433 1227 184 53 131 1096 278 249 1057 1037 221 175 95 3369 1724 800 225 924 60 1645 459
internal_count=94886 91453 2051 302 1749 232 208 1517 1255 3433 1227 184 53 131 1096 278 249 1057 1037 221 175 95 3369 1724 800 225 924 60 1645 459
cat_boundaries=0 9 19 20 29 38
cat_threshold=67113040 285212768 131072 20971552 1207959688 50350084 688134 537427968 541067264 139424 134287360 286261776 131072 2097154 1207967746 289408256 2151678992 8 4 4 16 0 0 32 8 16384 2 0 2048 64 0 0 16777248 0 33570816 2 0 2048
is_linear=0
shrinkage=0.05


Tree=221
num_leaves=31
num_cat=5
split_feature=9 9 4 1 5 9 4 4 1 4 7 5 7 5 4 9 4 7 4 1 4 6 1 7 7 2 10 5 4 4
split_gain=4417.22 2758.15 2621.42 3398.34 2747.8 2278.34 4614.21 2540.82 2047.41 2931.48 1893.54 2945.72 2522.5 2653.55 4225.61 2451.16 1979.94 1802.61 3071.98 2271.46 2172.96 1783.42 4178.59 2555.58 2736.4 2342.68 4445.17 2911.72 2042.75 2038.99
threshold=0 1 218.50000000000003 7.5000000000000009 34.560361764846526 2 543.50000000000011 119.50000000000001 43.500000000000007 264.50000000000006 50.423208808525892 52.18873043827606 50.429107198882384 16.503324899031487 80.500000000000014 3 14.500000000000002 50.612977016502917 44.500000000000007 166.50000000000003 68.500000000000014 8.5000000000000018 334.50000000000006 50.532634354429739 50.557987721372932 29.751344086021508 4 55.893409484484287 288.50000000000006 1007.5000000000001
decision_type=9 9 2 2 10 9 2 2 2 2 10 8 10 8 2 9 2 10 2 2 2 2 2 10 10 10 9 10 2 2
left_child=2 17 10 -4 8 6 7 -3 9 -5 11 16 -12 14 -14 -15 -1 21 -19 20 -20 22 -2 25 -25 26 27 -23 -26 -28
right_child=1 5 3 4 -6 -7 -8 -9 -10 -11 12 -13 13 15 -16 -17 -18 18 19 -21 -22 23 -24 24 28 -27 29 -29 -30 -31
leaf_value=-0.39154163294782246 0.0021792535508185968 0.072825624403097727 0.46516559893886256 -0.16835916218432515 0.24592142415718296 0.0019168047263215711 0.64643245558254425 -0.039405524173414364 -0.43321723932536638 0.50989363087075101 0.43054320445018157 -0.19948223508053228 0.86293403351679443 0.029546623079309133 -0.002100829073848824 -0.12970240900863664 -0.0057328343938250065 0.051630149715080724 -0.29174908858191756 -0.51948956353323805 -0.078835736941283152 -0.23110004633378525 -0.72203572750091549 0.40091867414641791 -0.32201777983647895 -0.012076947857927093 -0.13399150227419532 -0.67573517796240357 0.081793918118536854 0.046914023211276211
leaf_weight=36 4828 1852 48 66 71 81934 32 693 41 21 28 646 20 387 48 633 436 332 140 35 832 104 20 55 39 680 522 57 159 222
leaf_count=36 4828 1852 48 66 71 81934 32 693 41 21 28 646 20 387 48 633 436 332 140 35 832 104 20 55 39 680 522 57 159 222
internal_value=-0.00105417 0.000714562 -0.0667578 0.0875406 -0.00354484 0.00337575 0.0495751 0.0422652 -0.141921 -0.00464297 -0.0841164 -0.130108 -0.0380426 -0.0501018 0.252321 -0.0702634 -0.0351589 -0.0272796 -0.0802667 -0.123752 -0.109502 -0.0167087 -0.000808432 -0.0586481 0.0889212 -0.0822033 -0.134895 -0.365797 0.00225525 -0.0789505
internal_weight=95017 92536 2481 247 199 84511 2577 2545 128 87 2234 1118 1116 1088 68 1020 472 8025 1339 1007 972 6686 4848 1838 253 1585 905 161 198 744
internal_count=95017 92536 2481 247 199 84511 2577 2545 128 87 2234 1118 1116 1088 68 1020 472 8025 1339 1007 972 6686 4848 1838 253 1585 905 161 198 744
cat_boundaries=0 9 19 28 37 38
cat_threshold=67141640 134742276 1107304464 536870913 1073873408 1141456900 536870916 6357008 67111040 824393792 2181173248 134217856 4096 6324356 4096 1296 536871168 159383618 4 1040 270598672 271581192 150994952 151069696 2097160 34111552 524290 4210952 0 524288 16 1 1073872896 1140867076 0 4259840 67108864 8
is_linear=0
shrinkage=0.05


Tree=222
num_leaves=31
num_cat=5
split_feature=9 9 0 5 1 0 1 9 9 3 3 7 8 1 7 2 1 9 5 4 5 2 1 4 7 5 0 2 2 3
split_gain=3851.91 2954.05 1827.76 3261.27 2540.68 2345.49 2306.01 2380.24 1742.16 1907.97 1724.15 1718.78 1628.59 1701.53 1975.76 2661.56 2231.79 2783.09 3716.26 3437.15 2490.33 2417.15 3265.01 2193.61 2000.91 1915.91 1864.85 3984.47 1693.05 1734.22
threshold=0 1 55.221228141234988 75.605482776278379 1.5000000000000002 54.591079007991091 17.500000000000004 2 3 81.675670764408679 62.049388490706306 50.131883645540718 3.5000000000000004 123.50000000000001 50.437375463475739 14.860389610389612 8.5000000000000018 4 46.095420523682158 330.50000000000006 32.930864530896606 30.738612836438929 5.5000000000000009 839.50000000000011 50.656377625070114 45.481174107858614 74.240732366765144 66.002487562189074 44.013888888888893 77.311278236377248
decision_type=9 9 8 10 2 10 2 9 9 8 10 10 2 2 10 8 2 9 10 2 8 8 2 2 10 8 10 10 10 10
left_child=2 -2 3 4 10 -6 7 -4 9 11 -1 -3 13 14 15 -13 17 23 19 -19 -21 22 -20 26 -22 -25 -16 -28 29 -17
right_child=1 8 6 -5 5 -7 -8 -9 -10 -11 -12 12 -14 -15 16 28 -18 18 21 20 24 -23 -24 25 -26 -27 27 -29 -30 -31
leaf_value=0.20152244008070716 -0.059371255015052832 -0.073923156059196735 -0.092702680858138944 0.7262783527374268 0.054133911689163129 0.58627942147709078 0.19968138817530962 0.073177936047315595 0.003813527360730957 0.19480112662109048 0.69021252773702146 -0.13582811735317868 0.12413302556974509 -0.14909739903626013 -0.15099264693416503 0.05142931865001385 -9.0097343260812815e-05 0.026263127487119176 0.14338279424929154 0.32630959816954358 -0.30281849093473023 0.0088557598082458274 0.79404123069778576 -0.1621102389863186 -0.015066751009638769 0.23225022747890273 -0.82057349031621762 -0.059947069837815239 -0.016353881284920425 -0.32492439477674423
leaf_weight=185 2039 1307 503 20 1483 21 134 365 79960 104 20 295 213 233 684 2428 1777 443 51 22 222 85 31 57 83 67 33 36 1879 31
leaf_count=185 2039 1307 503 20 1483 21 134 365 79960 104 20 295 213 233 684 2428 1777 443 51 22 222 85 31 57 83 67 33 36 1879 31
internal_value=0.00173151 -7.3838e-06 0.060141 0.0915002 0.0840716 0.0615641 0.0066293 -0.0231737 0.00134337 -0.0182337 0.2492 -0.0204726 -0.012415 -0.0158541 -0.0120791 0.00949698 -0.0399159 -0.0789293 -0.0179328 -0.0644972 -0.187454 0.195692 0.389363 -0.142272 -0.224512 0.0509716 -0.175984 -0.423725 0.0193796 0.0466847
internal_weight=94811 92080 2731 1729 1709 1504 1002 868 90041 10081 205 9977 8670 8457 8224 4633 3591 1814 937 770 327 167 82 877 305 124 753 69 4338 2459
internal_count=94811 92080 2731 1729 1709 1504 1002 868 90041 10081 205 9977 8670 8457 8224 4633 3591 1814 937 770 327 167 82 877 305 124 753 69 4338 2459
cat_boundaries=0 9 19 27 37 47
cat_threshold=67272776 2621472 2166784 2164260864 134283272 3221815296 2751463428 541065474 71827464 1156 151060480 1048576 8388608 1094717472 16801796 38305792 2148008965 679495680 2 72 0 69632 16777216 0 3221749760 4 536870912 285212672 2148852736 10757 135528448 1574145 134221824 268435792 16384 2147484672 4 0 32768 8196 0 257 0 16 0 1024 4
is_linear=0
shrinkage=0.05


end of trees

feature_importances:
subject=1739
hist_course_mean_difficulty=917
hist_professor_mean_difficulty=821
hist_course_mean_enrolled=604
hist_subject_mean_difficulty=546
hist_subject_offerings_count=514
hist_course_offerings_count=478
global_running_mean_difficulty=410
course_level=288
hist_professor_offerings_count=277
session=95
credits=1

parameters:
[boosting: gbdt]
[objective: regression]
[metric: l1]
[tree_learner: serial]
[device_type: cpu]
[data_sample_strategy: bagging]
[data: ]
[valid: ]
[num_iterations: 223]
[learning_rate: 0.05]
[num_leaves: 31]
[num_threads: 0]
[seed: 0]
[deterministic: 0]
[force_col_wise: 0]
[force_row_wise: 0]
[histogram_pool_size: -1]
[max_depth: -1]
[min_data_in_leaf: 20]
[min_sum_hessian_in_leaf: 0.001]
[bagging_fraction: 0.8]
[pos_bagging_fraction: 1]
[neg_bagging_fraction: 1]
[bagging_freq: 1]
[bagging_seed: 3]
[bagging_by_query: 0]
[feature_fraction: 0.8]
[feature_fraction_bynode: 1]
[feature_fraction_seed: 2]
[extra_trees: 0]
[extra_seed: 6]
[early_stopping_round: 0]
[early_stopping_min_delta: 0]
[first_metric_only: 0]
[max_delta_step: 0]
[lambda_l1: 0]
[lambda_l2: 0]
[linear_lambda: 0]
[min_gain_to_split: 0]
[drop_rate: 0.1]
[max_drop: 50]
[skip_drop: 0.5]
[xgboost_dart_mode: 0]
[uniform_drop: 0]
[drop_seed: 4]
[top_rate: 0.2]
[other_rate: 0.1]
[min_data_per_group: 100]
[max_cat_threshold: 32]
[cat_l2: 10]
[cat_smooth: 10]
[max_cat_to_onehot: 4]
[top_k: 20]
[monotone_constraints: ]
[monotone_constraints_method: basic]
[monotone_penalty: 0]
[feature_contri: ]
[forcedsplits_filename: ]
[refit_decay_rate: 0.9]
[cegb_tradeoff: 1]
[cegb_penalty_split: 0]
[cegb_penalty_feature_lazy: ]
[cegb_penalty_feature_coupled: ]
[path_smooth: 0]
[interaction_constraints: ]
[verbosity: -1]
[saved_feature_importance_type: 0]
[use_quantized_grad: 0]
[num_grad_quant_bins: 4]
[quant_train_renew_leaf: 0]
[stochastic_rounding: 1]
[linear_tree: 0]
[max_bin: 255]
[max_bin_by_feature: ]
[min_data_in_bin: 3]
[bin_construct_sample_cnt: 200000]
[data_random_seed: 1]
[is_enable_sparse: 1]
[enable_bundle: 1]
[use_missing: 1]
[zero_as_missing: 0]
[feature_pre_filter: 1]
[pre_partition: 0]
[two_round: 0]
[header: 0]
[label_column: ]
[weight_column: ]
[group_column: ]
[ignore_column: ]
[categorical_feature: 9,10,11]
[forcedbins_filename: ]
[precise_float_parser: 0]
[parser_config_file: ]
[objective_seed: 5]
[num_class: 1]
[is_unbalance: 0]
[scale_pos_weight: 1]
[sigmoid: 1]
[boost_from_average: 1]
[reg_sqrt: 0]
[alpha: 0.9]
[fair_c: 1]
[poisson_max_delta_step: 0.7]
[tweedie_variance_power: 1.5]
[lambdarank_truncation_level: 30]
[lambdarank_norm: 1]
[label_gain: ]
[lambdarank_position_bias_regularization: 0]
[eval_at: ]
[multi_error_top_k: 1]
[auc_mu_weights: ]
[num_machines: 1]
[local_listen_port: 12400]
[time_out: 120]
[machine_list_filename: ]
[machines: ]
[gpu_platform_id: -1]
[gpu_device_id: -1]
[gpu_device_id_list: ]
[gpu_use_dp: 0]
[num_gpu: 1]

end of parameters

pandas_categorical:[["AANB", "ACAM", "ADED", "ADHE", "AFST", "AGEC", "AGRO", "AGSC", "ANAE", "ANAT", "ANSC", "ANTH", "APBI", "APPP", "APSC", "ARBC", "ARCH", "ARCL", "ARST", "ARTE", "ARTH", "ARTS", "ASIA", "ASIC", "ASTR", "ASTU", "ATSC", "AUDI", "BA", "BAAC", "BABS", "BAEN", "BAFI", "BAHC", "BAHR", "BAIM", "BAIT", "BALA", "BAMA", "BAMS", "BAPA", "BASC", "BASD", "BASM", "BATL", "BATM", "BAUL", "BIOC", "BIOE", "BIOF", "BIOL", "BMEG", "BOTA", "BUED", "BUSI", "CAPS", "CCFI", "CCST", "CDSC", "CDST", "CEEN", "CELL", "CENS", "CHBE", "CHEM", "CHIL", "CHIN", "CHML", "CICS", "CIVL", "CLCH", "CLST", "CNPS", "CNRS", "CNTO", "COEC", "COGS", "COHR", "COML", "COMM", "CONS", "CPEN", "CPSC", "CRWR", "CSED", "CSIS", "CUST", "DANI", "DENT", "DHYG", "DPAS", "DRAM", "DSCI", "EADM", "ECED", "ECON", "EDCI", "EDCP", "EDST", "EDUC", "EECE", "ELEC", "EMBA", "EMER", "ENDS", "ENED", "ENGL", "ENPH", "ENVR", "EOSC", "EPSE", "ERTH", "ETEC", "FDNS", "FEBC", "FHIS", "FILM", "FINA", "FIPR", "FISH", "FIST", "FMED", "FMPR", "FMSC", "FMST", "FNEL", "FNH", "FNIS", "FNLG", "FNSP", "FOOD", "FOPR", "FPEN", "FRE", "FREN", "FRSI", "FRST", "GENE", "GEOB", "GEOG", "GEOL", "GEOP", "GEPA", "GERM", "GPP", "GREK", "GRS", "GRSJ", "GSAT", "HCEC", "HCEP", "HCET", "HEBR", "HECO", "HESO", "HGSE", "HIED", "HIND", "HINU", "HIST", "HKIN", "HMEC", "HMED", "HUNU", "HXAH", "HXEC", "HXEN", "HXHI", "HXPH", "HXPS", "HXSP", "IAR", "IEST", "IGEN", "IHHS", "INDE", "INDO", "INDS", "INFO", "ISCI", "ITAL", "ITST", "IWME", "JAPN", "JRNL", "KIN", "KORN", "LANE", "LARC", "LASO", "LAST", "LATN", "LAW", "LFS", "LIBE", "LIBR", "LING", "LLED", "MAED", "MATH", "MDVL", "MECH", "MEDG", "MEDH", "MEDI", "MGMT", "MICB", "MIDW", "MINE", "MLED", "MMAT", "MMPE", "MRNE", "MTRL", "MUED", "MUSC", "NAME", "NEST", "NRSC", "NURS", "OBMS", "OBST", "OCCH", "OCGY", "OHS", "OMSS", "ONCO", "OPTH", "ORBI", "ORNT", "ORPA", "PAED", "PATH", "PCTH", "PERS", "PETE", "PHAR", "PHIL", "PHRM", "PHTH", "PHYL", "PHYS", "PLAN", "PLNT", "POLI", "POLS", "PORT", "PRIN", "PSYC", "PSYT", "PUNJ", "RADI", "READ", "RELG", "RES", "RGLA", "RGLT", "RHSC", "RMES", "RMST", "RSOT", "RSPT", "RUSS", "SANS", "SCAN", "SCED", "SCIE", "SLAV", "SOAL", "SOCI", "SOIL", "SOWK", "SPAN", "SPHA", "SPPH", "SSED", "STAT", "STS", "SURG", "SWED", "THTR", "TIBT", "TSED", "UDES", "UFOR", "URST", "URSY", "VANT", "VISA", "VRHC", "WMST", "WOOD", "WRDS", "ZOOL"], ["0", "100", "200", "300", "400", "500", "600"], ["S", "W"]]
